id,sku,product_name,price,original_price,discount,discount_rate,rating_average,review_count,quantity_sold_value,inventory_status,inventory_type,brand_id,brand_name,brand_slug,seller_id,seller_name,seller_store_id,category_id,category_name,snapshot_date,has_sold,quantity_sold_value_filled,possibly_delisted,reference_price,discount_rate_calc,discount_rate_diff,discount_rate_mismatch,price_bucket,discount_bucket,subcategory_proxy,crawled_review_count
359479,1839478484680,Máy Đánh Trứng Bluestone HMB-6333S (300W) - Hàng chính hãng,551000,829000,278000,34,4.7,1232,12028.0,available,instock,18977,Bluestone,bluestone,1.0,Tiki Trading,40395.0,1882.0,Điện Gia Dụng,2026-08-15,True,12028.0,False,829000,33.53437876960193,0.4656212303980709,False,300-700k,30-50%,Máy đánh trứng,1245
368305,1898506012998,Nồi Cơm Điện Nắp Rời Sharp KSH-D22V - Màu Ngẫu Nhiên - Hàng chính hãng,756000,950000,194000,20,4.5,40,267.0,available,instock,19912,Sharp,sharp,1.0,Tiki Trading,40395.0,1343.0,CHƯƠNG TRÌNH KHUYẾN MẠI KHÁC,2026-08-15,True,267.0,False,950000,20.42105263157895,0.4210526315789487,False,700k-1.5tr,10-20%,Nồi cơm điện,48
368309,1898129568186,Nồi Cơm Điện Nắp Rời Sharp KSH-D55V (5L) - Trắng - Hàng chính hãng,2061000,2600000,539000,21,4.6,47,248.0,available,instock,19912,Sharp,sharp,1.0,Tiki Trading,40395.0,1882.0,Điện Gia Dụng,2026-08-15,True,248.0,False,2600000,20.73076923076923,0.26923076923077005,False,>1.5tr,20-30%,Nồi cơm điện,59
374109,1892941762784,Nồi Cơm Điện Cuckoo CR-1021 - 1.8L - Hàng Chính Hãng,1490000,2310000,820000,35,4.5,10,69.0,available,instock,20439,Cuckoo,cuckoo,1.0,Tiki Trading,40395.0,1882.0,Điện Gia Dụng,2026-08-15,True,69.0,False,2310000,35.4978354978355,0.49783549783550285,False,700k-1.5tr,30-50%,Nồi cơm điện,17
392729,1817659204661,Máy Ép Trái Cây Philips HR1811 (300W) - Trắng Xanh - Hàng chính hãng,932000,1449000,517000,36,4.5,371,3608.0,available,instock,19018,Philips,philips,1.0,Tiki Trading,40395.0,67132.0,Máy ép nhanh,2026-08-15,True,3608.0,False,1449000,35.67977915804003,0.3202208419599728,False,700k-1.5tr,30-50%,Máy ép,400
392839,1795445226991,Bình Đun Siêu Tốc Philips HD9303 (1.2 Lít) - Hàng chính hãng,494000,630000,136000,22,4.6,236,3037.0,available,instock,19018,Philips,philips,1.0,Tiki Trading,40395.0,1931.0,Bình đun siêu tốc,2026-08-15,True,3037.0,False,630000,21.58730158730159,0.41269841269841123,False,300-700k,20-30%,Ấm đun nước/Bình siêu tốc,265
392842,1792656340485,Bình Đun Siêu Tốc Philips HD9306 (1.5L) - Hàng chính hãng,738000,738000,0,0,5.0,3,29.0,available,instock,19018,Philips,philips,138278.0,AM MART,127693.0,1882.0,Điện Gia Dụng,2026-08-15,True,29.0,False,738000,0.0,0.0,False,700k-1.5tr,0%,Ấm đun nước/Bình siêu tốc,170
392857,1791357074941,Bình Đun Siêu Tốc Philips HD9316 (1.7L) - Hàng chính hãng,906000,1249000,343000,27,4.6,130,830.0,available,instock,19018,Philips,philips,1.0,Tiki Trading,40395.0,1931.0,Bình đun siêu tốc,2026-08-15,True,830.0,False,1249000,27.46196957566053,0.4619695756605289,False,700k-1.5tr,20-30%,Ấm đun nước/Bình siêu tốc,155
393735,1899037507212,Nồi Cơm Điện Midea CM06SA (0.6 Lít) - Hàng Chính Hãng,489000,1271000,782000,62,4.6,438,4317.0,available,instock,21541,Midea,midea,1.0,Tiki Trading,40395.0,1882.0,Điện Gia Dụng,2026-08-15,True,4317.0,False,1271000,61.52635719905586,0.47364280094414113,False,300-700k,>50%,Nồi cơm điện,465
394854,1841868476694,Máy Vắt Cam Philips HR2738/00 25W - Hàng chính hãng,545000,659000,114000,17,4.7,1154,13470.0,available,instock,19018,Philips,philips,1.0,Tiki Trading,40395.0,1882.0,Điện Gia Dụng,2026-08-15,True,13470.0,False,659000,17.298937784522003,0.29893778452200337,False,300-700k,10-20%,Khác / Chưa phân loại,1180
403315,1889637835501,Vỉ Nướng Để Bàn Tiross TS966 - Hàng chính hãng ,960000,960000,0,0,0.0,0,,available,backorder,25706,Tiross,tiross,99996.0,Tiross Hà Nội,92694.0,1882.0,Điện Gia Dụng,2026-08-15,False,0.0,False,960000,0.0,0.0,False,700k-1.5tr,0%,Khác / Chưa phân loại,0
403433,1959344515260,Máy Làm Bánh Mì Tiross TS820 - Hàng chính hãng,1999000,1999000,0,0,0.0,0,2.0,available,backorder,25706,Tiross,tiross,99996.0,Tiross Hà Nội,92694.0,2.0,Root,2026-08-15,True,2.0,False,1999000,0.0,0.0,False,>1.5tr,0%,Máy làm bánh mì,0
403444,1773173824207,Máy Pha Cà Phê Espresso Tiross TS620 - Hàng Chính Hãng,1199000,1199000,0,0,5.0,1,7.0,available,backorder,25706,Tiross,tiross,99996.0,Tiross Hà Nội,92694.0,1882.0,Điện Gia Dụng,2026-08-15,True,7.0,False,1199000,0.0,0.0,False,700k-1.5tr,0%,Máy pha cà phê,30
403455,1955029723289,Kẹp Nướng Sandwich Tiross TS514 (750W) - Hàng Chính Hãng,559000,559000,0,0,0.0,0,3.0,available,backorder,25706,Tiross,tiross,99996.0,Tiross Hà Nội,92694.0,1882.0,Điện Gia Dụng,2026-08-15,True,3.0,False,559000,0.0,0.0,False,300-700k,0%,Khác / Chưa phân loại,0
405069,1950830647076,Máy Làm Bánh Mì Tiross 12 Chức Năng TS821 (600W) - Hàng chính hãng,2299000,2299000,0,0,0.0,0,3.0,available,backorder,25706,Tiross,tiross,99996.0,Tiross Hà Nội,92694.0,1882.0,Điện Gia Dụng,2026-08-15,True,3.0,False,2299000,0.0,0.0,False,>1.5tr,0%,Máy làm bánh mì,0
406692,1812018521045, Máy Ép Trái Cây Philips HR1863/20 (800W) - Hàng chính hãng,2690000,2690000,0,0,0.0,0,,available,backorder,19018,Philips,philips,184067.0,Siêu Thị Điện Máy Từ Sơn,171102.0,1882.0,Điện Gia Dụng,2026-08-15,False,0.0,False,2690000,0.0,0.0,False,>1.5tr,0%,Máy ép,0
414530,1808784919988,Máy Xay Sinh Tố Bluestone BLB-5365 - Hàng chính hãng,2011000,2100000,89000,4,0.0,0,1.0,available,backorder,18977,Bluestone,bluestone,12063.0,Điện Máy Phú Sĩ,11732.0,1882.0,Điện Gia Dụng,2026-08-15,True,1.0,False,2100000,4.238095238095238,0.23809523809523814,False,>1.5tr,0-10%,Máy xay,0
419093,1800914670585,Máy Xay Cầm Tay Bosch - MSM64110,1490000,1490000,0,0,0.0,0,,available,backorder,25229,Bosch,bosch,20256.0,Telovietnam,19746.0,2.0,Root,2026-08-15,False,0.0,False,1490000,0.0,0.0,False,700k-1.5tr,0%,Máy xay,0
419160,1856714588599,Máy Xay Thịt Bosch MMR08R2 - Hàng chính hãng,1490000,1490000,0,0,5.0,1,5.0,available,backorder,25229,Bosch,bosch,20256.0,Telovietnam,19746.0,1882.0,Điện Gia Dụng,2026-08-15,True,5.0,False,1490000,0.0,0.0,False,700k-1.5tr,0%,Máy xay,28
420332,1787375805551,Bình Thủy Điện Toshiba PLK-45SF(WT)VN (4.5L) - Hàng chính hãng,2490000,2490000,0,0,0.0,0,0.0,available,backorder,18634,Toshiba,toshiba,78755.0,Bepnhatoi,73403.0,1882.0,Điện Gia Dụng,2026-08-15,True,0.0,False,2490000,0.0,0.0,False,>1.5tr,0%,Bình giữ nhiệt,0
444408,2040017754587,Nồi Áp Suất Điện Tử Philips HD2136 (5 Lít) - Hàng Chính Hãng,2694000,2694000,0,0,0.0,0,12.0,available,instock,19018,Philips,philips,138278.0,AM MART,127693.0,1882.0,Điện Gia Dụng,2026-08-15,True,12.0,False,2694000,0.0,0.0,False,>1.5tr,0%,Nồi áp suất,0
445160,1871142657341,Lò Nướng Thủy Tinh Sanaky VH-188D - Hàng chính hãng,1990000,1990000,0,0,0.0,0,,available,backorder,40633,Sanaky,sanaky,292953.0,ĐIỆN MÁY TẤN TÀI,280276.0,2.0,Root,2026-08-15,False,0.0,False,1990000,0.0,0.0,False,>1.5tr,0%,Lò vi sóng/nướng,0
446355,1783381134340,Bình Thủy Điện Zojirushi ZOBT-CD-LCQ50-WG – 5.0 L - Hàng chính hãng,4700000,4700000,0,0,0.0,0,,available,backorder,40722,Zojirushi,zojirushi,20256.0,Telovietnam,19746.0,2.0,Root,2026-08-15,False,0.0,False,4700000,0.0,0.0,False,>1.5tr,0%,Bình giữ nhiệt,0
449023,1802486933327,Máy Xay Sinh Tố Đa Năng Sunhouse SHD5322 (220W) Màu đen - Hàng chính hãng,679496,679496,0,0,0.0,0,,available,backorder,41048,Sunhouse,sunhouse,247324.0,Cửa hàng Phương Phương,234356.0,1882.0,Điện Gia Dụng,2026-08-15,False,0.0,False,679496,0.0,0.0,False,300-700k,0%,Máy xay,0
449129,1789747387283,Bình Thủy Điện Sunhouse SHD1542 (4.2 lít) - Hàng chính hãng,1620000,1620000,0,0,0.0,0,,available,backorder,41048,Sunhouse,sunhouse,307706.0,LYTY SHOP,295262.0,1882.0,Điện Gia Dụng,2026-08-15,False,0.0,False,1620000,0.0,0.0,False,>1.5tr,0%,Bình giữ nhiệt,0
449132,1781906537263,Bình Thủy Điện Sunhouse SH1530 (3 lít) - Hàng chính hãng,1000000,1000000,0,0,0.0,0,,available,backorder,41048,Sunhouse,sunhouse,11119.0,GIA DỤNG VIỆT,10842.0,1932.0,Bình thủy điện,2026-08-15,False,0.0,False,1000000,0.0,0.0,False,700k-1.5tr,0%,Khác / Chưa phân loại,0
452600,1808717750602,Máy Xay Cầm Tay Panasonic PASO-MX-GS1WRA - Hàng chính hãng,990000,990000,0,0,5.0,1,2.0,available,backorder,18804,Panasonic,panasonic,184067.0,Siêu Thị Điện Máy Từ Sơn,171102.0,1343.0,CHƯƠNG TRÌNH KHUYẾN MẠI KHÁC,2026-08-15,True,2.0,False,990000,0.0,0.0,False,700k-1.5tr,0%,Máy xay,32
456000,1898149655651,Nồi Cơm Điện Sharp KS-N181ETV SL - 1.8L (Trắng) - Hàng chính hãng,1037000,1562500,525500,34,5.0,3,24.0,available,instock,19912,Sharp,sharp,1.0,Tiki Trading,40395.0,1343.0,CHƯƠNG TRÌNH KHUYẾN MẠI KHÁC,2026-08-15,True,24.0,False,1562500,33.632,0.3680000000000021,False,700k-1.5tr,30-50%,Nồi cơm điện,3
456015,1897387544673,Nồi Cơm Điện Sharp KS-NR181STV SS - 1.8 Lít - Hàng chính hãng,1277000,1450000,173000,12,4.2,45,408.0,available,instock,19912,Sharp,sharp,1.0,Tiki Trading,40395.0,1882.0,Điện Gia Dụng,2026-08-15,True,408.0,False,1450000,11.931034482758621,0.068965517241379,False,700k-1.5tr,10-20%,Nồi cơm điện,52
456029,1890606583606,Nồi Cơm Điện Sharp KS-N191ETV SB - 1.8 Lít - Hàng chính hãng,1037000,1562500,525500,34,4.6,5,34.0,available,instock,19912,Sharp,sharp,1.0,Tiki Trading,40395.0,2.0,Root,2026-08-15,True,34.0,False,1562500,33.632,0.3680000000000021,False,700k-1.5tr,30-50%,Nồi cơm điện,10
456031,1893343246971,Nồi Cơm Điện Sharp KS-N192ETV SP - 1.8 Lít - Hàng chính hãng,1037000,1511250,474250,31,4.0,5,33.0,available,instock,19912,Sharp,sharp,1.0,Tiki Trading,40395.0,1882.0,Điện Gia Dụng,2026-08-15,True,33.0,False,1511250,31.381306865177834,0.38130686517783374,False,700k-1.5tr,30-50%,Nồi cơm điện,8
465036,1818749018793,Máy Ép Chậm Panasonic PAVH-MJ-L500SRA-Hàng Chính Hãng,5490000,5490000,0,0,0.0,0,2.0,available,backorder,18804,Panasonic,panasonic,184067.0,Siêu Thị Điện Máy Từ Sơn,171102.0,1882.0,Điện Gia Dụng,2026-08-15,True,2.0,False,5490000,0.0,0.0,False,>1.5tr,0%,Máy ép,0
466055,1798980391384,Ấm Siêu Tốc Du Lịch Tiross TS486 1.7L - Hàng chính hãng,590000,590000,0,0,0.0,0,,available,backorder,25706,Tiross,tiross,99996.0,Tiross Hà Nội,92694.0,2.0,Root,2026-08-15,False,0.0,False,590000,0.0,0.0,False,300-700k,0%,Ấm đun nước/Bình siêu tốc,0
466101,1790239909302,Ấm Đun Siêu Tốc Tiross TS498 1.7L - Hàng chính hãng,799000,799000,0,0,0.0,0,,available,backorder,25706,Tiross,tiross,99996.0,Tiross Hà Nội,92694.0,2.0,Root,2026-08-15,False,0.0,False,799000,0.0,0.0,False,700k-1.5tr,0%,Ấm đun nước/Bình siêu tốc,0
466185,1853196994313,Máy Xay Thịt 2 Lưỡi Dao Kép Tiross TS5249 1.2L - Hàng chính hãng,699000,699000,0,0,0.0,0,,available,backorder,25706,Tiross,tiross,99996.0,Tiross Hà Nội,92694.0,2.0,Root,2026-08-15,False,0.0,False,699000,0.0,0.0,False,300-700k,0%,Máy xay,0
476959,1819864872765,Máy Ép Trái Cây Tốc Độ Chậm Nguyên Trái Iruka I-52 (150W) - Hàng chính hãng,2524000,3990000,1466000,37,3.8,91,751.0,available,instock,31703,Iruka,iruka,1.0,Tiki Trading,40395.0,1882.0,Điện Gia Dụng,2026-08-15,True,751.0,False,3990000,36.74185463659148,0.25814536340851646,False,>1.5tr,30-50%,Máy ép,99
488829,1840269504753,Máy Vắt Cam Braun CJ 3000 - Trắng - Hàng Chính Hãng,471000,699000,228000,33,5.0,25,171.0,available,instock,48649,Braun,braun,1.0,Tiki Trading,40395.0,1343.0,CHƯƠNG TRÌNH KHUYẾN MẠI KHÁC,2026-08-15,True,171.0,False,699000,32.61802575107296,0.3819742489270368,False,300-700k,30-50%,Khác / Chưa phân loại,34
488831,1849426193687,Máy Vắt Cam Braun CJ 3050 - Trắng - Hàng Chính Hãng,999000,999000,0,0,4.5,7,64.0,available,instock,48649,Braun,braun,1.0,Tiki Trading,40395.0,1343.0,CHƯƠNG TRÌNH KHUYẾN MẠI KHÁC,2026-08-15,True,64.0,False,999000,0.0,0.0,False,700k-1.5tr,0%,Khác / Chưa phân loại,12
509870,1792154551222,"Ấm Đun Nước Electrolux EEK3505 - 1,7L (Đen) - Hàng chính hãng",1200000,1200000,0,0,0.0,0,,available,backorder,19050,Electrolux,electrolux,292953.0,ĐIỆN MÁY TẤN TÀI,280276.0,1882.0,Điện Gia Dụng,2026-08-15,False,0.0,False,1200000,0.0,0.0,False,700k-1.5tr,0%,Ấm đun nước/Bình siêu tốc,0
510494,1872952941255,Lò Nướng Halogen Tiross TS9601 - 9L (Trắng) - Hàng chính hãng,799000,799000,0,0,0.0,0,11.0,available,backorder,25706,Tiross,tiross,99996.0,Tiross Hà Nội,92694.0,2.0,Root,2026-08-15,True,11.0,False,799000,0.0,0.0,False,700k-1.5tr,0%,Lò vi sóng/nướng,0
510501,1876291997560,Lò Nướng Tiross TS9602 - 40L (Đen) - Hàng chính hãng,2299000,2299000,0,0,0.0,0,,available,backorder,25706,Tiross,tiross,99996.0,Tiross Hà Nội,92694.0,2.0,Root,2026-08-15,False,0.0,False,2299000,0.0,0.0,False,>1.5tr,0%,Lò vi sóng/nướng,0
510506,1873926291772,Lò Nướng Tiross TS9603 - 50L (Đen) - Hàng chính hãng,2399000,2399000,0,0,0.0,0,,available,backorder,25706,Tiross,tiross,99996.0,Tiross Hà Nội,92694.0,2.0,Root,2026-08-15,False,0.0,False,2399000,0.0,0.0,False,>1.5tr,0%,Lò vi sóng/nướng,0
510523,1931744110948,Nồi Chiên Không Khí Đa Năng Tiross TS903 - 11L (Đỏ Đen) - Hàng chính hãng,2099000,2099000,0,0,0.0,0,1.0,available,backorder,25706,Tiross,tiross,99996.0,Tiross Hà Nội,92694.0,1882.0,Điện Gia Dụng,2026-08-15,True,1.0,False,2099000,0.0,0.0,False,>1.5tr,0%,Nồi/Chảo (khác),0
516296,1899543148190,Nồi Cơm Điện Electrolux ERC3405 - 1.8L (Trắng Vàng Đồng) - Hàng chính hãng,1193000,1400000,207000,15,0.0,0,,available,backorder,19050,Electrolux,electrolux,12063.0,Điện Máy Phú Sĩ,11732.0,1882.0,Điện Gia Dụng,2026-08-15,False,0.0,False,1400000,14.785714285714285,0.2142857142857153,False,700k-1.5tr,10-20%,Khác / Chưa phân loại,0
530774,1987689927967,Bếp Hồng Ngoại Sunhouse SHD6011 (2000W) - Đen- hàng chính hãng,558000,890000,332000,37,4.7,2725,13677.0,available,instock,41048,Sunhouse,sunhouse,1.0,Tiki Trading,40395.0,1882.0,Điện Gia Dụng,2026-08-15,True,13677.0,False,890000,37.30337078651685,0.3033707865168509,False,300-700k,30-50%,Bếp điện/từ,2750
548440,1895131185332,Nồi Cơm Điện Nắp Gài Cuckoo CR- 0661 màu cam - 1L - Hàng Chính Hãng,1356000,2030000,674000,33,3.8,10,73.0,available,instock,20439,Cuckoo,cuckoo,1.0,Tiki Trading,40395.0,2.0,Root,2026-08-15,True,73.0,False,2030000,33.20197044334975,0.2019704433497509,False,700k-1.5tr,30-50%,Nồi cơm điện,21
548599,1777835653808,Máy Pha Cà Phê Espresso Tiross TS-621 (4 bar) - Hàng Chính Hãng,1099000,1099000,0,0,4.8,6,32.0,available,backorder,25706,Tiross,tiross,99996.0,Tiross Hà Nội,92694.0,1882.0,Điện Gia Dụng,2026-08-15,True,32.0,False,1099000,0.0,0.0,False,700k-1.5tr,0%,Máy pha cà phê,35
548778,1897380510118,Nồi Cơm Áp Suất Điện Tử Cuckoo CRP-G1015M - 1.8L (Đỏ) - Hàng Chính Hãng,3250000,3250000,0,0,0.0,0,,available,backorder,20439,Cuckoo,cuckoo,35320.0,Cuckoo Vietnam,34606.0,2.0,Root,2026-08-15,False,0.0,False,3250000,0.0,0.0,False,>1.5tr,0%,Nồi cơm điện,0
556264,1899995204734,Nồi Cơm Điện Tử Tiger JAX-S10W - 1L - Hàng Chính Hãng,3779000,5499000,1720000,31,0.0,0,,available,backorder,79440,Tiger,tiger,218.0,Gia Khang,178.0,1882.0,Điện Gia Dụng,2026-08-15,False,0.0,False,5499000,31.27841425713766,0.27841425713765844,False,>1.5tr,30-50%,Nồi cơm điện,0
556283,1897253414291,Nồi Cơm Điện Tử Tiger JBV-S10W - 1 Lít - Hàng Chính Hãng,3600000,3600000,0,0,0.0,0,0.0,available,backorder,79440,Tiger,tiger,76535.0,Thế Giới Nồi Cơm Điện,71406.0,1882.0,Điện Gia Dụng,2026-08-15,True,0.0,False,3600000,0.0,0.0,False,>1.5tr,0%,Nồi cơm điện,0
556320,1899481838528,Nồi Cơm Điện Tử Tiger JBV-S18W - 1.8 Lít - Hàng Chính Hãng,3900000,3900000,0,0,0.0,0,0.0,available,backorder,79440,Tiger,tiger,76535.0,Thế Giới Nồi Cơm Điện,71406.0,1882.0,Điện Gia Dụng,2026-08-15,True,0.0,False,3900000,0.0,0.0,False,>1.5tr,0%,Nồi cơm điện,0
556576,1899125176382,Nồi Cơm Điện Tử Tiger JKW-A18W - 1.8L - Hàng chính hãng,7900000,7900000,0,0,0.0,0,,available,backorder,79440,Tiger,tiger,76535.0,Thế Giới Nồi Cơm Điện,71406.0,1882.0,Điện Gia Dụng,2026-08-15,False,0.0,False,7900000,0.0,0.0,False,>1.5tr,0%,Nồi cơm điện,0
556615,1899155272580,Nồi Cơm Điện Nắp Gài Tiger JNP-1000 - 1L (Trắng) - Hàng chính hãng,2569000,3800000,1231000,32,0.0,0,,available,backorder,79440,Tiger,tiger,218.0,Gia Khang,178.0,1882.0,Điện Gia Dụng,2026-08-15,False,0.0,False,3800000,32.39473684210527,0.39473684210526727,False,>1.5tr,30-50%,Nồi cơm điện,0
556621,1895871037410,Nồi Cơm Điện Nắp Gài Tiger JNP-1800 - 1.8L (Hồng) - Hàng Chính Hãng,3890000,3890000,0,0,0.0,0,,available,backorder,79440,Tiger,tiger,78755.0,Bepnhatoi,73403.0,2.0,Root,2026-08-15,False,0.0,False,3890000,0.0,0.0,False,>1.5tr,0%,Nồi cơm điện,0
556623,1899352106794,Nồi Cơm Điện Nắp Gài Tiger JNP-1803 - 1.8L - Hàng Chính Hãng,3990000,3990000,0,0,0.0,0,,available,backorder,79440,Tiger,tiger,78755.0,Bepnhatoi,73403.0,1882.0,Điện Gia Dụng,2026-08-15,False,0.0,False,3990000,0.0,0.0,False,>1.5tr,0%,Nồi cơm điện,0
556667,1898207015748,Nồi Cơm Điện Nắp Gài Tiger JNP-1800 - 1.8L (Trắng) - Hàng Chính Hãng,2690000,2690000,0,0,0.0,0,,available,backorder,79440,Tiger,tiger,184067.0,Siêu Thị Điện Máy Từ Sơn,171102.0,2.0,Root,2026-08-15,False,0.0,False,2690000,0.0,0.0,False,>1.5tr,0%,Nồi cơm điện,0
556696,1894076836989,Nồi Cơm Điện Tiger JNO-B36W - 3.6L - Hàng Chính Hãng,7999000,13700000,5701000,42,0.0,0,,available,backorder,79440,Tiger,tiger,292953.0,ĐIỆN MÁY TẤN TÀI,280276.0,1882.0,Điện Gia Dụng,2026-08-15,False,0.0,False,13700000,41.613138686131386,0.38686131386861433,False,>1.5tr,30-50%,Nồi cơm điện,0
557124,1789411926695,Bình Thủy Điện Tử Tiger PVW-B30W - 2.91L - Hàng Chính Hãng,4649000,6799000,2150000,32,0.0,0,,available,backorder,79440,Tiger,tiger,218.0,Gia Khang,178.0,1882.0,Điện Gia Dụng,2026-08-15,False,0.0,False,6799000,31.62229739667598,0.37770260332402117,False,>1.5tr,30-50%,Bình giữ nhiệt,0
557146,1783784265412,Bình Thủy Điện Tử Tiger PDR-S40W - 4L - Hàng Chính Hãng,4690000,4690000,0,0,0.0,0,1.0,available,backorder,79440,Tiger,tiger,78755.0,Bepnhatoi,73403.0,2.0,Root,2026-08-15,True,1.0,False,4690000,0.0,0.0,False,>1.5tr,0%,Bình giữ nhiệt,0
557166,1787785880223,Bình Thủy Điện Tử Tiger PDU-A50W - 5L - Hàng Chính Hãng,5690000,5690000,0,0,0.0,0,2.0,available,backorder,79440,Tiger,tiger,78755.0,Bepnhatoi,73403.0,1882.0,Điện Gia Dụng,2026-08-15,True,2.0,False,5690000,0.0,0.0,False,>1.5tr,0%,Bình giữ nhiệt,0
557855,2049972175611,Nồi Áp Suất Đa Năng Sunhouse DNDSHD1552 - 5L (Đỏ Đen) - Hàng chính hãng,1085000,1085000,0,0,5.0,2,5.0,available,backorder,41048,Sunhouse,sunhouse,247324.0,Cửa hàng Phương Phương,234356.0,2.0,Root,2026-08-15,True,5.0,False,1085000,0.0,0.0,False,700k-1.5tr,0%,Nồi áp suất,14
558182,1805265128891,Máy Xay Sinh Tố Poongnyun SMKANB-4000 - Hàng chính hãng,6990000,6990000,0,0,0.0,0,1.0,available,backorder,34197,PoongNyun,poongnyun,78755.0,Bepnhatoi,73403.0,1882.0,Điện Gia Dụng,2026-08-15,True,1.0,False,6990000,0.0,0.0,False,>1.5tr,0%,Máy xay,0
558317,1884658849148,Vỉ Nướng Điện Kochstar KSEWG-1000,5290000,5290000,0,0,0.0,0,,available,backorder,79645,Kochstar,kochstar-,78755.0,Bepnhatoi,73403.0,1882.0,Điện Gia Dụng,2026-08-15,False,0.0,False,5290000,0.0,0.0,False,>1.5tr,0%,Khác / Chưa phân loại,0
558345,1800171718822,Máy Xay Sinh Tố Kochstar KSEBD-1000 - Hàng Chính Hãng,2390000,2390000,0,0,0.0,0,,available,backorder,79645,Kochstar,kochstar-,78755.0,Bepnhatoi,73403.0,1882.0,Điện Gia Dụng,2026-08-15,False,0.0,False,2390000,0.0,0.0,False,>1.5tr,0%,Máy xay,0
558349,1809442082792,Máy Xay Sinh Tố Cầm Tay Kochstar KSEHB-1000,3598000,3598000,0,0,0.0,0,1.0,available,backorder,79645,Kochstar,kochstar-,78755.0,Bepnhatoi,73403.0,1882.0,Điện Gia Dụng,2026-08-15,True,1.0,False,3598000,0.0,0.0,False,>1.5tr,0%,Máy xay,0
558436,1879128879435,Lò Nướng Thủy Tinh Tiger Queen AX-777MV - 11L - Màu Ngẫu Nhiên - Hàng Chính Hãng,2890000,2890000,0,0,5.0,1,2.0,available,backorder,79661,Tiger Queen,tiger-queen,204276.0,Tiger Queen Official Store,191309.0,1882.0,Điện Gia Dụng,2026-08-15,True,2.0,False,2890000,0.0,0.0,False,>1.5tr,0%,Lò vi sóng/nướng,8
558494,1870505893457,Lò Nướng Thủy Tinh Bằng Đèn Halogen Tiger Queen AX-787MHV - 11L - Hàng Chính Hãng,2990000,2990000,0,0,0.0,0,,available,backorder,79661,Tiger Queen,tiger-queen,78755.0,Bepnhatoi,73403.0,1882.0,Điện Gia Dụng,2026-08-15,False,0.0,False,2990000,0.0,0.0,False,>1.5tr,0%,Lò vi sóng/nướng,0
558616,1885118435321,Vỉ Nướng Điện Tiger Queen SQ-G700,2590000,2590000,0,0,0.0,0,,available,backorder,79661,Tiger Queen,tiger-queen,78755.0,Bepnhatoi,73403.0,1882.0,Điện Gia Dụng,2026-08-15,False,0.0,False,2590000,0.0,0.0,False,>1.5tr,0%,Khác / Chưa phân loại,0
558698,1886075577949,Vỉ Nướng Điện Tiger Queen SQ-S700 - Hàng chính hãng,2190000,2190000,0,0,0.0,0,1.0,available,backorder,79661,Tiger Queen,tiger-queen,78755.0,Bepnhatoi,73403.0,1882.0,Điện Gia Dụng,2026-08-15,True,1.0,False,2190000,0.0,0.0,False,>1.5tr,0%,Khác / Chưa phân loại,0
558909,1988583484778,Bếp Đôi Hồng Ngoại Tiger Queen SQ- 350T  - Hàng chính hãng,16990000,16990000,0,0,0.0,0,,available,backorder,79661,Tiger Queen,tiger-queen,78755.0,Bepnhatoi,73403.0,1882.0,Điện Gia Dụng,2026-08-15,False,0.0,False,16990000,0.0,0.0,False,>1.5tr,0%,Khác / Chưa phân loại,0
558988,1816418666658,Máy Ép Trái Cây Kuvings NJM-9010GR - Hàng Chính Hãng,4499000,5990000,1491000,25,0.0,0,1.0,available,backorder,41435,Kuvings,kuvings,78755.0,Bepnhatoi,73403.0,1882.0,Điện Gia Dụng,2026-08-15,True,1.0,False,5990000,24.891485809682802,0.108514190317198,False,>1.5tr,20-30%,Máy ép,0
559039,1819535325859,Máy Ép Chậm Kuvings NS-621CBM2 (Bạc) - Hàng Chính Hãng,7135000,13490000,6355000,47,3.0,1,40.0,available,instock,41435,Kuvings,kuvings,1.0,Tiki Trading,40395.0,1882.0,Điện Gia Dụng,2026-08-15,True,40.0,False,13490000,47.10896960711638,0.1089696071163786,False,>1.5tr,30-50%,Máy ép,1
559180,1814231572224,Máy Ép Chậm Kuvings NS-321CBM2 (Đỏ) - Hàng Chính Hãng,8155000,15490000,7335000,47,4.2,12,78.0,available,instock,41435,Kuvings,kuvings,1.0,Tiki Trading,40395.0,1882.0,Điện Gia Dụng,2026-08-15,True,78.0,False,15490000,47.3531310522918,0.35313105229180053,False,>1.5tr,30-50%,Máy ép,14
559212,1748714982234,Máy Làm Sữa Chua Kuvings KGC-712CB (Bạc) - Hàng Chính Hãng,4490000,4490000,0,0,0.0,0,,available,backorder,41435,Kuvings,kuvings,78755.0,Bepnhatoi,73403.0,1882.0,Điện Gia Dụng,2026-08-15,False,0.0,False,4490000,0.0,0.0,False,>1.5tr,0%,Máy làm sữa chua,0
563737,1894217261243,Nồi Cơm Điện Tử Lock&Lock EJR351BRW (1.8 Lít) - Hàng chính hãng,1279000,2000000,721000,36,4.7,3,9.0,available,backorder,48077,LocknLock,locknlock,195742.0,Điện Máy Vymart,182775.0,1882.0,Điện Gia Dụng,2026-08-15,True,9.0,False,2000000,36.05,0.04999999999999716,False,700k-1.5tr,30-50%,Nồi cơm điện,30
567721,1949143374953,Siêu Sắc Thuốc Korea King KMDP-7000M (3L) - Hàng Chính Hãng,3890000,3890000,0,0,0.0,0,,available,backorder,19765,Korea King,korea-king,20256.0,Telovietnam,19746.0,2.0,Root,2026-08-15,False,0.0,False,3890000,0.0,0.0,False,>1.5tr,0%,Khác / Chưa phân loại,0
604939,1892635640367,Nồi Cơm Điện Cuckoo CR-0671V/CR-0671 (1L) - Hàng Chính Hãng,796000,1180000,384000,33,4.5,236,1664.0,available,instock,20439,Cuckoo,cuckoo,1.0,Tiki Trading,40395.0,1882.0,Điện Gia Dụng,2026-08-15,True,1664.0,False,1180000,32.54237288135593,0.45762711864406924,False,700k-1.5tr,30-50%,Nồi cơm điện,260
638901,1806815368392,Máy Xay Sinh Tố Cầm Tay Braun MQ3045 Aperitive (700W) - Trắng Xanh - Hàng Chính Hãng,2190000,2190000,0,0,4.8,11,22.0,available,backorder,48649,Braun,braun,48348.0,Shop Gia Dụng Châu ÂU,46403.0,1343.0,CHƯƠNG TRÌNH KHUYẾN MẠI KHÁC,2026-08-15,True,22.0,False,2190000,0.0,0.0,False,>1.5tr,0%,Máy xay,17
638919,1802265287283,Máy Xay Sinh Tố Cầm Tay Braun MQ3035 Sauce (700W) - Trắng Xanh - Hàng Chính Hãng,1690000,1690000,0,0,5.0,9,27.0,available,backorder,48649,Braun,braun,48348.0,Shop Gia Dụng Châu ÂU,46403.0,1343.0,CHƯƠNG TRÌNH KHUYẾN MẠI KHÁC,2026-08-15,True,27.0,False,1690000,0.0,0.0,False,>1.5tr,0%,Máy xay,25
680800,1992639436185,Bếp Điện Từ Electrolux ETD42SKR (2100W) - Đen - Hàng chính hãng,1821000,2690000,869000,32,5.0,16,35.0,available,instock,19050,Electrolux,electrolux,1.0,Tiki Trading,40395.0,1882.0,Điện Gia Dụng,2026-08-15,True,35.0,False,2690000,32.30483271375464,0.30483271375464227,False,>1.5tr,30-50%,Bếp điện/từ,18
680867,1998605772189,Bếp Điện Từ Electrolux ETD42SKS (2100W) - Đen - Hàng chính hãng ,2268000,3237500,969500,30,4.8,17,44.0,available,instock,19050,Electrolux,electrolux,1.0,Tiki Trading,40395.0,1882.0,Điện Gia Dụng,2026-08-15,True,44.0,False,3237500,29.945945945945944,0.054054054054056166,False,>1.5tr,20-30%,Bếp điện/từ,27
684651,1796666148277,Ấm Siêu Tốc Inox Happy Time Sunhouse HTD1081 (1.8 lít)- Hàng chính hãng,134000,220000,86000,39,4.6,857,9783.0,available,instock,41048,Sunhouse,sunhouse,1.0,Tiki Trading,40395.0,1882.0,Điện Gia Dụng,2026-08-15,True,9783.0,False,220000,39.09090909090909,0.09090909090909349,False,100-300k,30-50%,Ấm đun nước/Bình siêu tốc,885
689250,1794561989032,Ấm Đun Siêu Tốc LocknLock EJK418SLV - Hàng Chính Hãng,574200,990000,415800,42,4.5,71,443.0,available,instock,48077,LocknLock,locknlock,1.0,Tiki Trading,40395.0,1882.0,Điện Gia Dụng,2026-08-15,True,443.0,False,990000,42.0,0.0,False,300-700k,30-50%,Ấm đun nước/Bình siêu tốc,100
720906,2041991586195,Nồi Áp Suất Bluestone PCB-5629 (5 lít) - Hàng chính hãng,1517000,2009000,492000,24,5.0,8,43.0,available,instock,18977,Bluestone,bluestone,1.0,Tiki Trading,40395.0,2.0,Root,2026-08-15,True,43.0,False,2009000,24.489795918367346,0.4897959183673457,False,>1.5tr,20-30%,Nồi áp suất,11
739729,1993548903720,Bếp Điện Từ Âm Saiko SK-6700 (3 Bếp) - Hàng chính hãng,9900000,9900000,0,0,0.0,0,,available,backorder,145019,Saiko,saiko,20256.0,Telovietnam,19746.0,1882.0,Điện Gia Dụng,2026-08-15,False,0.0,False,9900000,0.0,0.0,False,>1.5tr,0%,Bếp điện/từ,0
754218,1897196728356,Nồi Cơm Điện Daewoo RC-1805 - Hàng chính hãng,930000,930000,0,0,0.0,0,2.0,available,backorder,20056,Daewoo,daewoo,184067.0,Siêu Thị Điện Máy Từ Sơn,171102.0,1882.0,Điện Gia Dụng,2026-08-15,True,2.0,False,930000,0.0,0.0,False,700k-1.5tr,0%,Nồi cơm điện,0
790397,2511439165263,Máy Đánh Trứng Daewoo DWHM-318 (150W) - Hàng chính hãng,227000,439000,212000,48,4.5,185,3443.0,available,instock,20056,Daewoo,daewoo,1.0,Tiki Trading,40395.0,1882.0,Điện Gia Dụng,2026-08-15,True,3443.0,False,439000,48.29157175398633,0.2915717539863323,False,100-300k,30-50%,Máy đánh trứng,186
792752,1790738729869,Ấm Siêu Tốc Trường Thọ BA 2088 - Xanh (5L)- Hãng chính hãng,426194,426194,0,0,5.0,1,10.0,available,backorder,21419,Trường Thọ,truong-tho,132610.0,gia dụng mai trang,122475.0,2.0,Root,2026-08-15,True,10.0,False,426194,0.0,0.0,False,300-700k,0%,Ấm đun nước/Bình siêu tốc,5
900800,1896268104173,Nồi Cơm Điện Tử Kangaroo KG596 (1.5 Lít) - Vàng đồng - Hàng chính hãng,1199000,2300000,1101000,48,4.5,26,129.0,available,instock,19589,Kangaroo,kangaroo,1.0,Tiki Trading,40395.0,1882.0,Điện Gia Dụng,2026-08-15,True,129.0,False,2300000,47.869565217391305,0.13043478260869534,False,700k-1.5tr,30-50%,Nồi cơm điện,26
921983,7856426380553,Máy Sấy Thực Phẩm - Làm Sữa Chua Tiross TS9682 (250W) - Hàng chính hãng,1199000,1199000,0,0,0.0,0,0.0,available,backorder,25706,Tiross,tiross,99996.0,Tiross Hà Nội,92694.0,1882.0,Điện Gia Dụng,2026-08-15,True,0.0,False,1199000,0.0,0.0,False,700k-1.5tr,0%,Khác / Chưa phân loại,0
923595,5556666088548,Vỉ Nướng Điện Lock&Lock EJG221 (1300W) - Hàng Chính Hãng,1150140,1983000,832860,42,4.6,1319,6785.0,available,instock,48077,LocknLock,locknlock,1.0,Tiki Trading,40395.0,1882.0,Điện Gia Dụng,2026-08-15,True,6785.0,False,1983000,42.0,0.0,False,700k-1.5tr,30-50%,Khác / Chưa phân loại,1345
982548,1992519374125,Bếp Điện Từ Đôi Chef's EH-DIH890 (4000W) - Hàng chính hãng,20720000,20720000,0,0,0.0,0,,available,backorder,152700,Chef's,chef-s,155120.0,thietbinhabep,142978.0,1882.0,Điện Gia Dụng,2026-08-15,False,0.0,False,20720000,0.0,0.0,False,>1.5tr,0%,Bếp điện/từ,0
982572,2000897671930,Bếp Từ Hồng Ngoại Chef's EH-MIX534 (5500W) - Hàng chính hãng,12720000,12720000,0,0,0.0,0,,available,backorder,152700,Chef's,chef-s,155120.0,thietbinhabep,142978.0,2.0,Root,2026-08-15,False,0.0,False,12720000,0.0,0.0,False,>1.5tr,0%,Bếp điện/từ,0
1091814,1803447307645,Máy Sinh Tố Chân Không Kuvings KV-200 (960W) - Đỏ - Hàng chính hãng,9990000,9990000,0,0,0.0,0,,available,backorder,41435,Kuvings,kuvings,78755.0,Bepnhatoi,73403.0,1882.0,Điện Gia Dụng,2026-08-15,False,0.0,False,9990000,0.0,0.0,False,>1.5tr,0%,Khác / Chưa phân loại,0
1343781,8093758152536,Bếp Điện Từ Bosch PPI82560MS (3500W) - Hàng Chính Hãng,12900000,12900000,0,0,0.0,0,,available,backorder,25229,Bosch,bosch,20256.0,Telovietnam,19746.0,1882.0,Điện Gia Dụng,2026-08-15,False,0.0,False,12900000,0.0,0.0,False,>1.5tr,0%,Bếp điện/từ,0
1347699,8833177444085,Bình Đun Siêu Tốc Philips HD9350/90 (1.7L) - Hàng chính hãng ,939000,939000,0,0,0.0,0,1.0,available,instock,19018,Philips,philips,138278.0,AM MART,127693.0,1882.0,Điện Gia Dụng,2026-08-15,True,1.0,False,939000,0.0,0.0,False,700k-1.5tr,0%,Ấm đun nước/Bình siêu tốc,0
1454077,4387839237057,Nồi Cơm Điện Nắp Rời Sharp KSH-D28V (2.8L) - Màu Ngẫu nhiên - HÀNG CHÍNH HÃNG,1051000,1437500,386500,27,4.6,26,163.0,available,instock,19912,Sharp,sharp,1.0,Tiki Trading,40395.0,1882.0,Điện Gia Dụng,2026-08-15,True,163.0,False,1437500,26.88695652173913,0.11304347826087024,False,700k-1.5tr,20-30%,Nồi cơm điện,29
1460199,7029882633420,Bếp Nướng Điện Sunhouse SHD4607 (1500W) - Hàng chính hãng,399000,399000,0,0,4.0,2,11.0,available,backorder,41048,Sunhouse,sunhouse,261657.0,giadung 01 store,248697.0,1882.0,Điện Gia Dụng,2026-08-15,True,11.0,False,399000,0.0,0.0,False,300-700k,0%,Bếp điện/từ,30
1462095,8209663461520,Máy Làm Tỏi Đen TIROSS TS907 (90W) - Đỏ - Hàng chính hãng,1499000,1499000,0,0,1.0,1,1.0,available,backorder,25706,Tiross,tiross,99996.0,Tiross Hà Nội,92694.0,1882.0,Điện Gia Dụng,2026-08-15,True,1.0,False,1499000,0.0,0.0,False,700k-1.5tr,0%,Khác / Chưa phân loại,30
1667597,4959830615044,Nồi Lẩu Điện 2 Trong 1 Tiger Queen SQ-2200 (4L) - Đen - Hàng chính hãng,3790000,3790000,0,0,0.0,0,1.0,available,backorder,79661,Tiger Queen,tiger-queen,78755.0,Bepnhatoi,73403.0,1882.0,Điện Gia Dụng,2026-08-15,True,1.0,False,3790000,0.0,0.0,False,>1.5tr,0%,Nồi lẩu điện,0
1733767,5228010894432,Đèn Khò Gas Namilux TS1822RF (NA-195) - Hàng Chính Hãng ,150000,150000,0,0,0.0,0,6.0,available,backorder,113919,NaMilux,namilux,69337.0,Home Star Store,64779.0,2.0,Root,2026-08-15,True,6.0,False,150000,0.0,0.0,False,100-300k,0%,Khác / Chưa phân loại,0
1751215,4271601876783,Máy Hút Khói Sakura M-3000 36 - Hàng chính hãng,15900000,15900000,0,0,0.0,0,,available,backorder,114515,SAKURA,sakura,2268.0,Sakura Official Store,2226.0,1882.0,Điện Gia Dụng,2026-08-15,False,0.0,False,15900000,0.0,0.0,False,>1.5tr,0%,Khác / Chưa phân loại,0
1826509,7054015853611,Nồi Cơm Điện Nắp Gài Sharp KS-19TJVBC (1.8L) - Hàng Chính Hãng,589000,700000,111000,16,3.4,9,93.0,available,instock,19912,Sharp,sharp,1.0,Tiki Trading,40395.0,1882.0,Điện Gia Dụng,2026-08-15,True,93.0,False,700000,15.857142857142856,0.14285714285714413,False,300-700k,10-20%,Nồi cơm điện,19
1826511,9125209624497,Nồi Cơm Điện Nắp Gài Sharp KS-19TJVST (1.8 Lít) - Hàng chính hãng,612000,700000,88000,13,4.5,347,2192.0,available,instock,19912,Sharp,sharp,1.0,Tiki Trading,40395.0,1882.0,Điện Gia Dụng,2026-08-15,True,2192.0,False,700000,12.571428571428573,0.42857142857142705,False,300-700k,10-20%,Nồi cơm điện,375
1941995,6483875720558,Lò Nướng Sharp EO-A323RCSV-ST (32L) - Hàng Chính Hãng,1823000,2520000,697000,28,4.5,142,956.0,available,instock,19912,Sharp,sharp,1.0,Tiki Trading,40395.0,1882.0,Điện Gia Dụng,2026-08-15,True,956.0,False,2520000,27.65873015873016,0.3412698412698383,False,>1.5tr,20-30%,Lò vi sóng/nướng,170
1965363,6329934070427,Bếp Gas Âm Electrolux EGT7526CK - Hàng chính hãng,5900000,5900000,0,0,0.0,0,,available,backorder,19050,Electrolux,electrolux,123983.0,HiepVan,114573.0,1882.0,Điện Gia Dụng,2026-08-15,False,0.0,False,5900000,0.0,0.0,False,>1.5tr,0%,Bếp điện/từ,0
2365901,7970379625339,Nồi Cơm Nắp Gài Toshiba RC-10JFM(H)VN (1L) - Hàng chính hãng,582000,582000,0,0,4.5,17,92.0,available,instock,18634,Toshiba,toshiba,138278.0,AM MART,127693.0,1882.0,Điện Gia Dụng,2026-08-15,True,92.0,False,582000,0.0,0.0,False,300-700k,0%,Nồi cơm điện,45
2365981,5054513596302,Nồi Cơm Nắp Gài Toshiba RC-18JFM(H)VN (1.8L) - Hàng chính hãng,606000,800000,194000,24,4.5,146,1058.0,available,instock,18634,Toshiba,toshiba,1.0,Tiki Trading,40395.0,1882.0,Điện Gia Dụng,2026-08-15,True,1058.0,False,800000,24.25,0.25,False,300-700k,20-30%,Nồi cơm điện,162
2369811,4977980780061,Bếp Gas Dương Sakura SA-ANFA - Hàng chính hãng,890000,890000,0,0,4.0,1,6.0,available,backorder,114515,SAKURA,sakura,2268.0,Sakura Official Store,2226.0,2.0,Root,2026-08-15,True,6.0,False,890000,0.0,0.0,False,700k-1.5tr,0%,Bếp điện/từ,1
2369817,1790388645670,Bếp Gas Dương Sakura SA-650G - Hàng chính hãng,1090000,1090000,0,0,5.0,1,,available,backorder,114515,SAKURA,sakura,2268.0,Sakura Official Store,2226.0,1882.0,Điện Gia Dụng,2026-08-15,False,0.0,False,1090000,0.0,0.0,False,700k-1.5tr,0%,Bếp điện/từ,2
2386315,9266793419707,Bếp Nướng Điện Lock&Lock Electric Grill EJG231 (2000W) - Hàng Chính Hãng,749000,1350000,601000,45,4.6,34,151.0,available,backorder,48077,LocknLock,locknlock,195742.0,Điện Máy Vymart,182775.0,1882.0,Điện Gia Dụng,2026-08-15,True,151.0,False,1350000,44.51851851851852,0.48148148148148096,False,700k-1.5tr,30-50%,Bếp điện/từ,60
2394877,4043054856755,Bếp Gas Hồng Ngoại Đôi Sunhouse SHB004MT - Hàng chính hãng,653000,1565000,912000,58,4.5,498,4435.0,available,instock,41048,Sunhouse,sunhouse,1.0,Tiki Trading,40395.0,1882.0,Điện Gia Dụng,2026-08-15,True,4435.0,False,1565000,58.27476038338658,0.27476038338657816,False,300-700k,>50%,Bếp điện/từ,506
2407197,9378839672844,Lò Vi Sóng Có Nướng Sharp R-G322VN-S (23L) - Hàng chính hãng,1975000,3500000,1525000,44,4.6,51,241.0,available,instock,19912,Sharp,sharp,1.0,Tiki Trading,40395.0,1882.0,Điện Gia Dụng,2026-08-15,True,241.0,False,3500000,43.57142857142857,0.4285714285714306,False,>1.5tr,30-50%,Lò vi sóng/nướng,63
2590095,9663130945439,Bếp Từ Kaff KF-3850SL - Hàng chính hãng,15660000,15660000,0,0,0.0,0,,available,backorder,154221,KAFF,kaff,158745.0,Bếp Bình Minh Bình Dương,146217.0,1882.0,Điện Gia Dụng,2026-08-15,False,0.0,False,15660000,0.0,0.0,False,>1.5tr,0%,Bếp điện/từ,0
2690569,7052543137920, Bếp Từ Rommelsbacher CT3410IN - Hàng chính hãng,5500000,5500000,0,0,5.0,1,3.0,available,backorder,192121,Rommelsbacher,rommelsbacher,20256.0,Telovietnam,19746.0,1882.0,Điện Gia Dụng,2026-08-15,True,3.0,False,5500000,0.0,0.0,False,>1.5tr,0%,Bếp điện/từ,26
2775717,5716072005038,Lò Nướng Sanaky VH-259S2D (25L) - Hàng chính hãng,1800000,1800000,0,0,0.0,0,1.0,available,backorder,40633,Sanaky,sanaky,292953.0,ĐIỆN MÁY TẤN TÀI,280276.0,1882.0,Điện Gia Dụng,2026-08-15,True,1.0,False,1800000,0.0,0.0,False,>1.5tr,0%,Lò vi sóng/nướng,0
2776923,7978467480006,Lò Nướng Sanaky VH-5099N2D (50L) - Hàng chính hãng,3100000,3100000,0,0,0.0,0,,available,backorder,40633,Sanaky,sanaky,292953.0,ĐIỆN MÁY TẤN TÀI,280276.0,1882.0,Điện Gia Dụng,2026-08-15,False,0.0,False,3100000,0.0,0.0,False,>1.5tr,0%,Lò vi sóng/nướng,0
2777547,4326113836463,Lò Nướng Sanaky VH-5088N2D (50L) - Hàng chính hãng,2500000,2500000,0,0,0.0,0,,available,backorder,40633,Sanaky,sanaky,184067.0,Siêu Thị Điện Máy Từ Sơn,171102.0,1882.0,Điện Gia Dụng,2026-08-15,False,0.0,False,2500000,0.0,0.0,False,>1.5tr,0%,Lò vi sóng/nướng,0
2778291,7677344527222,Lò Nướng Sanaky VH-129N2D (120 Lít) - Hàng chính hãng,3469000,5900000,2431000,41,0.0,0,5.0,available,backorder,40633,Sanaky,sanaky,218.0,Gia Khang,178.0,1882.0,Điện Gia Dụng,2026-08-15,True,5.0,False,5900000,41.20338983050848,0.2033898305084776,False,>1.5tr,30-50%,Lò vi sóng/nướng,0
2891533,3066291963988,Nồi cơm điện nắp gài Panasonic PANC-SR-MVP187NRA (1.8L) - Hàng Chính Hãng,1750000,1750000,0,0,0.0,0,,available,backorder,18804,Panasonic,panasonic,184067.0,Siêu Thị Điện Máy Từ Sơn,171102.0,1343.0,CHƯƠNG TRÌNH KHUYẾN MẠI KHÁC,2026-08-15,False,0.0,False,1750000,0.0,0.0,False,>1.5tr,0%,Nồi cơm điện,0
3480333,1675525008344,Bình Đun Siêu Tốc 2 lớp Lock&Lock EJK738WHT (1.7 Lít) - Trắng - Hàng chính hãng,544040,938000,393960,42,4.6,2557,15314.0,available,instock,48077,LocknLock,locknlock,1.0,Tiki Trading,40395.0,1882.0,Điện Gia Dụng,2026-08-15,True,15314.0,False,938000,42.0,0.0,False,300-700k,30-50%,Ấm đun nước/Bình siêu tốc,2585
3873821,2764971150116,Máy Xay Thịt Philips HR1393 – 0.7 Lít - Trắng - Hàng Nhập Khẩu,715000,715000,0,0,5.0,1,3.0,available,backorder,19018,Philips,philips,11119.0,GIA DỤNG VIỆT,10842.0,2.0,Root,2026-08-15,True,3.0,False,715000,0.0,0.0,False,700k-1.5tr,0%,Máy xay,21
3946749,9413196723478,Bếp Từ Đôi Cảm Ứng KAFF KF-073II - Hàng Chính Hãng,6950000,6950000,0,0,5.0,2,3.0,available,backorder,154221,KAFF,kaff,168717.0,KingHomeSG,155753.0,1882.0,Điện Gia Dụng,2026-08-15,True,3.0,False,6950000,0.0,0.0,False,>1.5tr,0%,Bếp điện/từ,14
4034695,3302141427034,Nồi Cơm Điện Nắp Rời Sharp KSH-D55V (Trắng) - Hàng chính hãng,2450000,2450000,0,0,0.0,0,1.0,available,backorder,19912,Sharp,sharp,184067.0,Siêu Thị Điện Máy Từ Sơn,171102.0,1882.0,Điện Gia Dụng,2026-08-15,True,1.0,False,2450000,0.0,0.0,False,>1.5tr,0%,Nồi cơm điện,0
4440957,4920947385533,Bếp Điện Từ Canzy CZ-86R - Hàng Chính Hãng,14980000,14980000,0,0,5.0,1,2.0,available,backorder,185805,Canzy,canzy,168717.0,KingHomeSG,155753.0,1882.0,Điện Gia Dụng,2026-08-15,True,2.0,False,14980000,0.0,0.0,False,>1.5tr,0%,Bếp điện/từ,1
4534531,2558057366610,Máy Làm Sữa Chua Lock&Lock EJY110SLV (1000ml) - Hàng chính hãng,427460,737000,309540,42,4.5,904,8225.0,available,instock,48077,LocknLock,locknlock,1.0,Tiki Trading,40395.0,1882.0,Điện Gia Dụng,2026-08-15,True,8225.0,False,737000,42.0,0.0,False,300-700k,30-50%,Máy làm sữa chua,930
4701559,3002117730471,Ấm Điện Thủy Tinh Siêu Tốc Có Điều Chỉnh Nhiệt Độ Lock&Lock EJK341 (1.8L) - Hàng chính hãng,879000,1450000,571000,39,5.0,1,4.0,available,backorder,48077,LocknLock,locknlock,88331.0,LATH SHOP,82081.0,1882.0,Điện Gia Dụng,2026-08-15,True,4.0,False,1450000,39.37931034482759,0.3793103448275872,False,700k-1.5tr,30-50%,Ấm đun nước/Bình siêu tốc,30
4754633,1112433547232,Máy Đánh Trứng Philips HR3705 (300W) - Hàng Chính Hãng,644000,820000,176000,21,4.7,800,3972.0,available,instock,19018,Philips,philips,1.0,Tiki Trading,40395.0,1882.0,Điện Gia Dụng,2026-08-15,True,3972.0,False,820000,21.463414634146343,0.46341463414634276,False,300-700k,20-30%,Máy đánh trứng,825
6618607,6408814342486,Nồi cơm điện nắp gài Sunhouse Happy Time HTD8521P (1.8 Lít) - Hồng - Hàng chính hãng,525000,525000,0,0,0.0,0,,available,backorder,41048,Sunhouse,sunhouse,261657.0,giadung 01 store,248697.0,1882.0,Điện Gia Dụng,2026-08-15,False,0.0,False,525000,0.0,0.0,False,300-700k,0%,Nồi cơm điện,0
6768703,1059522512637,Nồi Cơm Điện Nắp Gài Sunhouse SHD8217W (1.2L) - Hàng chính hãng,595000,595000,0,0,5.0,1,1.0,available,backorder,41048,Sunhouse,sunhouse,261657.0,giadung 01 store,248697.0,1882.0,Điện Gia Dụng,2026-08-15,True,1.0,False,595000,0.0,0.0,False,300-700k,0%,Nồi cơm điện,30
6954511,3153189561316,Bếp điện từ đôi Bonucci BNC72168LS - Hàng chính hãng,19665000,19665000,0,0,0.0,0,,available,backorder,237495,Bonucci,bonucci,12442.0,Thế Giới Bếp Nhập Khẩu,12108.0,1882.0,Điện Gia Dụng,2026-08-15,False,0.0,False,19665000,0.0,0.0,False,>1.5tr,0%,Bếp điện/từ,0
6954583,4420744651553,Bếp Từ Đôi Bonucci  BNC72066LS - Hàng chính hãng,18765000,18765000,0,0,0.0,0,,available,backorder,237495,Bonucci,bonucci,12442.0,Thế Giới Bếp Nhập Khẩu,12108.0,1882.0,Điện Gia Dụng,2026-08-15,False,0.0,False,18765000,0.0,0.0,False,>1.5tr,0%,Bếp điện/từ,0
6959433,4707366790496,Nồi Cơm Điện Sunhouse SHD8616 (1.8L) - Hàng chính hãng,1100000,1100000,0,0,0.0,0,,available,backorder,41048,Sunhouse,sunhouse,292953.0,ĐIỆN MÁY TẤN TÀI,280276.0,2.0,Root,2026-08-15,False,0.0,False,1100000,0.0,0.0,False,700k-1.5tr,0%,Nồi cơm điện,0
6959449,6774859297464,Bếp Hồng Ngoại Cảm Ứng Sunhouse SHD6005 (2000W) - Hàng chính hãng,1090000,1090000,0,0,0.0,0,,available,backorder,41048,Sunhouse,sunhouse,292953.0,ĐIỆN MÁY TẤN TÀI,280276.0,1882.0,Điện Gia Dụng,2026-08-15,False,0.0,False,1090000,0.0,0.0,False,700k-1.5tr,0%,Bếp điện/từ,0
7171913,6745740365548,Bếp Hồng Ngoại Cảm Ứng Sunhouse SHD 6011 (2000W) - Hàng chính hãng,865300,865300,0,0,0.0,0,,available,backorder,41048,Sunhouse,sunhouse,247324.0,Cửa hàng Phương Phương,234356.0,1882.0,Điện Gia Dụng,2026-08-15,False,0.0,False,865300,0.0,0.0,False,700k-1.5tr,0%,Bếp điện/từ,0
7285805,2625925670121,Nồi Cơm Điện Cao Tần Kangaroo KG599N (1.8L) - Hàng chính hãng,2219000,3560000,1341000,38,3.1,8,109.0,available,instock,19589,Kangaroo,kangaroo,1.0,Tiki Trading,40395.0,1882.0,Điện Gia Dụng,2026-08-15,True,109.0,False,3560000,37.6685393258427,0.33146067415729874,False,>1.5tr,30-50%,Nồi cơm điện,12
7286651,1886830783660,Bếp Gas Dương Đôi Mặt Kính Sunhouse SHB 3226 - Hàng chính hãng,900000,900000,0,0,4.7,7,24.0,available,backorder,41048,Sunhouse,sunhouse,11119.0,GIA DỤNG VIỆT,10842.0,2.0,Root,2026-08-15,True,24.0,False,900000,0.0,0.0,False,700k-1.5tr,0%,Bếp điện/từ,12
8176605,1323680064834,Bình Thủy Điện Sunhouse SHD1542 (4.5 lít) Trắng - Hàng chính hãng,1223000,1223000,0,0,0.0,0,1.0,available,backorder,41048,Sunhouse,sunhouse,11119.0,GIA DỤNG VIỆT,10842.0,1882.0,Điện Gia Dụng,2026-08-15,True,1.0,False,1223000,0.0,0.0,False,700k-1.5tr,0%,Bình giữ nhiệt,0
8420020,5109331148063,Nồi Cơm Điện Kangaroo KG822 (1.2L) - Hàng chính hãng,711000,1160000,449000,39,4.6,253,910.0,available,instock,19589,Kangaroo,kangaroo,1.0,Tiki Trading,40395.0,1882.0,Điện Gia Dụng,2026-08-15,True,910.0,False,1160000,38.70689655172414,0.29310344827585766,False,700k-1.5tr,30-50%,Nồi cơm điện,259
9423260,2536351806490,Nồi Áp Suất Điện Đa Năng Sunhouse SHD1550 Màu Ngẫu Nhiên - Hàng chính hãng,1326000,1326000,0,0,0.0,0,4.0,available,backorder,41048,Sunhouse,sunhouse,11119.0,GIA DỤNG VIỆT,10842.0,1882.0,Điện Gia Dụng,2026-08-15,True,4.0,False,1326000,0.0,0.0,False,700k-1.5tr,0%,Nồi áp suất,0
9423504,5802153609636,Nồi Áp Suất Điện Đa Năng Sunhouse SHD1756 Màu Ngẫu Nhiên - Hàng chính hãng,1613000,1613000,0,0,0.0,0,,available,backorder,41048,Sunhouse,sunhouse,11119.0,GIA DỤNG VIỆT,10842.0,1882.0,Điện Gia Dụng,2026-08-15,False,0.0,False,1613000,0.0,0.0,False,>1.5tr,0%,Nồi áp suất,0
10005110,6297921731227,Máy Hút Mùi Bếp Âm Tủ 7 Tấc KAFF KF-TL70H - Hàng Chính Hãng,2739000,2739000,0,0,4.0,4,17.0,available,backorder,154221,KAFF,kaff,168717.0,KingHomeSG,155753.0,1882.0,Điện Gia Dụng,2026-08-15,True,17.0,False,2739000,0.0,0.0,False,>1.5tr,0%,Máy hút mùi,16
10007045,8376905916855,Nồi cơm áp suất điện tử Cuckoo CRP-PK1000S - 1.8 Lít - Hàng Chính Hãng,3490000,4990000,1500000,30,4.8,78,196.0,available,instock,20439,Cuckoo,cuckoo,1.0,Tiki Trading,40395.0,1882.0,Điện Gia Dụng,2026-08-15,True,196.0,False,4990000,30.060120240480963,0.06012024048096265,False,>1.5tr,20-30%,Nồi cơm điện,101
10231021,5217652979904,Nồi lẩu điện 2 ngăn Mishio MK112 5L - Hàng chính hãng,499000,499000,0,0,4.6,94,899.0,available,backorder,51325,Mishio,mishio,160749.0,Mishio Kachi Official,148018.0,1882.0,Điện Gia Dụng,2026-08-15,True,899.0,False,499000,0.0,0.0,False,300-700k,0%,Nồi lẩu điện,120
10280926,9791667382936,Máy Hút Mùi KAFF KF-991 - Hàng chính hãng,9510000,9510000,0,0,0.0,0,,available,backorder,154221,KAFF,kaff,151632.0,Bếp Tiện Lợi,139907.0,1882.0,Điện Gia Dụng,2026-08-15,False,0.0,False,9510000,0.0,0.0,False,>1.5tr,0%,Máy hút mùi,0
10399226,6158840147936,Bếp hồng ngoại 2 vùng nấu GS8 - 207 - Hàng chính hãng,11960000,11960000,0,0,0.0,0,,available,backorder,275841,GRASSO,grasso,16426.0,Thiết bị nhà bếp Grasso Việt Nam,15840.0,1882.0,Điện Gia Dụng,2026-08-15,False,0.0,False,11960000,0.0,0.0,False,>1.5tr,0%,Bếp điện/từ,0
10597625,5835878787945,Máy Xay Thịt 2 Lưỡi Dao Kép Lock&Lock EJM171 (2 Lít - 300W) - Hàng Chính Hãng,1024860,1767000,742140,42,4.7,2216,10604.0,available,instock,48077,LocknLock,locknlock,1.0,Tiki Trading,40395.0,1882.0,Điện Gia Dụng,2026-08-15,True,10604.0,False,1767000,42.0,0.0,False,700k-1.5tr,30-50%,Máy xay,2245
10908328,8723137119019,Máy Vắt Cam Lock&Lock EJJ231 (40W) - Hàng chính hãng,352000,620000,268000,43,4.7,38,284.0,available,backorder,48077,LocknLock,locknlock,88331.0,LATH SHOP,82081.0,1882.0,Điện Gia Dụng,2026-08-15,True,284.0,False,620000,43.225806451612904,0.2258064516129039,False,300-700k,30-50%,Khác / Chưa phân loại,65
10909636,5607975363519,Máy Vắt Cam Lock&Lock EJJ241 (40W - 1.2 Lít) - Hàng chính hãng,383960,662000,278040,42,4.3,548,5774.0,available,instock,48077,LocknLock,locknlock,1.0,Tiki Trading,40395.0,1882.0,Điện Gia Dụng,2026-08-15,True,5774.0,False,662000,42.0,0.0,False,300-700k,30-50%,Khác / Chưa phân loại,575
11197638,1026284321579,Máy làm tỏi đen Luva A6(6L) - Hàng chính hãng,2499000,2499000,0,0,4.0,21,198.0,available,backorder,143673,Luva,luva,11982.0,VIAICOM,11651.0,1882.0,Điện Gia Dụng,2026-08-15,True,198.0,False,2499000,0.0,0.0,False,>1.5tr,0%,Khác / Chưa phân loại,21
11262873,2543900604025,"Máy hút khói, khử mùi KAFF KF-738I - Hàng chí hãng",3200000,3200000,0,0,4.0,1,1.0,available,backorder,154221,KAFF,kaff,143120.0,AHA BẾP,132099.0,1882.0,Điện Gia Dụng,2026-08-15,True,1.0,False,3200000,0.0,0.0,False,>1.5tr,0%,Khác / Chưa phân loại,1
11295059,3532966603386,Bình Đun Siêu Tốc Electrolux EEK-1303K (1.5L) - Hàng chính hãng,501000,737500,236500,32,4.7,488,1469.0,available,instock,19050,Electrolux,electrolux,1.0,Tiki Trading,40395.0,1882.0,Điện Gia Dụng,2026-08-15,True,1469.0,False,737500,32.06779661016949,0.06779661016948779,False,300-700k,30-50%,Ấm đun nước/Bình siêu tốc,515
11427005,6148740271466,"Máy hút khói, khử mùi KAFF KF-GB706 - Hàng chính hãng",4710000,4710000,0,0,0.0,0,,available,backorder,154221,KAFF,kaff,151632.0,Bếp Tiện Lợi,139907.0,1882.0,Điện Gia Dụng,2026-08-15,False,0.0,False,4710000,0.0,0.0,False,>1.5tr,0%,Khác / Chưa phân loại,0
11509103,4914887147436,"Máy xay thịt đa năng Mishio MK-135 1,8L - Hàng chính hãng",499000,499000,0,0,4.6,29,82.0,available,backorder,51325,Mishio,mishio,160749.0,Mishio Kachi Official,148018.0,1882.0,Điện Gia Dụng,2026-08-15,True,82.0,False,499000,0.0,0.0,False,300-700k,0%,Máy xay,55
11598063,5323313532569,Ấm Đun Nước Siêu Tốc Tiross TS1367 (1L) - Hàng chính hãng,529000,529000,0,0,0.0,0,1.0,available,backorder,25706,Tiross,tiross,99996.0,Tiross Hà Nội,92694.0,1882.0,Điện Gia Dụng,2026-08-15,True,1.0,False,529000,0.0,0.0,False,300-700k,0%,Ấm đun nước/Bình siêu tốc,0
11824785,6403608566901,Nồi Cơm Điện Kangaroo KG823 (1.2 Lít) - Hàng chính hãng,666000,1170000,504000,43,4.8,21,77.0,available,instock,19589,Kangaroo,kangaroo,1.0,Tiki Trading,40395.0,1919.0,Nồi cơm nắp gài,2026-08-15,True,77.0,False,1170000,43.07692307692308,0.0769230769230802,False,300-700k,30-50%,Nồi cơm điện,30
11906992,7160512513139,Bếp Từ Đôi Arber ABEI600 - Hàng Chính Hãng,7140000,7140000,0,0,0.0,0,,available,backorder,185817,Arber,arber,158745.0,Bếp Bình Minh Bình Dương,146217.0,23810.0,Bếp điện từ đôi,2026-08-15,False,0.0,False,7140000,0.0,0.0,False,>1.5tr,0%,Bếp điện/từ,0
11907029,3756131404770,Bếp Từ Kết Hợp Hồng Ngoại Arber MLS556 - Hàng Chính Hãng,5390000,5390000,0,0,0.0,0,,available,backorder,185817,Arber,arber,20256.0,Telovietnam,19746.0,1882.0,Điện Gia Dụng,2026-08-15,False,0.0,False,5390000,0.0,0.0,False,>1.5tr,0%,Bếp điện/từ,0
11907047,2713633210071,Bếp Từ Kết Hợp Hồng Ngoại Arber ABEI601 - Hàng Chính Hãng,4490000,4490000,0,0,0.0,0,,available,backorder,185817,Arber,arber,20256.0,Telovietnam,19746.0,1882.0,Điện Gia Dụng,2026-08-15,False,0.0,False,4490000,0.0,0.0,False,>1.5tr,0%,Bếp điện/từ,0
11907055,3362443205709,Bếp Hồng Ngoại Đôi Arber AB369 - Hàng Chính Hãng,3650000,3650000,0,0,5.0,1,2.0,available,backorder,185817,Arber,arber,20256.0,Telovietnam,19746.0,1882.0,Điện Gia Dụng,2026-08-15,True,2.0,False,3650000,0.0,0.0,False,>1.5tr,0%,Bếp điện/từ,1
12084045,8738049587290,Bếp gas hồng ngoại Redhome TN-621 - Hàng chính hãng,449000,449000,0,0,5.0,4,8.0,available,backorder,304119,Redhome,redhome,69337.0,Home Star Store,64779.0,1882.0,Điện Gia Dụng,2026-08-15,True,8.0,False,449000,0.0,0.0,False,300-700k,0%,Bếp điện/từ,8
12284192,4305760557075,Máy Vắt Cam Tiross TS1392 (0.7L) - Cam - Hàng chính hãng,299000,299000,0,0,0.0,0,1.0,available,backorder,25706,Tiross,tiross,99996.0,Tiross Hà Nội,92694.0,1882.0,Điện Gia Dụng,2026-08-15,True,1.0,False,299000,0.0,0.0,False,100-300k,0%,Khác / Chưa phân loại,0
12339819,3907778379123,Bếp gas hồng ngoại điếu gang có chế đọ hâm fi120 Redhome TN-780G  - Hàng chính hãng,899000,899000,0,0,0.0,0,3.0,available,backorder,304119,Redhome,redhome,69337.0,Home Star Store,64779.0,1882.0,Điện Gia Dụng,2026-08-15,True,3.0,False,899000,0.0,0.0,False,700k-1.5tr,0%,Bếp điện/từ,0
12724852,3053534728541,Nồi Cơm Điện Tử Tiger 5 Trong 1 JBX-A10W (1L) - Hàng Chính Hãng,2299000,4100000,1801000,44,0.0,0,,available,backorder,79440,Tiger,tiger,218.0,Gia Khang,178.0,1882.0,Điện Gia Dụng,2026-08-15,False,0.0,False,4100000,43.926829268292686,0.07317073170731447,False,>1.5tr,30-50%,Nồi cơm điện,0
12886341,3978373221667,Bộ điếu gang hồng ngoại fi120 có chế độ hâm ( đen ) - Hàng chính hãng,299000,299000,0,0,0.0,0,,available,backorder,304119,Redhome,redhome,69337.0,Home Star Store,64779.0,1882.0,Điện Gia Dụng,2026-08-15,False,0.0,False,299000,0.0,0.0,False,100-300k,0%,Khác / Chưa phân loại,0
13516156,1705110151176,Nồi Chiên Không Dầu Điện Tử Philips HD9650/91 XXL (7.3 Lít) - Hàng Chính Hãng,7590000,7590000,0,0,0.0,0,,available,backorder,19018,Philips,philips,184067.0,Siêu Thị Điện Máy Từ Sơn,171102.0,1882.0,Điện Gia Dụng,2026-08-15,False,0.0,False,7590000,0.0,0.0,False,>1.5tr,0%,Nồi chiên không dầu,0
14035887,6352360865138,Nồi cơm điện Cao tần Cuckoo CRP-HMF1070SB 1.8L nhập khẩu Hàn quốc,5899000,5899000,0,0,5.0,1,17.0,available,backorder,20439,Cuckoo,cuckoo,35320.0,Cuckoo Vietnam,34606.0,1882.0,Điện Gia Dụng,2026-08-15,True,17.0,False,5899000,0.0,0.0,False,>1.5tr,0%,Nồi cơm điện,30
14256632,8353318961535,Nồi Cơm Điện Philips HD3115/66 (1.8L) - Hàng Chính Hãng,990000,990000,0,0,0.0,0,8.0,available,backorder,19018,Philips,philips,184067.0,Siêu Thị Điện Máy Từ Sơn,171102.0,1882.0,Điện Gia Dụng,2026-08-15,True,8.0,False,990000,0.0,0.0,False,700k-1.5tr,0%,Nồi cơm điện,0
16063063,6621120276775,Nồi cơm điện Aidi MR-SM07H - Màu Ngẫu Nhiên - Chính Hãng,250000,250000,0,0,0.0,0,8.0,available,backorder,415455,Aidi,aidi,11119.0,GIA DỤNG VIỆT,10842.0,2.0,Root,2026-08-15,True,8.0,False,250000,0.0,0.0,False,100-300k,0%,Nồi cơm điện,0
16063637,4895599607725,Ấm điện siêu tốc Aidi 304 ST-08 (1.5 lít) - Màu Ngẫu Nhiên - Hàng Chính Hãng,100000,100000,0,0,0.0,0,9.0,available,backorder,415455,Aidi,aidi,11119.0,GIA DỤNG VIỆT,10842.0,2.0,Root,2026-08-15,True,9.0,False,100000,0.0,0.0,False,<100k,0%,Ấm đun nước/Bình siêu tốc,0
16369387,6311505924352,Bếp gas đôi cao cấp mặt inox Namilux DL2063APS Hàng chính hãng,1119000,1119000,0,0,0.0,0,1.0,available,backorder,113919,NaMilux,namilux,69337.0,Home Star Store,64779.0,1882.0,Điện Gia Dụng,2026-08-15,True,1.0,False,1119000,0.0,0.0,False,700k-1.5tr,0%,Bếp điện/từ,0
16610754,3830559426191,Bếp Đôi Điện Từ Âm Steba IK500 (3700W) – Hàng Chính Hãng,16000000,24890000,8890000,36,0.0,0,,available,backorder,212007,Steba,steba,177099.0,Hàng Gia Dụng Châu Âu,164135.0,1882.0,Điện Gia Dụng,2026-08-15,False,0.0,False,24890000,35.717155484130174,0.28284451586982584,False,>1.5tr,30-50%,Khác / Chưa phân loại,0
17341827,6285305852248,Lò Nướng Thùng Saiko TO-60E (60L) - Hàng Chính Hãng,3690000,3690000,0,0,0.0,0,,available,backorder,145019,Saiko,saiko,20256.0,Telovietnam,19746.0,2.0,Root,2026-08-15,False,0.0,False,3690000,0.0,0.0,False,>1.5tr,0%,Lò vi sóng/nướng,0
17908638,1501348464084,Máy Làm Đá Tiross TS9351 (105W) - Hàng Chính Hãng,3799000,3799000,0,0,5.0,1,5.0,available,backorder,25706,Tiross,tiross,99996.0,Tiross Hà Nội,92694.0,2.0,Root,2026-08-15,True,5.0,False,3799000,0.0,0.0,False,>1.5tr,0%,Khác / Chưa phân loại,30
19578975,6230891288568,"Máy đánh trứng ngoáy sữa,cafe cầm tay mini tự động (Mẫu ngẫu nhiên) - Hàng chính hãng",29000,29000,0,0,3.0,1,21.0,available,backorder,359625,Quà Trực Tuyến,qua-truc-tuyen,31740.0,HƯNG THỊNH SHOP,31053.0,1882.0,Điện Gia Dụng,2026-08-15,True,21.0,False,29000,0.0,0.0,False,<100k,0%,Máy đánh trứng,19
19824343,9765000556612,Máy Ép Chậm Thông Minh Kuvings NS-2026BC 240W (400ml) - Hàng Chính Hãng,9633000,16990000,7357000,43,0.0,0,5.0,available,instock,41435,Kuvings,kuvings,1.0,Tiki Trading,40395.0,1882.0,Điện Gia Dụng,2026-08-15,True,5.0,False,16990000,43.30194231901118,0.3019423190111823,False,>1.5tr,30-50%,Máy ép,0
20659766,8906239276686,Bếp Gas Mini Cao Cấp NaMilux PL-1911PF-Hàng Chính Hãng (Giao Màu Ngẫu Nhiên),349000,349000,0,0,5.0,2,19.0,available,backorder,113919,NaMilux,namilux,69337.0,Home Star Store,64779.0,1882.0,Điện Gia Dụng,2026-08-15,True,19.0,False,349000,0.0,0.0,False,300-700k,0%,Bếp điện/từ,30
20797276,8171359441690,Máy ép chậm bosch MESM731M - Hàng nhập khẩu,6490000,6490000,0,0,0.0,0,,available,backorder,25229,Bosch,bosch,20256.0,Telovietnam,19746.0,1882.0,Điện Gia Dụng,2026-08-15,False,0.0,False,6490000,0.0,0.0,False,>1.5tr,0%,Máy ép,0
20955731,6909365140205,Bộ Van Dây Ngắt Gas Tự Động NaMilux NA-345S- Hàng Chính Hãng.,199000,199000,0,0,4.6,35,88.0,available,backorder,113919,NaMilux,namilux,69337.0,Home Star Store,64779.0,1343.0,CHƯƠNG TRÌNH KHUYẾN MẠI KHÁC,2026-08-15,True,88.0,False,199000,0.0,0.0,False,100-300k,0%,Khác / Chưa phân loại,60
21059052,1979753716096,Ấm Đun Siêu Tốc Trường Thọ K'sun BA-2088 Gold (5.0L) - Hàng Chính Hãng,437744,437744,0,0,4.0,2,2.0,available,backorder,21419,Trường Thọ,truong-tho,132610.0,gia dụng mai trang,122475.0,1882.0,Điện Gia Dụng,2026-08-15,True,2.0,False,437744,0.0,0.0,False,300-700k,0%,Ấm đun nước/Bình siêu tốc,5
21822714,3334597802868,Máy Đánh Sữa Tạo Bọt Cao Cấp Kahchan EP2188 - Hàng Nhập Khẩu,1850000,1850000,0,0,3.8,5,35.0,available,backorder,47516,KAHCHAN,kanchan,1821.0,Cửa hàng Kahchan,1779.0,1882.0,Điện Gia Dụng,2026-08-15,True,35.0,False,1850000,0.0,0.0,False,>1.5tr,0%,Khác / Chưa phân loại,5
21824598,2972298737471,Máy Pha Cà Phê Cappuccino - Ca Cao - Trà Sữa KAHCHAN EP2178 - Hàng Nhập Khẩu,1550000,1550000,0,0,0.0,0,4.0,available,backorder,47516,KAHCHAN,kanchan,1821.0,Cửa hàng Kahchan,1779.0,1882.0,Điện Gia Dụng,2026-08-15,True,4.0,False,1550000,0.0,0.0,False,>1.5tr,0%,Máy pha cà phê,0
21829536,8660209216361,Máy Xay Cà Phê Chuyên Nghiệp Kahchan CG9129 - Hàng Nhập Khẩu,3690000,3690000,0,0,5.0,3,7.0,available,backorder,47516,KAHCHAN,kanchan,1821.0,Cửa hàng Kahchan,1779.0,1882.0,Điện Gia Dụng,2026-08-15,True,7.0,False,3690000,0.0,0.0,False,>1.5tr,0%,Máy xay,3
21831745,1022097218518,Máy Xay Cà Phê KAHCHAN CG9100 - Hàng Nhập Khẩu,990000,990000,0,0,4.3,7,89.0,available,backorder,47516,KAHCHAN,kanchan,1821.0,Cửa hàng Kahchan,1779.0,1882.0,Điện Gia Dụng,2026-08-15,True,89.0,False,990000,0.0,0.0,False,700k-1.5tr,0%,Máy xay,7
22099036,4048196802493,Máy sấy bát Giovani G-802 S - Hàng chính hãng ,5890000,5890000,0,0,2.0,1,3.0,available,backorder,305695,GIOVANI,giovani,158745.0,Bếp Bình Minh Bình Dương,146217.0,1882.0,Điện Gia Dụng,2026-08-15,True,3.0,False,5890000,0.0,0.0,False,>1.5tr,0%,Khác / Chưa phân loại,7
22526350,5778205840398,Ấm siêu tốc Daewoo DEK-MF180 (2.0L) - Hàng chính hãng,311000,620000,309000,50,4.6,14,59.0,available,instock,20056,Daewoo,daewoo,1.0,Tiki Trading,40395.0,2.0,Root,2026-08-15,True,59.0,False,620000,49.83870967741936,0.16129032258064058,False,300-700k,30-50%,Ấm đun nước/Bình siêu tốc,14
22609079,1188911333338,Máy Xay Thịt Bosch MMR08R2 - Hàng nhập khẩu,1690000,1690000,0,0,5.0,1,8.0,available,backorder,25229,Bosch,bosch,20256.0,Telovietnam,19746.0,1882.0,Điện Gia Dụng,2026-08-15,True,8.0,False,1690000,0.0,0.0,False,>1.5tr,0%,Máy xay,2
22610760,9321799411626,Máy Ép Trái Cây Amica JK5012 - Hàng nhập khẩu,3350000,3350000,0,0,0.0,0,,available,backorder,41477,Amica,amica,10938.0,Bếp NK,10672.0,1882.0,Điện Gia Dụng,2026-08-15,False,0.0,False,3350000,0.0,0.0,False,>1.5tr,0%,Máy ép,0
22631769,5677965244869,Bình Đun Siêu Tốc Kangaroo KG17K1 (1.7 Lít) - Hàng Chính Hãng,473000,862500,389500,45,0.0,0,8.0,available,instock,19589,Kangaroo,kangaroo,1.0,Tiki Trading,40395.0,2.0,Root,2026-08-15,True,8.0,False,862500,45.15942028985507,0.1594202898550705,False,300-700k,30-50%,Ấm đun nước/Bình siêu tốc,0
22934792,2152894316601,Bếp Điện Từ Âm Electrolux EHL9530FOK - Hàng chính hãng,19900000,19900000,0,0,0.0,0,,available,backorder,19050,Electrolux,electrolux,123983.0,HiepVan,114573.0,1882.0,Điện Gia Dụng,2026-08-15,False,0.0,False,19900000,0.0,0.0,False,>1.5tr,0%,Bếp điện/từ,0
23033147,5981063829645,Bếp Gas Đơn Cao Cấp NaMilux NA300ASM/ SM3061APS- Hàng Chính Hãng,499000,499000,0,0,0.0,0,,available,backorder,113919,NaMilux,namilux,69337.0,Home Star Store,64779.0,1882.0,Điện Gia Dụng,2026-08-15,False,0.0,False,499000,0.0,0.0,False,300-700k,0%,Bếp điện/từ,0
24029999,5187197439433,Máy hút chân không BlueStone VSB-2735 (130W) - Hàng chính hãng,1175000,1175000,0,0,0.0,0,,available,backorder,18977,Bluestone,bluestone,362770.0,Casalux Store,350467.0,23822.0,Máy hút chân không,2026-08-15,False,0.0,False,1175000,0.0,0.0,False,700k-1.5tr,0%,Máy hút chân không,0
24352990,4271299015303,Máy Xay Sinh Tố Đa Năng Sunhouse SHD5322 (220W - 1.25 Lít) - Đỏ - Hàng Chính Hãng,664998,664998,0,0,0.0,0,,available,backorder,41048,Sunhouse,sunhouse,247324.0,Cửa hàng Phương Phương,234356.0,2.0,Root,2026-08-15,False,0.0,False,664998,0.0,0.0,False,300-700k,0%,Máy xay,0
24378442,2276219329524,Bếp ga đơn Namilux NA-300A công nghệ Nhật Bản tiết kiệm ga tiêu thụ - Hàng chính hãng,479000,479000,0,0,0.0,0,2.0,available,backorder,113919,NaMilux,namilux,69337.0,Home Star Store,64779.0,1882.0,Điện Gia Dụng,2026-08-15,True,2.0,False,479000,0.0,0.0,False,300-700k,0%,Khác / Chưa phân loại,0
25169564,1511445877052,Nồi Cơm Điện IH Tách Đường Tiross TS9911 (1.5 Lít) - Đỏ - Hàng Chính Hãng,3999000,3999000,0,0,0.0,0,2.0,available,backorder,25706,Tiross,tiross,99996.0,Tiross Hà Nội,92694.0,1882.0,Điện Gia Dụng,2026-08-15,True,2.0,False,3999000,0.0,0.0,False,>1.5tr,0%,Nồi cơm điện,0
25169568,7491048536928,Nồi Cơm Điện IH Tách Đường Tiross TS9911 (1.5 Lít) - Vàng Kim - Hàng Chính Hãng,3999000,3999000,0,0,0.0,0,,available,backorder,25706,Tiross,tiross,99996.0,Tiross Hà Nội,92694.0,1882.0,Điện Gia Dụng,2026-08-15,False,0.0,False,3999000,0.0,0.0,False,>1.5tr,0%,Nồi cơm điện,0
26020574,6895748252934,Bếp Dương Từ Đôi Proficook PC-DKI 1067 (3500W) - Hàng Chính Hãng,4734000,4734000,0,0,3.3,3,11.0,available,backorder,503515,Proficook,proficook,185939.0,KEPLERCOOK Official Store,172974.0,2.0,Root,2026-08-15,True,11.0,False,4734000,0.0,0.0,False,>1.5tr,0%,Khác / Chưa phân loại,4
26020588,8855646118297,Bếp Âm Từ Đôi Domino Lofra HIN302 (30cm - 3600W) - Hàng Chính Hãng,14699000,14699000,0,0,0.0,0,,available,backorder,503509,Lofra,lofra,185939.0,KEPLERCOOK Official Store,172974.0,2.0,Root,2026-08-15,False,0.0,False,14699000,0.0,0.0,False,>1.5tr,0%,Khác / Chưa phân loại,0
26031273,2374627942004,Máy ép chậm Panasonic MJ L500 - Hàng nhập khẩu,5750000,5750000,0,0,5.0,1,5.0,available,backorder,18804,Panasonic,panasonic,125683.0,M2P Shop,116136.0,1882.0,Điện Gia Dụng,2026-08-15,True,5.0,False,5750000,0.0,0.0,False,>1.5tr,0%,Máy ép,30
26360197,5395727430809,Nồi Cơm Tách Đường Saiko LS-300 (3.0 Lít) - Hàng Chính Hãng,4590000,4590000,0,0,0.0,0,2.0,available,backorder,145019,Saiko,saiko,20256.0,Telovietnam,19746.0,1882.0,Điện Gia Dụng,2026-08-15,True,2.0,False,4590000,0.0,0.0,False,>1.5tr,0%,Nồi cơm điện,0
26583996,5096800882866,Bếp từ GS1 - 406 - Hàng Chính Hãng,16860000,16860000,0,0,0.0,0,,available,backorder,275841,GRASSO,grasso,16426.0,Thiết bị nhà bếp Grasso Việt Nam,15840.0,2.0,Root,2026-08-15,False,0.0,False,16860000,0.0,0.0,False,>1.5tr,0%,Bếp điện/từ,0
26590035,2541639786760,Bếp từ đơn GS 6IH Touch - Hàng Chính Hãng,3560000,3560000,0,0,0.0,0,,available,backorder,275841,GRASSO,grasso,16426.0,Thiết bị nhà bếp Grasso Việt Nam,15840.0,2.0,Root,2026-08-15,False,0.0,False,3560000,0.0,0.0,False,>1.5tr,0%,Bếp điện/từ,0
27538133,4422565055664,Bếp Gas Đôi Chén Nhôm RAINY hoa văn màu sắc ngẫu nhiên + tặng vĩ nướng chống dính - Hàng chính hãng,499000,499000,0,0,4.3,3,25.0,available,backorder,508591,Thiên Thủy RAINY,thien-thuy-rainy,69337.0,Home Star Store,64779.0,1882.0,Điện Gia Dụng,2026-08-15,True,25.0,False,499000,0.0,0.0,False,300-700k,0%,Bếp điện/từ,3
27798771,4371701048933,Máy Hút Mùi Dạng Cổ Điển Elica CONCORDE 2M IX/F/70 (70cm) - Hàng Chính Hãng,3910000,3910000,0,0,5.0,1,1.0,available,backorder,503507,Elica,elica,185939.0,KEPLERCOOK Official Store,172974.0,1882.0,Điện Gia Dụng,2026-08-15,True,1.0,False,3910000,0.0,0.0,False,>1.5tr,0%,Máy hút mùi,1
27820318,5150242502369,Bếp Gas Hồng Ngoại Đơn Cao Cấp RaiNy – Tặng bộ van dây - Hàng chính Hãng,409000,409000,0,0,4.2,13,40.0,available,backorder,508591,Thiên Thủy RAINY,thien-thuy-rainy,69337.0,Home Star Store,64779.0,1882.0,Điện Gia Dụng,2026-08-15,True,40.0,False,409000,0.0,0.0,False,300-700k,0%,Bếp điện/từ,14
29347959,6247323796249,Nồi Chiên Không Dầu Hafele AF-68A (3.2 lít) - Hàng Chính Hãng,2290000,2290000,0,0,4.5,2,3.0,available,backorder,205197,HAFELE,hafele,119932.0,Smartlife247,110861.0,2.0,Root,2026-08-15,True,3.0,False,2290000,0.0,0.0,False,>1.5tr,0%,Nồi chiên không dầu,30
29825391,8597144719346,Lưỡi Dao Máy Xay Sinh Tố Omniblend - Hàng Nhập Khẩu,660000,660000,0,0,4.7,11,78.0,available,backorder,145462,JTC OmniBlend,jtc-omniblend,66603.0,JTC OmniBlend Official,62393.0,2.0,Root,2026-08-15,True,78.0,False,660000,0.0,0.0,False,300-700k,0%,Máy xay,11
29825399,5037321280991,Hộp Chống Ồn Máy Xay Sinh Tố Công Nghiệp Jtc Omniblend - Nhập Khẩu Chính Hãng,2060000,2060000,0,0,4.7,7,67.0,available,backorder,145462,JTC OmniBlend,jtc-omniblend,66603.0,JTC OmniBlend Official,62393.0,1882.0,Điện Gia Dụng,2026-08-15,True,67.0,False,2060000,0.0,0.0,False,>1.5tr,0%,Máy xay,7
29825401,4945105581374,Socket Máy Xay Sinh Tố Jtc Omniblend - Nhập Khẩu Chính Hãng,190000,190000,0,0,5.0,16,121.0,available,backorder,145462,JTC OmniBlend,jtc-omniblend,66603.0,JTC OmniBlend Official,62393.0,2.0,Root,2026-08-15,True,121.0,False,190000,0.0,0.0,False,100-300k,0%,Máy xay,16
29825403,2717781020087,Phụ Kiện Tháo Lưỡi Dao Máy Xay Công Nghiệp hiệu JTC Omniblend - Hàng Nhập Khẩu,50000,50000,0,0,5.0,10,43.0,available,backorder,145462,JTC OmniBlend,jtc-omniblend,66603.0,JTC OmniBlend Official,62393.0,1882.0,Điện Gia Dụng,2026-08-15,True,43.0,False,50000,0.0,0.0,False,<100k,0%,Máy xay,10
32200286,3984774627991,"Bếp Gas Đôi mặt kiếng cao cấp Windo , điếu gan, chén đồng W8080 - Hàng Chính Hãng",990000,990000,0,0,0.0,0,1.0,available,backorder,531635,WINDO,windo,69337.0,Home Star Store,64779.0,1882.0,Điện Gia Dụng,2026-08-15,True,1.0,False,990000,0.0,0.0,False,700k-1.5tr,0%,Bếp điện/từ,0
32724720,3243544641026,NỒI CƠM ĐIỆN CAO TẦN TIGER JKT-S18W 1.8L - Hàng Chính Hãng,11600000,11600000,0,0,5.0,1,2.0,available,backorder,79440,Tiger,tiger,76535.0,Thế Giới Nồi Cơm Điện,71406.0,1882.0,Điện Gia Dụng,2026-08-15,True,2.0,False,11600000,0.0,0.0,False,>1.5tr,0%,Nồi cơm điện,16
32787162,5950306475161,Bếp điện từ Arber AB-408B- Hàng Chính Hãng,4600000,4600000,0,0,0.0,0,,available,backorder,185817,Arber,arber,20256.0,Telovietnam,19746.0,2.0,Root,2026-08-15,False,0.0,False,4600000,0.0,0.0,False,>1.5tr,0%,Bếp điện/từ,0
32858503,2337250369594,BÌNH ĐUN SIÊU TỐC TOSHIBA KT-17DR1NV - Hàng chính hãng,926000,1290000,364000,28,4.5,10,38.0,available,instock,18634,Toshiba,toshiba,1.0,Tiki Trading,40395.0,1882.0,Điện Gia Dụng,2026-08-15,True,38.0,False,1290000,28.217054263565895,0.2170542635658954,False,700k-1.5tr,20-30%,Ấm đun nước/Bình siêu tốc,11
33992104,3061895863474,BẾP ĐIỆN TỪ STEBA IK60E - Hàng chính hãng,3500000,4690000,1190000,25,5.0,1,2.0,available,backorder,212007,Steba,steba,177099.0,Hàng Gia Dụng Châu Âu,164135.0,1882.0,Điện Gia Dụng,2026-08-15,True,2.0,False,4690000,25.37313432835821,0.3731343283582085,False,>1.5tr,20-30%,Bếp điện/từ,1
34281272,5152662572403,Máy Xay Sinh Tố Toshiba BL-70PR1NV (700W - 1.5 Lít) - Hàng Chính Hãng,936000,1390000,454000,33,4.7,186,424.0,available,instock,18634,Toshiba,toshiba,1.0,Tiki Trading,40395.0,1882.0,Điện Gia Dụng,2026-08-15,True,424.0,False,1390000,32.66187050359712,0.33812949640287826,False,700k-1.5tr,30-50%,Máy xay,211
34710452,3015348142166,Lò vi sóng Eurosun MWO-28EUR_Hàng Chính Hãng,8910000,8910000,0,0,0.0,0,,available,backorder,185807,Eurosun,eurosun,155120.0,thietbinhabep,142978.0,2.0,Root,2026-08-15,False,0.0,False,8910000,0.0,0.0,False,>1.5tr,0%,Lò vi sóng/nướng,0
35401381,2541621436833,Lò vi sóng Eurosun MWO-30EUR - Hàng chính hãng,9968000,9968000,0,0,0.0,0,,available,backorder,185807,Eurosun,eurosun,155120.0,thietbinhabep,142978.0,1882.0,Điện Gia Dụng,2026-08-15,False,0.0,False,9968000,0.0,0.0,False,>1.5tr,0%,Lò vi sóng/nướng,0
36626940,1698700525412,Nồi Chiên Không Dầu Điện Tử Lock&Lock EJF357BLK (5.2 Lít) - Hàng Chính Hãng,2086000,5215000,3129000,60,4.7,6567,24620.0,available,instock,48077,LocknLock,locknlock,1.0,Tiki Trading,40395.0,8123.0,Nồi chiên,2026-08-15,True,24620.0,False,5215000,60.0,0.0,False,>1.5tr,>50%,Nồi chiên không dầu,6595
36994841,1890718333427,Máy Xay Sinh Tố Toshiba MX-60T(H) (600W - 1.5 Lít) - Hàng Chính Hãng,609000,890000,281000,32,4.6,533,1960.0,available,instock,18634,Toshiba,toshiba,1.0,Tiki Trading,40395.0,1882.0,Điện Gia Dụng,2026-08-15,True,1960.0,False,890000,31.573033707865168,0.42696629213483206,False,300-700k,30-50%,Máy xay,560
37491054,6891370063900,Bếp từ đôi LCI-809S - Hàng chính hãng,19950000,19950000,0,0,0.0,0,,available,backorder,185819,Lorca,lorca,109432.0,Lorca,101288.0,1882.0,Điện Gia Dụng,2026-08-15,False,0.0,False,19950000,0.0,0.0,False,>1.5tr,0%,Bếp điện/từ,0
37535371,4740823068004,Lò Vi Sóng Sharp R-209VN-SK (20 lít) - Hàng Chính Hãng,1512000,1512000,0,0,5.0,1,9.0,available,backorder,19912,Sharp,sharp,2716.0,dienmaysaigon.com,2671.0,1882.0,Điện Gia Dụng,2026-08-15,True,9.0,False,1512000,0.0,0.0,False,>1.5tr,0%,Lò vi sóng/nướng,30
38232774,8236279252082,Máy Làm Sữa Chua Và Pho Mát 6 Trong 1 Kuvings KGC-712CB (2.0L) – Màu đỏ - Hàng Chính Hãng,2548000,2990000,442000,15,4.7,16,79.0,available,instock,41435,Kuvings,kuvings,1.0,Tiki Trading,40395.0,2.0,Root,2026-08-15,True,79.0,False,2990000,14.782608695652174,0.21739130434782616,False,>1.5tr,10-20%,Máy làm sữa chua,18
38595198,5067760661068,Nồi cơm điện Bluestone RCB-5512 (1.2 Lít) - Hàng chính hãng,606000,859000,253000,29,4.1,21,57.0,available,instock,18977,Bluestone,bluestone,1.0,Tiki Trading,40395.0,1882.0,Điện Gia Dụng,2026-08-15,True,57.0,False,859000,29.452852153667052,0.45285215366705245,False,300-700k,20-30%,Nồi cơm điện,21
38667669,3665066456443,Máy hút mùi Bluestone HOB-8735 - Hàng chính hãng,4259000,6199000,1940000,31,0.0,0,,available,backorder,18977,Bluestone,bluestone,58532.0,Trương Thiên Long,55298.0,1882.0,Điện Gia Dụng,2026-08-15,False,0.0,False,6199000,31.295370221003388,0.29537022100338817,False,>1.5tr,30-50%,Máy hút mùi,0
43040207,7532918450118,"Máy xay thịt Osako OST-350, dung tích cối 2Lit, công suất 350W-Hàng chính hãng",630000,630000,0,0,0.0,0,6.0,available,backorder,238379,Osako,osako,33792.0,Gia Dụng NuHa,33089.0,1882.0,Điện Gia Dụng,2026-08-15,True,6.0,False,630000,0.0,0.0,False,300-700k,0%,Máy xay,0
44022555,6672146938758,Bình Thủy Điện Panasonic NC-EG3000CSY - Hàng Chính Hãng,2074800,2074800,0,0,5.0,5,36.0,available,instock,18804,Panasonic,panasonic,138278.0,AM MART,127693.0,1882.0,Điện Gia Dụng,2026-08-15,True,36.0,False,2074800,0.0,0.0,False,>1.5tr,0%,Bình giữ nhiệt,30
45878476,1380943436340,Ấm Đun Siêu Tốc Tiross TS495 1.7L - Hàng chính hãng,449000,449000,0,0,0.0,0,3.0,available,backorder,25706,Tiross,tiross,99996.0,Tiross Hà Nội,92694.0,1882.0,Điện Gia Dụng,2026-08-15,True,3.0,False,449000,0.0,0.0,False,300-700k,0%,Ấm đun nước/Bình siêu tốc,0
46768480,6686278038767,Nồi cơm điện Panasonic SR-CP108NRA 1Lit - Chế độ giữ ấm 12 tiếng - Công nghệ nấu Fuzzy điều chỉnh nhiệt độ theo từng loại gạo - Hàng Chính Hãng,3300000,3300000,0,0,0.0,0,,available,backorder,18804,Panasonic,panasonic,292953.0,ĐIỆN MÁY TẤN TÀI,280276.0,1343.0,CHƯƠNG TRÌNH KHUYẾN MẠI KHÁC,2026-08-15,False,0.0,False,3300000,0.0,0.0,False,>1.5tr,0%,Nồi cơm điện,0
48152656,2328949262708,Máy Xay Thịt Cối Inox Lock&Lock EJM172 (2 lít) Hàng Chính Hãng,779000,1500000,721000,48,4.8,58,229.0,available,backorder,48077,LocknLock,locknlock,195742.0,Điện Máy Vymart,182775.0,1882.0,Điện Gia Dụng,2026-08-15,True,229.0,False,1500000,48.06666666666667,0.06666666666666998,False,700k-1.5tr,30-50%,Máy xay,85
48586992,9317493955108,Đĩa Lò Vi Sóng Cao Cấp đường kính 27cm ,115000,115000,0,0,4.8,6,64.0,available,backorder,5307993,Thuận Dung,thuan-dung,6878.0,VẬT TƯ ĐIỆN LẠNH THUẬN DUNG,6714.0,1882.0,Điện Gia Dụng,2026-08-15,True,64.0,False,115000,0.0,0.0,False,100-300k,0%,Lò vi sóng/nướng,35
49034451,1438996445014,Bình Đun Siêu Tốc Sharp EKJ-17EVSD-WD (1.7 lít) - Hàng Chính Hãng,690000,690000,0,0,0.0,0,,available,backorder,19912,Sharp,sharp,184067.0,Siêu Thị Điện Máy Từ Sơn,171102.0,2.0,Root,2026-08-15,False,0.0,False,690000,0.0,0.0,False,300-700k,0%,Ấm đun nước/Bình siêu tốc,0
49164943,9530034968843,LÒ VI SÓNG TOSHIBA MW2-MM24PC(BK) (24 Lít) - Hàng chính hãng,2097000,2690000,593000,22,4.8,27,137.0,available,instock,18634,Toshiba,toshiba,1.0,Tiki Trading,40395.0,1882.0,Điện Gia Dụng,2026-08-15,True,137.0,False,2690000,22.044609665427508,0.044609665427508105,False,>1.5tr,20-30%,Lò vi sóng/nướng,42
49165339,4593536024436,LÒ VI SÓNG TOSHIBA MW2-AG24PC(BK)- Hàng chính hãng,2563000,3299000,736000,22,4.8,4,15.0,available,instock,18634,Toshiba,toshiba,1.0,Tiki Trading,40395.0,1882.0,Điện Gia Dụng,2026-08-15,True,15.0,False,3299000,22.309790845710822,0.3097908457108218,False,>1.5tr,20-30%,Lò vi sóng/nướng,9
49601294,1402207177049,Nồi cơm điện Tiger JNP-1000 (Màu trắng) - Hàng chính hãng,3290000,3380000,0,0,0.0,0,,out_of_stock,backorder,79440,Tiger,tiger,,,,,,2026-08-15,False,0.0,True,3380000,2.6627218934911245,2.6627218934911245,True,>1.5tr,0%,Nồi cơm điện,0
50331023,3178716902868,Máy Ép Trái Cây Tốc Độ Chậm Kuvings NS-621CBM2 (Xám) - Hàng Chính Hãng,8499000,13490000,4991000,37,0.0,0,,available,backorder,41435,Kuvings,kuvings,78755.0,Bepnhatoi,73403.0,1882.0,Điện Gia Dụng,2026-08-15,False,0.0,False,13490000,36.99777613046702,0.002223869532983258,False,>1.5tr,30-50%,Máy ép,0
50712789,2871235366418,"Nồi cơm điện cao tần Sharp KS-IH191V 1.8L, hàng chính hãng (Giao màu ngẫu nhiên)",2950000,2950000,0,0,0.0,0,1.0,available,backorder,19912,Sharp,sharp,184067.0,Siêu Thị Điện Máy Từ Sơn,171102.0,1882.0,Điện Gia Dụng,2026-08-15,True,1.0,False,2950000,0.0,0.0,False,>1.5tr,0%,Nồi cơm điện,0
51061053,1452604778011,Máy Vắt Cam SHARP EJ-J850-BK - Hàng chính hãng,452000,625000,173000,28,3.9,39,125.0,available,instock,19912,Sharp,sharp,1.0,Tiki Trading,40395.0,1882.0,Điện Gia Dụng,2026-08-15,True,125.0,False,625000,27.68,0.3200000000000003,False,300-700k,20-30%,Khác / Chưa phân loại,49
51200047,4303237677707,Nồi Chiên Không Dầu Philips HD9745 (1500W) - Hàng Chính Hãng,6690000,6690000,0,0,4.0,1,1.0,available,backorder,19018,Philips,philips,184067.0,Siêu Thị Điện Máy Từ Sơn,171102.0,1882.0,Điện Gia Dụng,2026-08-15,True,1.0,False,6690000,0.0,0.0,False,>1.5tr,0%,Nồi chiên không dầu,30
51470321,3342456680526,Máy Xay Cắt Đa Năng Magic Eco AC-15 - Hàng Chính Hãng,507000,799000,292000,37,3.9,13,44.0,available,instock,717695,Magic Eco,magic-eco,1.0,Tiki Trading,40395.0,1882.0,Điện Gia Dụng,2026-08-15,True,44.0,False,799000,36.545682102628284,0.45431789737171613,False,300-700k,30-50%,Máy xay,14
51558757,5441537207336,Ấm Siêu Tốc Inox Happy Time Sunhouse HTD1081 (1.8 lít) - Hàng chính hãng KM,250000,250000,0,0,0.0,0,,available,backorder,41048,Sunhouse,sunhouse,173338.0,SMARTWATCH,160374.0,1882.0,Điện Gia Dụng,2026-08-15,False,0.0,False,250000,0.0,0.0,False,100-300k,0%,Ấm đun nước/Bình siêu tốc,0
52050272,6134732178158,Lò Vi Sóng Toshiba ER-SM20(W1)VN (20 Lít) - Hàng Chính Hãng,1698000,2199000,501000,23,4.8,48,158.0,available,instock,18634,Toshiba,toshiba,1.0,Tiki Trading,40395.0,1882.0,Điện Gia Dụng,2026-08-15,True,158.0,False,2199000,22.78308321964529,0.2169167803547083,False,>1.5tr,20-30%,Lò vi sóng/nướng,56
52129844,3398688834756,Combo Bếp Gas Dương Kính Sunhouse MaMa MMBB0787B Kèm Van Dây - Chính Hãng,1700000,1700000,0,0,4.5,5,10.0,available,backorder,41048,Sunhouse,sunhouse,11119.0,GIA DỤNG VIỆT,10842.0,1882.0,Điện Gia Dụng,2026-08-15,True,10.0,False,1700000,0.0,0.0,False,>1.5tr,0%,Bếp điện/từ,5
52393268,2816665971771,Máy Xay Sinh Tố BlueStone BLB-5339 (1.5 Lít) - Hàng chính hãng,1382000,1999000,617000,31,4.5,78,185.0,available,instock,18977,Bluestone,bluestone,1.0,Tiki Trading,40395.0,1882.0,Điện Gia Dụng,2026-08-15,True,185.0,False,1999000,30.86543271635818,0.1345672836418217,False,700k-1.5tr,30-50%,Máy xay,78
52393272,9922811650469,Máy xay sinh tố BlueStone BLB-5377 - Hàng Chính Hãng,1949000,2299000,350000,15,0.0,0,1.0,available,backorder,18977,Bluestone,bluestone,253296.0,BLUESTONE OFFICIAL STORE,240328.0,2.0,Root,2026-08-15,True,1.0,False,2299000,15.224010439321445,0.22401043932144482,False,>1.5tr,10-20%,Máy xay,0
52581394,4338696701250,"Nồi cơm điện nắp gài BlueStone RCB-5519 (1,8L -700W) - Hàng chính hãng",662000,999000,337000,34,4.6,63,168.0,available,instock,18977,Bluestone,bluestone,1.0,Tiki Trading,40395.0,1882.0,Điện Gia Dụng,2026-08-15,True,168.0,False,999000,33.733733733733736,0.26626626626626404,False,300-700k,30-50%,Nồi cơm điện,63
52584783,7133031361895,Bếp Gas Âm Sakura SG-2665GB - Hàng chính hãng,4590000,4590000,0,0,5.0,4,8.0,available,backorder,114515,SAKURA,sakura,2268.0,Sakura Official Store,2226.0,1882.0,Điện Gia Dụng,2026-08-15,True,8.0,False,4590000,0.0,0.0,False,>1.5tr,0%,Bếp điện/từ,4
52867858,7753380992832,Combo Máy Xay Sinh Tố Công Nghiệp JTC Omniblend I TM-767A 1200W (1.5L) và Cối Rời JTC Omniblend (1.5L) - Chính Hãng,5450000,5450000,0,0,5.0,2,13.0,available,backorder,145462,JTC OmniBlend,jtc-omniblend,66603.0,JTC OmniBlend Official,62393.0,1882.0,Điện Gia Dụng,2026-08-15,True,13.0,False,5450000,0.0,0.0,False,>1.5tr,0%,Máy xay,2
53299584,5839455565353,Nồi cơm điện cao tần Sharp KS-IH191V (1.8 lít) - Hàng chính hãng,2790000,2790000,0,0,0.0,0,2.0,available,backorder,19912,Sharp,sharp,184067.0,Siêu Thị Điện Máy Từ Sơn,171102.0,2.0,Root,2026-08-15,True,2.0,False,2790000,0.0,0.0,False,>1.5tr,0%,Nồi cơm điện,0
54716577,5062880816121,Bình Đun Siêu Tốc 2 Lớp Lock&Lock EJK738BLK (1.7L) - Hàng Chính Hãng,544040,938000,393960,42,4.7,2157,9669.0,available,instock,48077,LocknLock,locknlock,1.0,Tiki Trading,40395.0,1931.0,Bình đun siêu tốc,2026-08-15,True,9669.0,False,938000,42.0,0.0,False,300-700k,30-50%,Ấm đun nước/Bình siêu tốc,1615
54926202,6406618874462,Bếp từ Rommelsbacher ĐỨC mã số EBC 3410IN - HÀNG NHẬP KHẨU,7990000,7990000,0,0,0.0,0,,available,backorder,192121,Rommelsbacher,rommelsbacher,20256.0,Telovietnam,19746.0,1882.0,Điện Gia Dụng,2026-08-15,False,0.0,False,7990000,0.0,0.0,False,>1.5tr,0%,Bếp điện/từ,0
55057555,2214238622790,Máy Đánh Trứng Cầm Tay 7 Tốc Độ Công Suất Lớn Tặng Kèm 4 Que Đánh Cao Cấp Thép Không Gỉ - Hàng Chính Hãng - Hàng Nhập Khẩu,119000,119000,0,0,0.0,0,1.0,available,backorder,51073,Scarlett,scarlett,65914.0,Bách Hóa Bùi Uyên,61791.0,1882.0,Điện Gia Dụng,2026-08-15,True,1.0,False,119000,0.0,0.0,False,100-300k,0%,Máy đánh trứng,0
55386294,8466871692065,"Máy xay thịt công suất 1000W, cối inox 6L Osako OST-1020-hàng chính hãng",1650000,1650000,0,0,4.2,5,37.0,available,backorder,238379,Osako,osako,33792.0,Gia Dụng NuHa,33089.0,1882.0,Điện Gia Dụng,2026-08-15,True,37.0,False,1650000,0.0,0.0,False,>1.5tr,0%,Máy xay,13
55583871,7121867239778,Nồi Cơm Điện Tử Toshiba RC-18DH2PV(W) (1.8 Lít) - Hàng chính hãng,1323000,1990000,667000,34,4.7,306,816.0,available,instock,18634,Toshiba,toshiba,1.0,Tiki Trading,40395.0,1882.0,Điện Gia Dụng,2026-08-15,True,816.0,False,1990000,33.51758793969849,0.4824120603015132,False,700k-1.5tr,30-50%,Nồi cơm điện,332
56048933,5677382890137,Bếp điện từ đơn CANAVAL CA6616 - Hàng nhập khẩu,1215000,1215000,0,0,0.0,0,,available,backorder,318937,CANAVAL,canaval,124364.0,SMART KITCHENWARE SHOP,114922.0,1882.0,Điện Gia Dụng,2026-08-15,False,0.0,False,1215000,0.0,0.0,False,700k-1.5tr,0%,Bếp điện/từ,0
56049689,6225027613383,Bếp điện từ đơn CANAVAL CA6618 - Hàng nhập khẩu,1650000,1650000,0,0,4.0,1,4.0,available,backorder,318937,CANAVAL,canaval,124364.0,SMART KITCHENWARE SHOP,114922.0,1882.0,Điện Gia Dụng,2026-08-15,True,4.0,False,1650000,0.0,0.0,False,>1.5tr,0%,Bếp điện/từ,1
56085595,4420768377590,Bếp từ Rommelsbacher CHLB Đức mã số EBC 3430/IN - Hàng chính hãng,8400000,8400000,0,0,0.0,0,,available,backorder,192121,Rommelsbacher,rommelsbacher,20256.0,Telovietnam,19746.0,1882.0,Điện Gia Dụng,2026-08-15,False,0.0,False,8400000,0.0,0.0,False,>1.5tr,0%,Bếp điện/từ,0
57588481,1027487375604,Nồi Điện Đa Năng Lock&Lock EJP116BLK (0.8 Lít) - Hàng Chính Hãng,605520,1044000,438480,42,4.8,50,205.0,available,backorder,48077,LocknLock,locknlock,38510.0,JoyMall LocknLock Chính Hãng,37780.0,5313.0,Nồi đa năng,2026-08-15,True,205.0,False,1044000,42.0,0.0,False,300-700k,30-50%,Nồi/Chảo (khác),75
57878964,1380713925807,Nồi cơm cao tần Toshiba RC-10IX1PV (1 Lít)- Hàng Chính Hãng,2378000,2990000,612000,20,4.7,395,1151.0,available,instock,18634,Toshiba,toshiba,1.0,Tiki Trading,40395.0,1882.0,Điện Gia Dụng,2026-08-15,True,1151.0,False,2990000,20.468227424749163,0.4682274247491627,False,>1.5tr,10-20%,Nồi cơm điện,420
57884897,8525043597826,Máy Xay Sinh Tố Blender Đa Năng Masuto BL399B Công Nghệ Nhật Bản - Hàng Chính Hãng,815000,815000,0,0,5.0,14,32.0,available,backorder,545391,Masuto,masuto,173338.0,SMARTWATCH,160374.0,1882.0,Điện Gia Dụng,2026-08-15,True,32.0,False,815000,0.0,0.0,False,700k-1.5tr,0%,Máy xay,38
57899819,9571123437987,Nồi cơm cao tần Toshiba RC-18IX1PV (1.8 Lít) - Hàng Chính Hãng,2650000,3390000,740000,22,4.7,673,1931.0,available,instock,18634,Toshiba,toshiba,1.0,Tiki Trading,40395.0,1882.0,Điện Gia Dụng,2026-08-15,True,1931.0,False,3390000,21.828908554572273,0.17109144542772725,False,>1.5tr,20-30%,Nồi cơm điện,700
57900412,5065325270526,Nồi cơm cao tần Toshiba RC-10IP1PV (1 Lít) - Hàng Chính Hãng,3790000,3790000,0,0,4.0,1,1.0,available,backorder,18634,Toshiba,toshiba,78755.0,Bepnhatoi,73403.0,1882.0,Điện Gia Dụng,2026-08-15,True,1.0,False,3790000,0.0,0.0,False,>1.5tr,0%,Nồi cơm điện,30
57901956,5730773486798,Bình đun siêu tốc Toshiba KT-15DS1PV - Hàng Chính Hãng,677000,949000,272000,29,4.8,65,192.0,available,instock,18634,Toshiba,toshiba,1.0,Tiki Trading,40395.0,1931.0,Bình đun siêu tốc,2026-08-15,True,192.0,False,949000,28.661749209694413,0.3382507903055867,False,300-700k,20-30%,Ấm đun nước/Bình siêu tốc,76
57902421,1158535719122,Bình Đun Siêu Tốc Toshiba KT-15DS1NV (1.5L) - Hàng Chính Hãng,743000,1187500,444500,37,4.5,66,159.0,available,instock,18634,Toshiba,toshiba,1.0,Tiki Trading,40395.0,1882.0,Điện Gia Dụng,2026-08-15,True,159.0,False,1187500,37.43157894736842,0.43157894736842195,False,700k-1.5tr,30-50%,Ấm đun nước/Bình siêu tốc,89
58047274,5240254151423,Bình đun siêu tốc Toshiba 1.7 lít KT-17SH2NV - HÀNG CHÍNH HÃNG,468000,737500,269500,37,4.7,395,1115.0,available,instock,18634,Toshiba,toshiba,1.0,Tiki Trading,40395.0,1882.0,Điện Gia Dụng,2026-08-15,True,1115.0,False,737500,36.54237288135593,0.45762711864406924,False,300-700k,30-50%,Ấm đun nước/Bình siêu tốc,420
58057110,2897565541325,Máy xay sinh tố Philips HR2222/00 (700W) - Hàng Chính Hãng,1169000,1599000,430000,27,4.7,274,662.0,available,instock,19018,Philips,philips,1.0,Tiki Trading,40395.0,1882.0,Điện Gia Dụng,2026-08-15,True,662.0,False,1599000,26.89180737961226,0.10819262038774013,False,700k-1.5tr,20-30%,Máy xay,300
58057112,5112067724074,Máy xay sinh tố Philips HR2221/00 (700W) - Hàng Chính Hãng,1053000,1470000,417000,28,4.5,252,992.0,available,instock,19018,Philips,philips,1.0,Tiki Trading,40395.0,1882.0,Điện Gia Dụng,2026-08-15,True,992.0,False,1470000,28.367346938775512,0.36734693877551194,False,700k-1.5tr,20-30%,Máy xay,280
58057114,3481700140819,Máy xay sinh tố Philips HR2223/00 - Hàng Chính Hãng,1394000,1950000,556000,29,4.5,830,2371.0,available,instock,19018,Philips,philips,1.0,Tiki Trading,40395.0,1882.0,Điện Gia Dụng,2026-08-15,True,2371.0,False,1950000,28.512820512820515,0.48717948717948545,False,700k-1.5tr,20-30%,Máy xay,400
58068300,6348535951607,Bếp gas âm Eurosun EU-GA291D - Hàng Chính Hãng,5392000,5392000,0,0,5.0,1,1.0,available,backorder,185807,Eurosun,eurosun,155120.0,thietbinhabep,142978.0,2.0,Root,2026-08-15,True,1.0,False,5392000,0.0,0.0,False,>1.5tr,0%,Bếp điện/từ,1
58553692,2119927284214,"Nồi Cơm Điện Tử Tefal RK752168 - 1.8L, 750W - Hàng Chính Hãng",2036000,2100000,64000,3,0.0,0,,available,backorder,19813,Tefal,tefal,12063.0,Điện Máy Phú Sĩ,11732.0,2.0,Root,2026-08-15,False,0.0,False,2100000,3.0476190476190474,0.04761904761904745,False,>1.5tr,0-10%,Nồi cơm điện,0
59278070,4818284717806,"Máy Ép Miệng Ly ,Máy Dán Màng Cốc ABG Eton D7, Dành Cho Các Loại Ly Nhựa 700ml Và Nhỏ Hơn  - Hàng Chính Hãng",1283400,1380000,96600,7,4.6,10,36.0,available,backorder,929563,ABG,abg,141077.0,Pi Stores,130261.0,1882.0,Điện Gia Dụng,2026-08-15,True,36.0,False,1380000,7.000000000000001,8.881784197001252e-16,False,700k-1.5tr,0-10%,Máy ép,10
59407925,3580098312089,"Ấm đun nước siêu tốc Điện Quang ĐQ EKT06 1518 BL (1500W, 1.8L, inox 201, nhựa PP màu đen) - Hàng chính hãng",164000,164000,0,0,5.0,2,6.0,available,backorder,41391,Điện Quang,dien-quang,123029.0,Bách Hóa Online 24h,113707.0,1931.0,Bình đun siêu tốc,2026-08-15,True,6.0,False,164000,0.0,0.0,False,100-300k,0%,Ấm đun nước/Bình siêu tốc,24
60152236,7441951123128,"Nồi cơm điện lồng niêu dày 5 lớp Osako-nồi đẹp cơm ngon, công suất 700W, mâm nhiệt cong, dung tích 1.8L, màu ngẫu nhiên-hàng chính hãng",1090000,1090000,0,0,4.8,6,11.0,available,backorder,238379,Osako,osako,33792.0,Gia Dụng NuHa,33089.0,1882.0,Điện Gia Dụng,2026-08-15,True,11.0,False,1090000,0.0,0.0,False,700k-1.5tr,0%,Nồi cơm điện,7
60239653,7512495645510,Máy xay cầm tay Braun MQ5200 - Hàng Chính Hãng,1690000,1690000,0,0,4.8,79,284.0,available,instock,48649,Braun,braun,1.0,Tiki Trading,40395.0,1882.0,Điện Gia Dụng,2026-08-15,True,284.0,False,1690000,0.0,0.0,False,>1.5tr,0%,Máy xay,105
63561221,3355908327443,Bếp Ga Đôi RAIDEN Mặt Kiếng Cường Lực Khung Inox Bền Bỉ-Hàng Chính Hãng,425000,425000,0,0,5.0,3,65.0,available,backorder,872683,Raiden,raiden,69337.0,Home Star Store,64779.0,1882.0,Điện Gia Dụng,2026-08-15,True,65.0,False,425000,0.0,0.0,False,300-700k,0%,Khác / Chưa phân loại,16
63905937,2812848111033,BẾP GAS ĐÔI ZENNE KDi 106 NHẬP KHẨU MALAYSIA – MẶT BẾP INOX - NGỌN LỬA MẠNH VÀ HỘI TỤ - TIẾT KIỆM GAS,1580000,1630000,50000,3,0.0,0,1.0,available,backorder,936857,Zenne,zenne,1281.0,PAULEE,1237.0,1882.0,Điện Gia Dụng,2026-08-15,True,1.0,False,1630000,3.067484662576687,0.06748466257668717,False,>1.5tr,0-10%,Bếp điện/từ,0
63912480,2977915543213,BẾP GAS ĐÔI ZENNE KLS 206 - NHẬP KHẨU MALAYSIA – MẶT BẾP PHỦ MEN - NGỌN LỬA MẠNH VÀ HỘI TỤ - TIẾT KIỆM GAS,2095000,2160000,65000,3,0.0,0,2.0,available,backorder,936857,Zenne,zenne,1281.0,PAULEE,1237.0,1882.0,Điện Gia Dụng,2026-08-15,True,2.0,False,2160000,3.009259259259259,0.009259259259259078,False,>1.5tr,0-10%,Bếp điện/từ,0
64239886,8412871776984,Máy xay sinh tố cầm tay Philips HR2534 (650W) - Hàng chính hãng,764000,989000,225000,23,5.0,191,693.0,available,instock,19018,Philips,philips,1.0,Tiki Trading,40395.0,1882.0,Điện Gia Dụng,2026-08-15,True,693.0,False,989000,22.75025278058645,0.24974721941354971,False,700k-1.5tr,20-30%,Máy xay,220
66545379,7551942766484,"Máy xay thịt cá OSAKO, bộ dao 4 lưỡi-Hàng chính hãng",650000,650000,0,0,4.0,1,5.0,available,backorder,238379,Osako,osako,33792.0,Gia Dụng NuHa,33089.0,1882.0,Điện Gia Dụng,2026-08-15,True,5.0,False,650000,0.0,0.0,False,300-700k,0%,Máy xay,1
66560121,5300966182945,Máy Xay Thịt ABG JY 32 - Thiết Kế Bằng Inox Cao Cấp Có Thể Xay Đa Dạng Thực Phẩm Đảm Bảo Vệ Sinh An Toàn Thực Phẩm – Hàng Chính Hãng,6510000,7000000,490000,7,0.0,0,,available,backorder,929563,ABG,abg,141077.0,Pi Stores,130261.0,1882.0,Điện Gia Dụng,2026-08-15,False,0.0,False,7000000,7.000000000000001,8.881784197001252e-16,False,>1.5tr,0-10%,Máy xay,0
66727944,7696249166251,Máy xay sinh tố cầm tay Philips HR2537 (650W) - Hàng chính hãng,1290000,1689000,399000,24,4.8,305,899.0,available,instock,19018,Philips,philips,1.0,Tiki Trading,40395.0,1882.0,Điện Gia Dụng,2026-08-15,True,899.0,False,1689000,23.623445825932503,0.3765541740674969,False,700k-1.5tr,20-30%,Máy xay,330
67012257,1372462912443,Máy xay sinh tố cầm tay Philips HR2531/00 (650W) - Hàng chính hãng,766800,766800,0,0,4.8,28,83.0,available,instock,19018,Philips,philips,138278.0,AM MART,127693.0,1882.0,Điện Gia Dụng,2026-08-15,True,83.0,False,766800,0.0,0.0,False,700k-1.5tr,0%,Máy xay,55
67017448,9791085876222,Máy hút mùi âm tủ Eurosun EH-70AF86B - HÀNG CHÍNH HÃNG,2950000,2950000,0,0,0.0,0,,available,backorder,185807,Eurosun,eurosun,143120.0,AHA BẾP,132099.0,1882.0,Điện Gia Dụng,2026-08-15,False,0.0,False,2950000,0.0,0.0,False,>1.5tr,0%,Máy hút mùi,0
67344085,7115284631970,Nồi Chiên Không Dầu Perfect PF-D92 (5 Lít) - Hàng Chính Hãng,1225000,1225000,0,0,5.0,1,4.0,available,backorder,51264,Perfect,perfect,69337.0,Home Star Store,64779.0,1882.0,Điện Gia Dụng,2026-08-15,True,4.0,False,1225000,0.0,0.0,False,700k-1.5tr,0%,Nồi chiên không dầu,30
67527421,4569449268106,Vòng giữ lưỡi dao máy xay sinh tố hiệu Omniblend - HÀNG NHẬP KHẨU,220000,220000,0,0,5.0,1,3.0,available,backorder,854077,Omniblend,omniblend,66603.0,JTC OmniBlend Official,62393.0,1882.0,Điện Gia Dụng,2026-08-15,True,3.0,False,220000,0.0,0.0,False,100-300k,0%,Máy xay,1
67956738,6850477548215,Van gas cao áp cao cấp NaMilux NA-538SH-VN dùng cho bếp công nghiệp(bếp khè)- Hàng chính hãng,209000,209000,0,0,0.0,0,17.0,available,backorder,113919,NaMilux,namilux,69337.0,Home Star Store,64779.0,1882.0,Điện Gia Dụng,2026-08-15,True,17.0,False,209000,0.0,0.0,False,100-300k,0%,Khác / Chưa phân loại,0
68006336,9209246773308,"Máy Hút Mùi KUCHEN ĐỨC - KU ELEGANTE 70CM - Dạng Cảm Ứng Cảm ứng, kính vuông góc - Hàng Chính Hãng",14900000,14900000,0,0,0.0,0,,available,backorder,542729,Kuchen,kuchen,9652.0,Crep Protect VN,9454.0,1882.0,Điện Gia Dụng,2026-08-15,False,0.0,False,14900000,0.0,0.0,False,>1.5tr,0%,Máy hút mùi,0
68027047,5092399184343,Bếp Điện Từ Cảm Ứng Đôi KUCHEN ĐỨC - KU IEI218- 2 ngăn từ - Hàng Chính Hãng,22900000,22900000,0,0,0.0,0,,available,backorder,542729,Kuchen,kuchen,9652.0,Crep Protect VN,9454.0,1882.0,Điện Gia Dụng,2026-08-15,False,0.0,False,22900000,0.0,0.0,False,>1.5tr,0%,Bếp điện/từ,0
68270824,3932675476019,Máy xay sinh tố công nghiệp hiệu OmniBlend mã V-TM 800A- HÀNG NHẬP KHẨU,1570000,1570000,0,0,4.8,5,30.0,available,backorder,854077,Omniblend,omniblend,66603.0,JTC OmniBlend Official,62393.0,1882.0,Điện Gia Dụng,2026-08-15,True,30.0,False,1570000,0.0,0.0,False,>1.5tr,0%,Máy xay,5
68719413,1979964029176,Bếp ga mini siêu nhỏ gọn Namilux chất liệu inox cao cấp an toàn-Hàng chính hãng,389000,389000,0,0,0.0,0,35.0,available,backorder,113919,NaMilux,namilux,69337.0,Home Star Store,64779.0,1882.0,Điện Gia Dụng,2026-08-15,True,35.0,False,389000,0.0,0.0,False,300-700k,0%,Khác / Chưa phân loại,0
68771348,8140850804990,Nồi Cơm Điện Mini Lock&Lock EJR426 Dung Tích 0.8 lít (Hàng chính hãng),609000,1200000,591000,49,4.8,181,894.0,available,backorder,48077,LocknLock,locknlock,88331.0,LATH SHOP,82081.0,1882.0,Điện Gia Dụng,2026-08-15,True,894.0,False,1200000,49.25,0.25,False,300-700k,30-50%,Nồi cơm điện,210
68845695,4762720905602,Bếp từ đôi Eurosun EU-T710Pro(S) - Hàng Chính Hãng,11310000,11310000,0,0,0.0,0,,available,backorder,185807,Eurosun,eurosun,155120.0,thietbinhabep,142978.0,1882.0,Điện Gia Dụng,2026-08-15,False,0.0,False,11310000,0.0,0.0,False,>1.5tr,0%,Bếp điện/từ,0
69061037,2528136997455,"Máy Hút Chân Không ABG DZ260 - Máy Đóng Gói Bao Bì Sử Dụng Trong Thủy Sản, Khô Hoặc Tươi Sống, Nắm Vai Trò Quan Trọng Trong Bảo Quản Thực Phẩm - Hàng Chính Hãng  ",7942200,8540000,597800,7,0.0,0,,available,backorder,929563,ABG,abg,141077.0,Pi Stores,130261.0,1882.0,Điện Gia Dụng,2026-08-15,False,0.0,False,8540000,7.000000000000001,8.881784197001252e-16,False,>1.5tr,0-10%,Máy hút chân không,0
70836382,5894413939928,Bếp nướng điện SUNHOUSE SHD4607- 1500W (Hàng Loại A) - Chính Hãng,635800,635800,0,0,5.0,1,3.0,available,backorder,41048,Sunhouse,sunhouse,247324.0,Cửa hàng Phương Phương,234356.0,1882.0,Điện Gia Dụng,2026-08-15,True,3.0,False,635800,0.0,0.0,False,300-700k,0%,Khác / Chưa phân loại,30
71145503,9512198434167,Bếp Ga Mini Inox Namilux NA-1711AS Van Inline Tự Ngắt Ga Chống Cháy Nổ Và Tiết Kiệm Ga -Hàng Chính Hãng,379000,379000,0,0,3.8,4,21.0,available,backorder,113919,NaMilux,namilux,69337.0,Home Star Store,64779.0,1882.0,Điện Gia Dụng,2026-08-15,True,21.0,False,379000,0.0,0.0,False,300-700k,0%,Khác / Chưa phân loại,18
71196779,9888725549698,"Nồi nấu cháo chậm, ninh hầm cách thuỷ BEAR SUBE002 1.6L (kèm 2 thố nhỏ 0.5L và lồng hấp) - Hàng chính hãng",769000,1350000,581000,43,5.0,27,155.0,available,instock,198523,Bear,bear,1.0,Tiki Trading,40395.0,1896.0,"Nồi tiềm, nồi nấu cháo",2026-08-15,True,155.0,False,1350000,43.03703703703704,0.03703703703703809,False,700k-1.5tr,30-50%,Nồi/Chảo (khác),55
72120332,6645817565836,Bếp Khè Gas Công Nghiệp Namilux Gang Đúc Nguyên Khối - Hàng Chính Hãng,990000,990000,0,0,0.0,0,13.0,available,backorder,113919,NaMilux,namilux,69337.0,Home Star Store,64779.0,1882.0,Điện Gia Dụng,2026-08-15,True,13.0,False,990000,0.0,0.0,False,700k-1.5tr,0%,Khác / Chưa phân loại,0
72299914,5526921129286,Máy Vắt Cam Lock&Lock EJJ236 (700ml) - Hàng chính hãng,269000,488000,219000,45,4.8,168,829.0,available,backorder,48077,LocknLock,locknlock,88331.0,LATH SHOP,82081.0,1882.0,Điện Gia Dụng,2026-08-15,True,829.0,False,488000,44.87704918032787,0.12295081967212695,False,100-300k,30-50%,Khác / Chưa phân loại,135
72510809,9265207534579,Nồi Cơm Điện Tử Cao Tần Tiger 2 Trong 1 JKT-D10V 1.0L - Hàng Chính Hãng,6779000,9899000,3120000,32,0.0,0,,available,backorder,79440,Tiger,tiger,218.0,Gia Khang,178.0,2.0,Root,2026-08-15,False,0.0,False,9899000,31.51833518537226,0.4816648146277416,False,>1.5tr,30-50%,Nồi cơm điện,0
72637441,6637144375929,Lò chiên không dầu hấp nướng đối lưu Panasonic NU-SC180BYUE 20 lít - Hàng Chính Hãng,8790000,8790000,0,0,0.0,0,6.0,available,backorder,18804,Panasonic,panasonic,184067.0,Siêu Thị Điện Máy Từ Sơn,171102.0,1882.0,Điện Gia Dụng,2026-08-15,True,6.0,False,8790000,0.0,0.0,False,>1.5tr,0%,Khác / Chưa phân loại,0
72929791,6963208011763,Máy vắt cam Steba ZP3 - Hàng Chính Hãng,1790000,1790000,0,0,0.0,0,,available,backorder,212007,Steba,steba,20256.0,Telovietnam,19746.0,1882.0,Điện Gia Dụng,2026-08-15,False,0.0,False,1790000,0.0,0.0,False,>1.5tr,0%,Khác / Chưa phân loại,0
73233622,1761534398061,Máy hút mùi FR2-960-IG - Hàng Chính Hãng,13890000,13890000,0,0,0.0,0,,available,backorder,4250571,VinaFaro,vinafaro,157635.0,VinaFaro - Giải Pháp Bếp Thông Minh,145238.0,1882.0,Điện Gia Dụng,2026-08-15,False,0.0,False,13890000,0.0,0.0,False,>1.5tr,0%,Máy hút mùi,0
73240177,2840929163589,Máy Hút Mùi Eurosun EH-70CF19B - Hàng Chính Hãng,2945000,2945000,0,0,5.0,1,1.0,available,backorder,185807,Eurosun,eurosun,143120.0,AHA BẾP,132099.0,1882.0,Điện Gia Dụng,2026-08-15,True,1.0,False,2945000,0.0,0.0,False,>1.5tr,0%,Máy hút mùi,1
73575238,3872717968662,Bếp điện 02 từ Model: CA9959 Chính Hãng,19600000,19600000,0,0,0.0,0,,available,backorder,318937,CANAVAL,canaval,157139.0,Gia Cát Tường,144796.0,1882.0,Điện Gia Dụng,2026-08-15,False,0.0,False,19600000,0.0,0.0,False,>1.5tr,0%,Bếp điện/từ,0
73640087,9231221771191,"Nồi Chiên Không Dầu Điện Tử BlueStone AFB-5880 (5,5 Lít) - Hàng Chính Hãng",2899000,2899000,0,0,5.0,2,14.0,available,backorder,18977,Bluestone,bluestone,253296.0,BLUESTONE OFFICIAL STORE,240328.0,1882.0,Điện Gia Dụng,2026-08-15,True,14.0,False,2899000,0.0,0.0,False,>1.5tr,0%,Nồi chiên không dầu,30
74246362,6527262947392,Nồi nấu chậm Sowun (3.5 Lít) SW 6013 -  Hàng chính hãng,990000,990000,0,0,0.0,0,2.0,available,backorder,148255,Sowun,sowun,20256.0,Telovietnam,19746.0,1882.0,Điện Gia Dụng,2026-08-15,True,2.0,False,990000,0.0,0.0,False,700k-1.5tr,0%,Nồi/Chảo (khác),0
74261828,1099034144605,Máy Pha Cà Phê Espresso Zamboo ZB-68CF (3.5Bar) - Hàng Chính Hãng,990000,990000,0,0,4.8,9,35.0,available,backorder,368843,Zamboo,zamboo,168717.0,KingHomeSG,155753.0,1882.0,Điện Gia Dụng,2026-08-15,True,35.0,False,990000,0.0,0.0,False,700k-1.5tr,0%,Máy pha cà phê,35
74261830,5879556824331,Máy Xay Cà Phê Mini Zamboo ZB-100GR - Hàng Chính Hãng,500000,500000,0,0,4.8,13,32.0,available,backorder,368843,Zamboo,zamboo,168717.0,KingHomeSG,155753.0,1882.0,Điện Gia Dụng,2026-08-15,True,32.0,False,500000,0.0,0.0,False,300-700k,0%,Máy xay,38
74527498,9917387053042,BẾP GAS ĐÔI NA-703ASM NAMILUX MẶT BẾP INOX - HÀNG CHÍNH HÃNG ( KÍCH THƯỚC: 710x400X150mm ),749000,749000,0,0,3.0,2,11.0,available,backorder,113919,NaMilux,namilux,69337.0,Home Star Store,64779.0,1882.0,Điện Gia Dụng,2026-08-15,True,11.0,False,749000,0.0,0.0,False,700k-1.5tr,0%,Bếp điện/từ,3
74541023,7089968768224,"Ấm sắc thuốc điện tự động fujika FJ-ck33 dung tích 3L,Màu chọn phân loại, hoa văn ngẫu nhiên-Hàng chính hãng",375000,375000,0,0,4.5,11,33.0,available,backorder,295203,FUJIKA,fujika,33792.0,Gia Dụng NuHa,33089.0,1882.0,Điện Gia Dụng,2026-08-15,True,33.0,False,375000,0.0,0.0,False,300-700k,0%,Khác / Chưa phân loại,11
74594174,6840561128263,Nồi Chiên Không Dầu Philips HD9200/90 (4.1 Lít) - Hàng Chính Hãng,2322000,2322000,0,0,5.0,17,53.0,available,instock,19018,Philips,philips,138278.0,AM MART,127693.0,1882.0,Điện Gia Dụng,2026-08-15,True,53.0,False,2322000,0.0,0.0,False,>1.5tr,0%,Nồi chiên không dầu,45
74595959,8572829640702,"Máy xay thịt tốc độ cao dung lượng 2L, chất liệu thép không gỉ tiện dụng trong gia đình",125800,125800,0,0,0.0,0,2.0,available,backorder,149223,LDK.ai,ldk-ai,76796.0,Vietstore24h,71636.0,1882.0,Điện Gia Dụng,2026-08-15,True,2.0,False,125800,0.0,0.0,False,100-300k,0%,Máy xay,0
74792439,3931416313354,Nồi cơm điện tử cao tần Tefal 1.5L - Thương hiệu Pháp - RK762168- Hàng chính hãng,2937600,2937600,0,0,4.5,2,13.0,available,backorder,19813,Tefal,tefal,138278.0,AM MART,127693.0,1882.0,Điện Gia Dụng,2026-08-15,True,13.0,False,2937600,0.0,0.0,False,>1.5tr,0%,Nồi cơm điện,30
74884530,1884847289038,Nồi cơm điện Tefal RK361168,990000,990000,0,0,0.0,0,1.0,available,backorder,19813,Tefal,tefal,20256.0,Telovietnam,19746.0,1882.0,Điện Gia Dụng,2026-08-15,True,1.0,False,990000,0.0,0.0,False,700k-1.5tr,0%,Nồi cơm điện,0
74890928,2009270730707,Nồi cơm điện tử Toshiba RC-18NTFV(W) (1.8 Lít) - HÀNG CHÍNH HÃNG,2393000,3050000,657000,22,4.7,816,2870.0,available,instock,18634,Toshiba,toshiba,1.0,Tiki Trading,40395.0,1882.0,Điện Gia Dụng,2026-08-15,True,2870.0,False,3050000,21.540983606557376,0.45901639344262435,False,>1.5tr,20-30%,Nồi cơm điện,845
75581007,7375098725467,Bếp Ga Mini Hồng Ngoại Inox Namilux PM1817AS Van Inline Cut Ngắt Ga An Toàn Chống Cháy Nổ Công Nghệ Nhật Bản-Hàng Chính Hãng,479000,479000,0,0,4.5,13,42.0,available,backorder,113919,NaMilux,namilux,69337.0,Home Star Store,64779.0,1882.0,Điện Gia Dụng,2026-08-15,True,42.0,False,479000,0.0,0.0,False,300-700k,0%,Khác / Chưa phân loại,29
75987414,2038441986902,Bếp Lẩu Nướng 2 Trong 1 KhoNCC Hàng Chính Hãng - BBQ Tại Gia - Gia Đình Sum Vầy - KDHS-4904-BepLauNuong,788000,788000,0,0,4.7,7,24.0,available,backorder,456513,KHONCC,khoncc,762.0,NhaCungCap,725.0,1882.0,Điện Gia Dụng,2026-08-15,True,24.0,False,788000,0.0,0.0,False,700k-1.5tr,0%,Khác / Chưa phân loại,7
76080159,9630253990752,Vỉ Nướng Điện Tiger Queen SQ-G700 - Hàng Chính Hãng,2590000,2590000,0,0,0.0,0,,available,backorder,79661,Tiger Queen,tiger-queen,204276.0,Tiger Queen Official Store,191309.0,1882.0,Điện Gia Dụng,2026-08-15,False,0.0,False,2590000,0.0,0.0,False,>1.5tr,0%,Khác / Chưa phân loại,0
76279021,9091113878922,Máy Xay Sinh Tố Sharp EM-S154PV-WH - Hàng Chính Hãng,590000,590000,0,0,0.0,0,,available,backorder,19912,Sharp,sharp,184067.0,Siêu Thị Điện Máy Từ Sơn,171102.0,2.0,Root,2026-08-15,False,0.0,False,590000,0.0,0.0,False,300-700k,0%,Máy xay,0
76283071,2819071611088,Nồi Chiên Không Dầu Điện Tử Sharp KF-AF55EV-BK (5.2 Lít) – Hàng Chính Hãng,2050000,2050000,0,0,0.0,0,,available,backorder,19912,Sharp,sharp,184067.0,Siêu Thị Điện Máy Từ Sơn,171102.0,1882.0,Điện Gia Dụng,2026-08-15,False,0.0,False,2050000,0.0,0.0,False,>1.5tr,0%,Nồi chiên không dầu,0
76366605,7033547362990,Nồi Chiên Không Dầu Hafele AF-602A 11 Lít – Hàng Chính Hãng,5604500,5604500,0,0,5.0,7,12.0,available,backorder,205197,HAFELE,hafele,166157.0,HH Furniture,153149.0,1882.0,Điện Gia Dụng,2026-08-15,True,12.0,False,5604500,0.0,0.0,False,>1.5tr,0%,Nồi chiên không dầu,35
76538721,6360137763013,"Ấm điện siêu tốc 1,7 lít chính hãng Rạng Đông model RD-AST17P1 màu ngẫu nhiên",530000,530000,0,0,5.0,1,6.0,available,backorder,193677,Rạng Đông,rang-dong,35144.0,Rạng Đông Official Store,34430.0,1882.0,Điện Gia Dụng,2026-08-15,True,6.0,False,530000,0.0,0.0,False,300-700k,0%,Ấm đun nước/Bình siêu tốc,2
76747741,1060730052336,"Nồi Chiên Nướng Không Dầu Bằng Điện 8 Lít ABG Cao Cấp - Noi Chien Khong Dau, Nồi Chiên Chân Không, Công Suất 1500W, Công Nghệ Rapid Air Hạn Chế Dầu Mỡ, Dùng Để Chiên, Nướng, Quay ,Ứng Dụng Trong Gia Đình –Hàng Chính Hãng",1543800,1660000,116200,7,5.0,2,4.0,available,backorder,929563,ABG,abg,141077.0,Pi Stores,130261.0,1882.0,Điện Gia Dụng,2026-08-15,True,4.0,False,1660000,7.000000000000001,8.881784197001252e-16,False,>1.5tr,0-10%,Nồi/Chảo (khác),2
77200167,6931293351875,Máy Sấy Hoa Quả & Thực Phẩm WMF KÜCHENminis Dörrautomat - Hàng Nhập Khẩu Đức,3790000,3790000,0,0,0.0,0,1.0,available,backorder,247725,WMF,wmf,20256.0,Telovietnam,19746.0,1882.0,Điện Gia Dụng,2026-08-15,True,1.0,False,3790000,0.0,0.0,False,>1.5tr,0%,Khác / Chưa phân loại,0
78279932,3443615558524,Bếp âm điện từ đơn KAFF KF-330I - Hàng chính hãng ,1814000,1814000,0,0,5.0,2,7.0,available,backorder,154221,KAFF,kaff,168717.0,KingHomeSG,155753.0,1882.0,Điện Gia Dụng,2026-08-15,True,7.0,False,1814000,0.0,0.0,False,>1.5tr,0%,Khác / Chưa phân loại,2
78473092,8892625706642,Máy xay Sinh Tố BlueStone BLB-5310 (450W) - Hàng chính hãng,944000,999000,55000,6,0.0,0,13.0,available,backorder,18977,Bluestone,bluestone,253296.0,BLUESTONE OFFICIAL STORE,240328.0,1882.0,Điện Gia Dụng,2026-08-15,True,13.0,False,999000,5.505505505505505,0.4944944944944947,False,700k-1.5tr,0-10%,Máy xay,0
79549815,3503692166361,"Nồi chiên không dầu điện tử Tefal XL EY401D15, giỏ chiên 4.2L/1.2kg - Hàng chính hãng",2279000,2279000,0,0,0.0,0,1.0,available,instock,19813,Tefal,tefal,138278.0,AM MART,127693.0,1882.0,Điện Gia Dụng,2026-08-15,True,1.0,False,2279000,0.0,0.0,False,>1.5tr,0%,Nồi chiên không dầu,0
80087066,5142988007412,Nồi áp suất điện đa năng 6L Tefal CY601868 - Hàng chính hãng,2242800,2242800,0,0,5.0,4,14.0,available,instock,19813,Tefal,tefal,138278.0,AM MART,127693.0,1882.0,Điện Gia Dụng,2026-08-15,True,14.0,False,2242800,0.0,0.0,False,>1.5tr,0%,Nồi áp suất,30
80128431,5155367453856,Nồi cơm điện tử cao tần Tefal 1.5L - Thương hiệu Pháp - RK808168 - Hàng chính hãng,2194000,2194000,0,0,4.6,5,13.0,available,instock,19813,Tefal,tefal,138278.0,AM MART,127693.0,1882.0,Điện Gia Dụng,2026-08-15,True,13.0,False,2194000,0.0,0.0,False,>1.5tr,0%,Nồi cơm điện,30
81210079,7241831619553,"Bếp Ga Mini,Bếp Ga Du Lịch Cao Cấp Hayasa Có Hộp Đựng Siêu Bền Tiện Lợi - Hàng Chính Hãng",265000,265000,0,0,5.0,3,11.0,available,backorder,144250,Hayasa,hayasa,33792.0,Gia Dụng NuHa,33089.0,1882.0,Điện Gia Dụng,2026-08-15,True,11.0,False,265000,0.0,0.0,False,100-300k,0%,Khác / Chưa phân loại,3
84102736,3330940380408,"Máy Ép chậm ABG – Máy Ép Trái Cây Tốc Độ Chậm, Máy Ép Chậm  Công Suất 150W, Giảm Tiếng Ồn , Tiết Kiệm Điện Năng, Ứng Dụng Trong Gian Bếp Của Các Bà Nội Trợ- Hàng Chính Hãng",742140,798000,55860,7,0.0,0,1.0,available,backorder,929563,ABG,abg,141077.0,Pi Stores,130261.0,1882.0,Điện Gia Dụng,2026-08-15,True,1.0,False,798000,7.000000000000001,8.881784197001252e-16,False,700k-1.5tr,0-10%,Máy ép,0
85765396,9432574070306,Máy ép trái cây tốc độ chậm Kuvings NS-1725CBC2 (400ml) - Hàng chính hãng,6116000,10990000,4874000,44,4.5,13,41.0,available,instock,41435,Kuvings,kuvings,1.0,Tiki Trading,40395.0,1882.0,Điện Gia Dụng,2026-08-15,True,41.0,False,10990000,44.349408553230205,0.34940855323020514,False,>1.5tr,30-50%,Máy ép,13
86023868,5540478260257,(Loại Tốt) Ca Nấu Mì - Lẩu Điện Mini Nhỏ Gọn 2 Tầng KhoNCC Hàng Chính Hãng - Phù Hợp Sinh Viên Công Nhân 1-2 Người - NLM-CNM2T (Nhiều Màu),179000,179000,0,0,3.6,5,8.0,available,backorder,456513,KHONCC,khoncc,762.0,NhaCungCap,725.0,1882.0,Điện Gia Dụng,2026-08-15,True,8.0,False,179000,0.0,0.0,False,100-300k,0%,Khác / Chưa phân loại,5
87960372,4676634610069,Lò Nướng Chân Không Điện Tử Lock&Lock EJF291BLK 10L - Hàng Chính Hãng,2752572,5980000,3227428,54,4.6,324,905.0,available,instock,48077,LocknLock,locknlock,1.0,Tiki Trading,40395.0,1882.0,Điện Gia Dụng,2026-08-15,True,905.0,False,5980000,53.97036789297659,0.029632107023410015,False,>1.5tr,>50%,Lò vi sóng/nướng,344
88794151,7422601597769,Máy xay hạt cà phê và gia vị đa năng cao cấp thương hiệu Shardor CG725S - Chất liệu: Thép không gỉ 304 - Công suất 200W - Hàng Nhập Khẩu,1214000,1214000,0,0,5.0,1,4.0,available,backorder,4675605,Shardor,shardor,112137.0,DC THẾ GIỚI PHỤ KIỆN CÔNG NGHỆ Ô TÔ,103749.0,1882.0,Điện Gia Dụng,2026-08-15,True,4.0,False,1214000,0.0,0.0,False,700k-1.5tr,0%,Máy xay,5
89057370,9706839734310,Nồi cơm điện cơ Tefal 0.7L - Thương hiệu Pháp - RK224168- Hàng chính hãng,790000,790000,0,0,0.0,0,,available,backorder,19813,Tefal,tefal,20256.0,Telovietnam,19746.0,1882.0,Điện Gia Dụng,2026-08-15,False,0.0,False,790000,0.0,0.0,False,700k-1.5tr,0%,Nồi cơm điện,0
89066183,6592329299635,"Máy xanh sinh tố Lock&Lock High Speed Blender EJM376BLK, 220-240V, 50/60Hz, 600W (Đen) - Hàng chính hãng",849000,1550000,701000,45,4.2,5,19.0,available,backorder,48077,LocknLock,locknlock,195742.0,Điện Máy Vymart,182775.0,1882.0,Điện Gia Dụng,2026-08-15,True,19.0,False,1550000,45.225806451612904,0.2258064516129039,False,700k-1.5tr,30-50%,Khác / Chưa phân loại,5
89501482,2969245326905,Bếp gas âm Kanzo KZ-ECO-9999-GA 2 Mâm - Germany Technology - Tích hợp cảm biến- Ngọn lửa xanh - Hàng chính hãng,3499000,3499000,0,0,0.0,0,,available,backorder,833169,Kanzo,kanzo,174366.0,Thiết bị nhà bếp KZ,161402.0,2.0,Root,2026-08-15,False,0.0,False,3499000,0.0,0.0,False,>1.5tr,0%,Bếp điện/từ,0
89646490,1031137875520,"Nồi cơm điện nắp rời 5.6 lít GUGKDD, công suất 2000W, màu ngẫu nhiên-Hàng chính hãng",960000,960000,0,0,4.8,4,13.0,available,backorder,893947,GUGKDD,gugkdd,11119.0,GIA DỤNG VIỆT,10842.0,1882.0,Điện Gia Dụng,2026-08-15,True,13.0,False,960000,0.0,0.0,False,700k-1.5tr,0%,Nồi cơm điện,4
93767057,5669597541510,Máy Đánh Sữa Delonghi EMF2 - Hàng Chính Hãng,1950000,1950000,0,0,5.0,2,8.0,available,backorder,155511,DeLonghi,delonghi,168717.0,KingHomeSG,155753.0,2.0,Root,2026-08-15,True,8.0,False,1950000,0.0,0.0,False,>1.5tr,0%,Khác / Chưa phân loại,9
94344344,2056277186213,Bình đun siêu tốc 1.7L Tefal KI800D68 - 1800 W - Hàng chính hãng,590000,590000,0,0,0.0,0,2.0,available,backorder,19813,Tefal,tefal,20256.0,Telovietnam,19746.0,1882.0,Điện Gia Dụng,2026-08-15,True,2.0,False,590000,0.0,0.0,False,300-700k,0%,Ấm đun nước/Bình siêu tốc,0
94424615,2782955844582,Bếp gas đơn ZENNE KGC 12-C có đầu hâm- Hàng nhập khẩu Malaysia- Tiết kiệm gas - Ngọn lửa mạnh và hội tụ.,1390000,1432000,42000,3,4.7,6,21.0,available,backorder,936857,Zenne,zenne,1281.0,PAULEE,1237.0,1882.0,Điện Gia Dụng,2026-08-15,True,21.0,False,1432000,2.9329608938547485,0.06703910614525155,False,700k-1.5tr,0-10%,Bếp điện/từ,6
95053264,5916651515115,"Linh kiện thay thế của máy xay sinh tố công nghiệp osako OS-1500, công suất 1500W, chọn phân loại, cối màu ngẫu nhiên-Hàng chính hãng",150000,150000,0,0,0.0,0,9.0,available,backorder,238379,Osako,osako,33792.0,Gia Dụng NuHa,33089.0,1882.0,Điện Gia Dụng,2026-08-15,True,9.0,False,150000,0.0,0.0,False,100-300k,0%,Máy xay,0
95280831,6773051831403,BẾP ĐIỆN TỪ ĐƠN ÂM OW-2628ALL,1300000,1300000,0,0,0.0,0,,available,backorder,509431,OWANI,owani,11119.0,GIA DỤNG VIỆT,10842.0,1882.0,Điện Gia Dụng,2026-08-15,False,0.0,False,1300000,0.0,0.0,False,700k-1.5tr,0%,Bếp điện/từ,0
95558510,2275294161058,Máy pha cà phê tự động GAGGIA MAGENTA PLUS | Hàng chính hãng,24668000,24668000,0,0,0.0,0,1.0,available,backorder,213853,Gaggia,gaggia,6910.0,Procaffe,6746.0,1882.0,Điện Gia Dụng,2026-08-15,True,1.0,False,24668000,0.0,0.0,False,>1.5tr,0%,Máy pha cà phê,0
95584710,4769550476868, Nồi chiên không dầu Fumak FM-1875. Dung Tích 7.5L - Hàng chính hãng,1839000,1839000,0,0,0.0,0,,available,backorder,411127,FUMAK,fumak,138795.0,hungvuongjsc,128174.0,1882.0,Điện Gia Dụng,2026-08-15,False,0.0,False,1839000,0.0,0.0,False,>1.5tr,0%,Nồi chiên không dầu,0
95649706,4754337608645,MÁY ÉP TRÁI CÂY BIOCHEF 888 - hàng nhập khẩu,9600000,9600000,0,0,0.0,0,,available,backorder,235445,BioChef,biochef,20256.0,Telovietnam,19746.0,1882.0,Điện Gia Dụng,2026-08-15,False,0.0,False,9600000,0.0,0.0,False,>1.5tr,0%,Máy ép,0
96701282,2884060306630,Máy xay sinh tố cầm tay Tefal HB943838 đen - Hàng chính hãng,1690000,1690000,0,0,0.0,0,2.0,available,backorder,19813,Tefal,tefal,20256.0,Telovietnam,19746.0,1882.0,Điện Gia Dụng,2026-08-15,True,2.0,False,1690000,0.0,0.0,False,>1.5tr,0%,Máy xay,0
101825652,2722542250730,Đèn khò gas mini Namilux TS1922RF - HÀNG CHÍNH HÃNG NAMILUX (MP),219000,219000,0,0,4.5,26,69.0,available,backorder,113919,NaMilux,namilux,69337.0,Home Star Store,64779.0,1882.0,Điện Gia Dụng,2026-08-15,True,69.0,False,219000,0.0,0.0,False,100-300k,0%,Khác / Chưa phân loại,31
101994194,6417449872065,Bếp du lịch mini PRO Namilux PL2021AS - HÀNG CHÍNH HÃNG NAMILUX (MP),399000,399000,0,0,5.0,1,3.0,available,backorder,113919,NaMilux,namilux,69337.0,Home Star Store,64779.0,1882.0,Điện Gia Dụng,2026-08-15,True,3.0,False,399000,0.0,0.0,False,300-700k,0%,Khác / Chưa phân loại,1
102087590,8215115243206,Bộ van CAO ÁP ngắt gas tự động NA-537SH-VN - HÀNG CHÍNH HÃNG NAMILUX (MP),270000,270000,0,0,0.0,0,2.0,available,backorder,113919,NaMilux,namilux,69337.0,Home Star Store,64779.0,1882.0,Điện Gia Dụng,2026-08-15,True,2.0,False,270000,0.0,0.0,False,100-300k,0%,Khác / Chưa phân loại,0
102431931,9024023778409,Ấm Đun Siêu Tốc Inox 2 Lớp Sunhouse SHD1353 (1.8 Lít) - Hàng Chính Hãng,226000,400000,174000,44,4.7,388,1721.0,available,instock,41048,Sunhouse,sunhouse,1.0,Tiki Trading,40395.0,1931.0,Bình đun siêu tốc,2026-08-15,True,1721.0,False,400000,43.5,0.5,False,100-300k,30-50%,Ấm đun nước/Bình siêu tốc,415
102432143,6607971955025,Ấm Đun Siêu Tốc Inox 2 Lớp Sunhouse SHD1351 (1.8 Lít) - Hàng Chính Hãng,220000,410000,190000,46,4.7,2375,10243.0,available,instock,41048,Sunhouse,sunhouse,1.0,Tiki Trading,40395.0,1882.0,Điện Gia Dụng,2026-08-15,True,10243.0,False,410000,46.34146341463415,0.3414634146341484,False,100-300k,30-50%,Ấm đun nước/Bình siêu tốc,2400
102488836,8900080362387,Lò Chiên Không Dầu Cuisinart TOA-28HK - 9 lít - Hàng Chính Hãng,4990000,4990000,0,0,0.0,0,,available,backorder,277977,Cuisinart,cuisinart,10938.0,Bếp NK,10672.0,2.0,Root,2026-08-15,False,0.0,False,4990000,0.0,0.0,False,>1.5tr,0%,Khác / Chưa phân loại,0
103692716,6927754012545,Nồi Cơm Điện Tử Toshiba RC-10NMFVN (WT) (1 Lít) - Hàng Chính Hãng,2163000,2650000,487000,18,4.8,200,7820.0,available,instock,18634,Toshiba,toshiba,1.0,Tiki Trading,40395.0,1882.0,Điện Gia Dụng,2026-08-15,True,7820.0,False,2650000,18.37735849056604,0.37735849056603854,False,>1.5tr,10-20%,Nồi cơm điện,225
103850084,3037489064672,Bếp Gas Du Lịch Mini Kendy - Màu Ngẫu Nhiên - Hàng Chính Hãng,250000,250000,0,0,4.0,1,9.0,available,backorder,518187,kendy,kendy,11119.0,GIA DỤNG VIỆT,10842.0,1882.0,Điện Gia Dụng,2026-08-15,True,9.0,False,250000,0.0,0.0,False,100-300k,0%,Bếp điện/từ,1
104440553,2596474488270,Máy xay sinh tố chân không 3 trong 1 Kuvings SV-400MB (1.55L) - Hàng chính hãng,9887000,17990000,8103000,45,0.0,0,1.0,available,instock,41435,Kuvings,kuvings,1.0,Tiki Trading,40395.0,1882.0,Điện Gia Dụng,2026-08-15,True,1.0,False,17990000,45.04168982768205,0.041689827682048985,False,>1.5tr,30-50%,Máy xay,0
105159087,6601003238833,Bếp Gas Đơn Mặt Kính Chén Đồng WINDO - Màu Ngẫu  Nhiên Hàng Chính Hãng,359000,359000,0,0,5.0,1,2.0,available,backorder,531635,WINDO,windo,69337.0,Home Star Store,64779.0,1882.0,Điện Gia Dụng,2026-08-15,True,2.0,False,359000,0.0,0.0,False,300-700k,0%,Bếp điện/từ,1
105225432,8539268799387,Bếp Gas Đôi Mặt Kính Sen Đồng WINDO 719GL Cao cấp - Hàng Chính Hãng,799000,799000,0,0,0.0,0,2.0,available,backorder,531635,WINDO,windo,69337.0,Home Star Store,64779.0,1882.0,Điện Gia Dụng,2026-08-15,True,2.0,False,799000,0.0,0.0,False,700k-1.5tr,0%,Bếp điện/từ,0
105539686,1803347808950,Máy Nướng Bánh Mì Dualit 3 Ngăn Model 30097 3 Slice Vario Toaster - nhập khẩu chính hãng từ Anh,7616000,7616000,0,0,0.0,0,,available,backorder,33107,Dualit,dualit,124000.0,Dan and Dan Hotel Supplies,114589.0,1882.0,Điện Gia Dụng,2026-08-15,False,0.0,False,7616000,0.0,0.0,False,>1.5tr,0%,Khác / Chưa phân loại,0
105602373,7908459236224,Lon gas chuyên dụng Namilux - HÀNG CHÍNH HÃNG NAMILUX (MP),40000,40000,0,0,5.0,44,529.0,available,backorder,113919,NaMilux,namilux,69337.0,Home Star Store,64779.0,1882.0,Điện Gia Dụng,2026-08-15,True,529.0,False,40000,0.0,0.0,False,<100k,0%,Khác / Chưa phân loại,70
105732027,9709232836186,"Máy Xay Thực Phẩm Khô BEAR MDJ-A01Y1 (MDJ-A02G3) Xay Cực Mịn, Dung Tích 200 ML, Công Suất 200W- Hàng Chính Hãng",950000,950000,0,0,0.0,0,1.0,available,backorder,198523,Bear,bear,20256.0,Telovietnam,19746.0,1882.0,Điện Gia Dụng,2026-08-15,True,1.0,False,950000,0.0,0.0,False,700k-1.5tr,0%,Máy xay,0
105742554,9267291510150,Máy xay ăn dặm 0.3L Bear QSJ-A01F2 (GR-B03V2) Hàng chính hãng,402000,620000,218000,35,4.8,9,70.0,available,instock,198523,Bear,bear,1.0,Tiki Trading,40395.0,1882.0,Điện Gia Dụng,2026-08-15,True,70.0,False,620000,35.16129032258065,0.16129032258064768,False,300-700k,30-50%,Máy xay,30
105743139,5646975983404,"Máy Ép Miệng Ly ABG , Máy Dán Màng Cốc Trà Sữa, Hoa Qủa, Sinh Tố, Cà Phê IC ( Chưa Kèm Cuộn Màng) - 25 - Hàng Chính Hãng",1140180,1226000,85820,7,0.0,0,1.0,available,backorder,929563,ABG,abg,141077.0,Pi Stores,130261.0,1882.0,Điện Gia Dụng,2026-08-15,True,1.0,False,1226000,7.000000000000001,8.881784197001252e-16,False,700k-1.5tr,0-10%,Máy ép,0
106003634,5409316511031,Máy nhào bột tự động 5L Bear DM-B50V1 - Hàng chính hãng,2490000,2490000,0,0,0.0,0,1.0,available,backorder,198523,Bear,bear,20256.0,Telovietnam,19746.0,1882.0,Điện Gia Dụng,2026-08-15,True,1.0,False,2490000,0.0,0.0,False,>1.5tr,0%,Khác / Chưa phân loại,0
106032488,4658272959962,"Nồi Nấu Chậm BEAR SUBE001 0,8L Phiên Bản Quốc Tế - Hàng Chính Hãng",850000,850000,0,0,0.0,0,,available,backorder,198523,Bear,bear,20256.0,Telovietnam,19746.0,2.0,Root,2026-08-15,False,0.0,False,850000,0.0,0.0,False,700k-1.5tr,0%,Nồi/Chảo (khác),0
106544769,4859771413993,Máy ép hoa quả Biochef 666 - hàng nhập khẩu,6990000,6990000,0,0,0.0,0,,available,backorder,235445,BioChef,biochef,20256.0,Telovietnam,19746.0,1882.0,Điện Gia Dụng,2026-08-15,False,0.0,False,6990000,0.0,0.0,False,>1.5tr,0%,Máy ép,0
108756761,6158378678384,Máy nhào bột tự động 7L Bear DM-B70V1 - Hàng Chính Hãng,2147000,3800000,1653000,44,0.0,0,9.0,available,instock,198523,Bear,bear,1.0,Tiki Trading,40395.0,2.0,Root,2026-08-15,True,9.0,False,3800000,43.5,0.5,False,>1.5tr,30-50%,Khác / Chưa phân loại,0
109635280,7198253992589,Nồi chiên không dầu Philips HD9650 - Hàng chính hãng,7590000,7590000,0,0,5.0,1,1.0,available,backorder,19018,Philips,philips,184067.0,Siêu Thị Điện Máy Từ Sơn,171102.0,2.0,Root,2026-08-15,True,1.0,False,7590000,0.0,0.0,False,>1.5tr,0%,Nồi chiên không dầu,5
110255220,3762329844747,Ấm đun nước siêu tốc Elmich Smartcook ICS-3859 (1.7 Lít) - Hàng chính hãng,387000,495000,108000,22,4.8,337,1825.0,available,instock,31626,Smartcook,smartcook,1.0,Tiki Trading,40395.0,1931.0,Bình đun siêu tốc,2026-08-15,True,1825.0,False,495000,21.818181818181817,0.18181818181818343,False,300-700k,20-30%,Ấm đun nước/Bình siêu tốc,348
111424639,6995362690384,Máy xay cầm tay Braun MQ7045X - Hàng Chính Hãng,3990000,3990000,0,0,0.0,0,3.0,available,backorder,48649,Braun,braun,20256.0,Telovietnam,19746.0,1882.0,Điện Gia Dụng,2026-08-15,True,3.0,False,3990000,0.0,0.0,False,>1.5tr,0%,Khác / Chưa phân loại,0
111450530,3120353754004,NỒI HẤP STEBA DG2-Hàng chính hãng,2890000,2890000,0,0,0.0,0,2.0,available,backorder,212007,Steba,steba,20256.0,Telovietnam,19746.0,1882.0,Điện Gia Dụng,2026-08-15,True,2.0,False,2890000,0.0,0.0,False,>1.5tr,0%,Nồi/Chảo (khác),0
112074239,3165968907369,Bếp điện từ đơn công nghiệp KL671,2650000,2650000,0,0,4.7,25,101.0,available,backorder,530731,Keplercook,keplercook,185939.0,KEPLERCOOK Official Store,172974.0,1882.0,Điện Gia Dụng,2026-08-15,True,101.0,False,2650000,0.0,0.0,False,>1.5tr,0%,Bếp điện/từ,25
112265564,3649999246600,"Hộp cơm hâm nóng cắm điện HT SYS - BUCOOK DFH C02 - 2 Lít 2 Tầng 4 Ngăn Có Thể Nấu Và Hâm Nóng Thức Ăn, Ruột Bằng Inox 304",222000,222000,0,0,4.7,12,37.0,available,backorder,737237,HT SYS,ht-sys,78619.0,Muasam247,73281.0,1882.0,Điện Gia Dụng,2026-08-15,True,37.0,False,222000,0.0,0.0,False,100-300k,0%,Hộp đựng thực phẩm,40
112499246,8042503172517,Bếp điện từ TOM 03IR. Tomate Tây Ban Nha. Hàng Chính Hãng,26100000,26100000,0,0,0.0,0,,available,backorder,208377,Tomate,tomate,171822.0,TOMATE OFFICIAL STORE,158858.0,2.0,Root,2026-08-15,False,0.0,False,26100000,0.0,0.0,False,>1.5tr,0%,Bếp điện/từ,0
112499276,7306669429578,Lò nướng TOM 240. Tomate Tây Ban Nha. Hàng Chính Hãng,12546000,12546000,0,0,0.0,0,,available,backorder,208377,Tomate,tomate,171822.0,TOMATE OFFICIAL STORE,158858.0,2.0,Root,2026-08-15,False,0.0,False,12546000,0.0,0.0,False,>1.5tr,0%,Lò vi sóng/nướng,0
112686780,5046638821163,"Bếp 2 Từ KL79IIS ( 73cm, 4000w) - Hàng Chính Hãng",6400000,6400000,0,0,0.0,0,,available,backorder,530731,Keplercook,keplercook,185939.0,KEPLERCOOK Official Store,172974.0,1882.0,Điện Gia Dụng,2026-08-15,False,0.0,False,6400000,0.0,0.0,False,>1.5tr,0%,Khác / Chưa phân loại,0
112695131,3000418328941,Ấm Đun Nước DeLonghi KBOT2001 - Hàng Chính Hãng,3790000,3790000,0,0,0.0,0,,available,backorder,155511,DeLonghi,delonghi,20256.0,Telovietnam,19746.0,2.0,Root,2026-08-15,False,0.0,False,3790000,0.0,0.0,False,>1.5tr,0%,Ấm đun nước/Bình siêu tốc,0
112728718,6554831578112,Bếp Điện Từ Keplercook  Kl79ICS (73cm-4000w)- Hàng Chính Hãng.,6400000,6400000,0,0,0.0,0,,available,backorder,530731,Keplercook,keplercook,185939.0,KEPLERCOOK Official Store,172974.0,1882.0,Điện Gia Dụng,2026-08-15,False,0.0,False,6400000,0.0,0.0,False,>1.5tr,0%,Bếp điện/từ,0
112793267,7232607618168,Phụ kiện NS Adapter-nespresso Compatible - Bộ phụ kiện cà phê viên nén Nanopresso - Hàng Chính Hãng,450000,450000,0,0,5.0,5,6.0,available,backorder,171531,Wacaco,wacaco,167715.0,Vnespresso,154687.0,1882.0,Điện Gia Dụng,2026-08-15,True,6.0,False,450000,0.0,0.0,False,300-700k,0%,Khác / Chưa phân loại,5
112833891,4232811879337,Máy Hút Mùi Keplercook KL888A (60cm)- Hàng Chính Hãng,2250000,2250000,0,0,0.0,0,8.0,available,backorder,530731,Keplercook,keplercook,185939.0,KEPLERCOOK Official Store,172974.0,1882.0,Điện Gia Dụng,2026-08-15,True,8.0,False,2250000,0.0,0.0,False,>1.5tr,0%,Máy hút mùi,0
113271935,3789897739914,Nồi Chiên Không Dầu Kết Hợp Chức Năng Hấp Lock&Lock EJF881 (7 lít) - Hàng Chính Hãng,2764740,6490000,3725260,57,4.6,595,1190.0,available,instock,48077,LocknLock,locknlock,1.0,Tiki Trading,40395.0,1882.0,Điện Gia Dụng,2026-08-15,True,1190.0,False,6490000,57.4,0.3999999999999986,False,>1.5tr,>50%,Nồi chiên không dầu,598
113378219,4749504203488,"Khay làm kem của Máy ép trái cây tốc độ chậm Miui JE-B03B, B01B, JE-B02B , JE-B05B, XKJ-03B, B01B mã B11 - Hàng Nhập Khẩu",114000,114000,0,0,0.0,0,1.0,available,backorder,738327,Miui,miui,112137.0,DC THẾ GIỚI PHỤ KIỆN CÔNG NGHỆ Ô TÔ,103749.0,1882.0,Điện Gia Dụng,2026-08-15,True,1.0,False,114000,0.0,0.0,False,100-300k,0%,Máy ép,0
113457048,7350389355348,Nồi chiên không dầu LocknLock EJF284BLK (5.5 Lít) - Hàng chính hãng,2173059,5355000,3181941,59,4.7,392,1234.0,available,instock,48077,LocknLock,locknlock,1.0,Tiki Trading,40395.0,1882.0,Điện Gia Dụng,2026-08-15,True,1234.0,False,5355000,59.419999999999995,0.4199999999999946,False,>1.5tr,>50%,Nồi chiên không dầu,400
113529479,5072415995918,"Nồi cơm điện Fumak Nhật Bản, Dung Tích 1.8L - Hàng Chính Hãng",1200000,1200000,0,0,5.0,6,7.0,available,backorder,411127,FUMAK,fumak,138795.0,hungvuongjsc,128174.0,2.0,Root,2026-08-15,True,7.0,False,1200000,0.0,0.0,False,700k-1.5tr,0%,Nồi cơm điện,6
113529507,3504343467112,"Nồi chiên không dầu Fumak FM-2055 Nhật Bản, Dung Tích 5.5L - Hàng Chính Hãng",2500000,2500000,0,0,0.0,0,,available,backorder,411127,FUMAK,fumak,138795.0,hungvuongjsc,128174.0,2.0,Root,2026-08-15,False,0.0,False,2500000,0.0,0.0,False,>1.5tr,0%,Nồi chiên không dầu,0
114894198,2905548509066,"Máy làm sữa hạt đa năng Bear PBJ-B06W1 độ ồn thấp, nấu cháo, súp, xay sinh tố, nước ép, hẹn giờ thông minh, hàng chính hãng",2590000,2590000,0,0,0.0,0,3.0,available,backorder,198523,Bear,bear,179711.0,ĐIỆN MÁY HTG,166747.0,1882.0,Điện Gia Dụng,2026-08-15,True,3.0,False,2590000,0.0,0.0,False,>1.5tr,0%,Máy làm sữa hạt,0
116096839,2750895171749,"Máy làm sữa đậu nành đa năng 3A2,2Kw  - Hàng Chính Hãng",8900000,8900000,0,0,0.0,0,,available,backorder,356953,3A,3a,210393.0,3A Điểm Tựa Thành Công,197425.0,2.0,Root,2026-08-15,False,0.0,False,8900000,0.0,0.0,False,>1.5tr,0%,Khác / Chưa phân loại,0
116096942,4207845359423,Máy xay bột ngũ cốc đa năng 3A3Kw,16000000,16000000,0,0,0.0,0,,available,backorder,5155621,3A Điểm Tựa Thành Công,3a-diem-tua-thanh-cong,210393.0,3A Điểm Tựa Thành Công,197425.0,2.0,Root,2026-08-15,False,0.0,False,16000000,0.0,0.0,False,>1.5tr,0%,Máy xay,0
116104080,2637036270278,Máy xay cầm tay đa năng APELEK HB-2228A_Hàng Chính Hãng,955000,955000,0,0,0.0,0,,available,backorder,4598061,APELEK,apelek,7032.0,Công ty TNHH MTV Ngô Long Ân,6868.0,1882.0,Điện Gia Dụng,2026-08-15,False,0.0,False,955000,0.0,0.0,False,700k-1.5tr,0%,Máy xay,0
116893714,5228362087349,"Ấm điện siêu tốc inox 304 dung tích 1,7L RD – AST17P2- Hàng chính hãng",664125,664125,0,0,0.0,0,,available,backorder,193677,Rạng Đông,rang-dong,132610.0,gia dụng mai trang,122475.0,1882.0,Điện Gia Dụng,2026-08-15,False,0.0,False,664125,0.0,0.0,False,300-700k,0%,Khác / Chưa phân loại,0
116894407,4734292114917,"Ấm điện siêu tốc cao cấp INOX 304 1,7 líT RD - AST17ST1.E",708939,708939,0,0,0.0,0,,available,backorder,193677,Rạng Đông,rang-dong,132610.0,gia dụng mai trang,122475.0,1882.0,Điện Gia Dụng,2026-08-15,False,0.0,False,708939,0.0,0.0,False,700k-1.5tr,0%,Khác / Chưa phân loại,0
117000849,2361119137929,Máy đánh trứng trộn bột đa năng Klarstein Bella Rossa 1200w -  Hàng chính hãng,4390000,4390000,0,0,0.0,0,1.0,available,backorder,183153,Klarstein,klarstein,20256.0,Telovietnam,19746.0,1882.0,Điện Gia Dụng,2026-08-15,True,1.0,False,4390000,0.0,0.0,False,>1.5tr,0%,Máy đánh trứng,0
117594423,9390223274089,Máy ép trái cây tốc độ chậm Merkur JE-B02B công suất 150W - HÀNG CHÍNH HÃNG,124000,124000,0,0,0.0,0,,available,backorder,5131821,Merkur,merkur,112137.0,DC THẾ GIỚI PHỤ KIỆN CÔNG NGHỆ Ô TÔ,103749.0,1882.0,Điện Gia Dụng,2026-08-15,False,0.0,False,124000,0.0,0.0,False,100-300k,0%,Máy ép,0
117837023,2207508274612,Bếp hồng ngoại đơn Sanaky SNK-IHC2021A - Hàng chính hãng,790000,790000,0,0,0.0,0,1.0,available,backorder,40633,Sanaky,sanaky,184067.0,Siêu Thị Điện Máy Từ Sơn,171102.0,1882.0,Điện Gia Dụng,2026-08-15,True,1.0,False,790000,0.0,0.0,False,700k-1.5tr,0%,Bếp điện/từ,0
117973320,2193989576886,Bếp ga công nghiệp khè Namilux 196 (Hàng chính hãng),990000,990000,0,0,0.0,0,1.0,available,backorder,113919,NaMilux,namilux,69337.0,Home Star Store,64779.0,1882.0,Điện Gia Dụng,2026-08-15,True,1.0,False,990000,0.0,0.0,False,700k-1.5tr,0%,Khác / Chưa phân loại,0
118100277,4340686786229,Nồi cơm điện cao tần IR Cuchen CJR-PM0610RHW (Nhập khẩu chính hãng),18499000,18499000,0,0,0.0,0,2.0,available,backorder,45814,CUCHEN,cuchen,215271.0,CUCHEN Official Store,202303.0,1882.0,Điện Gia Dụng,2026-08-15,True,2.0,False,18499000,0.0,0.0,False,>1.5tr,0%,Nồi cơm điện,0
118102106,1746093335679,Nồi cơm đa năng FlexCuc CFP-GP10N1SB (Nhập khẩu chính hãng),42250000,42250000,0,0,0.0,0,,available,backorder,45814,CUCHEN,cuchen,215271.0,CUCHEN Official Store,202303.0,1882.0,Điện Gia Dụng,2026-08-15,False,0.0,False,42250000,0.0,0.0,False,>1.5tr,0%,Nồi cơm điện,0
118109296,1233738807638,Nồi cơm điện Cuchen WM-1082 1.8L (Hàng chính hãng),2499000,2499000,0,0,0.0,0,,available,backorder,45814,CUCHEN,cuchen,215271.0,CUCHEN Official Store,202303.0,1882.0,Điện Gia Dụng,2026-08-15,False,0.0,False,2499000,0.0,0.0,False,>1.5tr,0%,Nồi cơm điện,0
118109331,5782414852190,Nồi cơm điện Cuchen CJE-A0601 1.08L (Nhập khẩu chính hãng),1790000,1790000,0,0,5.0,2,3.0,available,backorder,45814,CUCHEN,cuchen,215271.0,CUCHEN Official Store,202303.0,1882.0,Điện Gia Dụng,2026-08-15,True,3.0,False,1790000,0.0,0.0,False,>1.5tr,0%,Nồi cơm điện,2
120824825,3389932515235,Nồi cơm điện Cuckoo 1.08L CR-0671 - Lòng nồi chống dính - Tiết kiệm điện - Hàng chính hãng Cuckoo Vina,1049000,1180000,131000,11,4.5,27,117.0,available,backorder,20439,Cuckoo,cuckoo,29960.0,CUCKOO Store,29294.0,1918.0,Nồi cơm điện tử,2026-08-15,True,117.0,False,1180000,11.101694915254237,0.10169491525423702,False,700k-1.5tr,10-20%,Nồi cơm điện,31
121036328,3573020679155,"Nồi Chiên Không Dầu BEAR QZG-A15V1 Cách Nhiệt, Giảm Độ Ồn, 8 Chương Trình Chiên Tự Động, Dung Tích 10 Lít Công Suất 1500 W - Hàng Chính Hãng",2543000,4840000,2297000,47,0.0,0,3.0,available,instock,198523,Bear,bear,1.0,Tiki Trading,40395.0,1882.0,Điện Gia Dụng,2026-08-15,True,3.0,False,4840000,47.45867768595041,0.4586776859504127,False,>1.5tr,30-50%,Nồi chiên không dầu,0
121250280,2580229109508,Máy Trộn Bột Đa Năng Bosch MUM58720 Màu Đỏ Bạc - Hàng Nhập Khẩu Đức,10800000,10800000,0,0,0.0,0,,available,backorder,25229,Bosch,bosch,20256.0,Telovietnam,19746.0,1882.0,Điện Gia Dụng,2026-08-15,False,0.0,False,10800000,0.0,0.0,False,>1.5tr,0%,Khác / Chưa phân loại,0
121740606,1090121666373,"Máy làm sữa hạt Mini cao cấp 5 trong 1 nhãn hiệu Elecplus EP-S500, công suất 500W, dung tích 350ml (2 màu: Trắng và Xanh lá)- Hàng chính hãng",1221000,1221000,0,0,0.0,0,,available,backorder,5179387,Elecplus,elecplus,208147.0,SIÊU THỊ ĐIỆN MÁY GIA DỤNG,195179.0,1882.0,Điện Gia Dụng,2026-08-15,False,0.0,False,1221000,0.0,0.0,False,700k-1.5tr,0%,Máy làm sữa hạt,0
122210907,2529536999735,"Máy trộn bột, đánh trứng tự động DSP KM3025 công suất 1200W, dung tích 6.5 lít, trang bị 3 đầu trộn, 10 tốc độ đánh khác nhau- Hàng chính hãng",3890000,3890000,0,0,0.0,0,,available,backorder,583007,DSP,dsp,208147.0,SIÊU THỊ ĐIỆN MÁY GIA DỤNG,195179.0,1882.0,Điện Gia Dụng,2026-08-15,False,0.0,False,3890000,0.0,0.0,False,>1.5tr,0%,Khác / Chưa phân loại,0
122646060,6155454342894,Bếp Hồng Ngoại Đơn Kangaroo KG20IFP1 (2000W) - Hàng Chính Hãng,563000,1010000,447000,44,4.8,86,1180.0,available,instock,19589,Kangaroo,kangaroo,1.0,Tiki Trading,40395.0,23814.0,Bếp hồng ngoại đơn,2026-08-15,True,1180.0,False,1010000,44.257425742574256,0.2574257425742559,False,300-700k,30-50%,Bếp điện/từ,86
122651498,8354227866884,Nồi Áp Suất Đáy Từ NK Media Dùng Mọi Bếp MD-GPC22 (5 lít) - Màu Ngẫu Nhiên - Hàng Chính Hãng,550000,550000,0,0,0.0,0,,available,backorder,198789,NK Media,nk-media,11119.0,GIA DỤNG VIỆT,10842.0,1882.0,Điện Gia Dụng,2026-08-15,False,0.0,False,550000,0.0,0.0,False,300-700k,0%,Nồi áp suất,0
122655524,2137728972855,Nồi Áp Suất Đáy Từ NK Media Dùng Mọi Bếp MD-GPC20 (4 lít) - Màu Ngẫu Nhiên - Hàng Chính Hãng,520000,520000,0,0,4.5,2,5.0,available,backorder,198789,NK Media,nk-media,11119.0,GIA DỤNG VIỆT,10842.0,1882.0,Điện Gia Dụng,2026-08-15,True,5.0,False,520000,0.0,0.0,False,300-700k,0%,Nồi áp suất,2
123545201,6923338590645,Nồi cơm điện tử Tefal - 1.8L - Thương hiệu Pháp - RK736B68- Hàng chính hãng,1716000,1716000,0,0,4.0,1,5.0,available,instock,19813,Tefal,tefal,138278.0,AM MART,127693.0,1918.0,Nồi cơm điện tử,2026-08-15,True,5.0,False,1716000,0.0,0.0,False,>1.5tr,0%,Nồi cơm điện,30
123576900,4707361698166,Máy Xay Sinh Tố Hafele HSB-0621FS (1.5 Lít - 600W) - Hàng Chính Hãng,1900000,1900000,0,0,0.0,0,,available,backorder,205197,HAFELE,hafele,292953.0,ĐIỆN MÁY TẤN TÀI,280276.0,1882.0,Điện Gia Dụng,2026-08-15,False,0.0,False,1900000,0.0,0.0,False,>1.5tr,0%,Máy xay,0
123833778,6159098880446,Ấm Siêu Sắc Thuốc Điện Tự Động Gốm Bát Tràng Bảo Long Phú Vinh Cao Cấp PV-368T (5 lít) - Màu Ngẫu Nhiên - Hàng Chính Hãng,260000,260000,0,0,5.0,1,6.0,available,backorder,236471,Bảo Long,bao-long,11119.0,GIA DỤNG VIỆT,10842.0,1882.0,Điện Gia Dụng,2026-08-15,True,6.0,False,260000,0.0,0.0,False,100-300k,0%,Khác / Chưa phân loại,1
124116795,2681856337065,"Máy xay thịt, xay thực phẩm đa năng Tefal MB520138 - Hàng chính hãng",750000,750000,0,0,0.0,0,,available,backorder,19813,Tefal,tefal,20256.0,Telovietnam,19746.0,1882.0,Điện Gia Dụng,2026-08-15,False,0.0,False,750000,0.0,0.0,False,700k-1.5tr,0%,Máy xay,0
124237290,5130323819898,Nồi cơm điện Elmich Smartcook RCS-0892 1.8L,965000,965000,0,0,0.0,0,,available,backorder,31627,Elmich,elmich,223710.0,siêu thị Hương Giang,210742.0,2.0,Root,2026-08-15,False,0.0,False,965000,0.0,0.0,False,700k-1.5tr,0%,Nồi cơm điện,0
124475724,8610011454589,Máy Pha Cà Phê Espresso Zamboo ZB-68CF (3.5Bar) - Hàng Chính Hãng,990000,990000,0,0,4.6,8,37.0,available,backorder,368843,Zamboo,zamboo,168717.0,KingHomeSG,155753.0,1882.0,Điện Gia Dụng,2026-08-15,True,37.0,False,990000,0.0,0.0,False,700k-1.5tr,0%,Máy pha cà phê,35
124481669,3154040601319,Nồi chiên không dầu Klarstein Turbo 9L - hàng nhập khẩu,4290000,4290000,0,0,0.0,0,3.0,available,backorder,183153,Klarstein,klarstein,20256.0,Telovietnam,19746.0,1882.0,Điện Gia Dụng,2026-08-15,True,3.0,False,4290000,0.0,0.0,False,>1.5tr,0%,Nồi chiên không dầu,0
125349154,4530414684881,Nồi cơm điện Tiger JNP 1803 1.8L - Hàng Chính Hãng,3890000,3890000,0,0,0.0,0,1.0,available,backorder,79440,Tiger,tiger,20256.0,Telovietnam,19746.0,2.0,Root,2026-08-15,True,1.0,False,3890000,0.0,0.0,False,>1.5tr,0%,Nồi cơm điện,0
125893587,9839596292164,Bếp điện từ Electrolux ETD29MKC (2000W) - Hàng chính hãng,1105000,1390000,285000,21,5.0,17,60.0,available,instock,19050,Electrolux,electrolux,1.0,Tiki Trading,40395.0,1882.0,Điện Gia Dụng,2026-08-15,True,60.0,False,1390000,20.503597122302157,0.4964028776978431,False,700k-1.5tr,20-30%,Bếp điện/từ,24
126070511,8610392414840,Nồi Cơm Điện Công Nghiệp Dung Tích Lớn 3.6 lít GUGKDD GK-1300 (1300W) - Hàng Chính Hãng,635000,635000,0,0,4.5,2,11.0,available,backorder,893947,GUGKDD,gugkdd,11119.0,GIA DỤNG VIỆT,10842.0,1882.0,Điện Gia Dụng,2026-08-15,True,11.0,False,635000,0.0,0.0,False,300-700k,0%,Nồi cơm điện,2
127031344,2707460549768,Máy Nướng Bánh Mì Kẹp BlueStone SBB-2333 (650W) - Hàng Chính Hãng,699000,699000,0,0,4.7,54,,out_of_stock,discontinued,18977,Bluestone,bluestone,,,,,,2026-08-15,False,0.0,True,699000,0.0,0.0,False,300-700k,0%,Khác / Chưa phân loại,30
127572326,3878550034251,Lò Chiên Không Dầu Cuisinart TOA-65HK - 17 lít - Hàng Chính Hãng,8880000,8880000,0,0,0.0,0,,available,backorder,277977,Cuisinart,cuisinart,10938.0,Bếp NK,10672.0,2.0,Root,2026-08-15,False,0.0,False,8880000,0.0,0.0,False,>1.5tr,0%,Khác / Chưa phân loại,0
127586927,8684745915955,Ấm Siêu Tốc Trơn Đạt Tường - DTST02 ; DTST03 - Hàng Chính Hãng,151000,151000,0,0,0.0,0,,available,backorder,234179,Đạt Tường,dat-tuong,11119.0,GIA DỤNG VIỆT,10842.0,2.0,Root,2026-08-15,False,0.0,False,151000,0.0,0.0,False,100-300k,0%,Ấm đun nước/Bình siêu tốc,0
127712794,4308358309622,Máy Đánh Trứng Scarlett 7 Cấp Độ 280W - Hàng Nhập Khẩu,115000,115000,0,0,5.0,1,9.0,available,backorder,51073,Scarlett,scarlett,10889.0,MuaMuaOnline,10623.0,1882.0,Điện Gia Dụng,2026-08-15,True,9.0,False,115000,0.0,0.0,False,100-300k,0%,Máy đánh trứng,1
128876301,7116244166188,Nồi chiên không dầu LOTTE 10 lít LSF815 - hàng chính hãng,4500000,4500000,0,0,0.0,0,2.0,available,backorder,163271,LOTTE,lotte,229959.0,Cửa hàng Bếp HQ,216991.0,2.0,Root,2026-08-15,True,2.0,False,4500000,0.0,0.0,False,>1.5tr,0%,Nồi chiên không dầu,0
128912917,4285151803252,Ấm Siêu Tốc Điện Inox Cỡ Lớn NK Media MD-SD510 (5 lít) - Màu Ngẫu Nhiên - Hàng Chính Hãng,306000,306000,0,0,4.0,2,3.0,available,backorder,198789,NK Media,nk-media,11119.0,GIA DỤNG VIỆT,10842.0,1882.0,Điện Gia Dụng,2026-08-15,True,3.0,False,306000,0.0,0.0,False,300-700k,0%,Khác / Chưa phân loại,2
129012522,8381279577063,Combo Bếp Gas Công Nghiệp Inox Toàn Thân Kèm Van Dây - Hàng Chính Hãng,1010000,1010000,0,0,5.0,1,4.0,available,backorder,800041,Baka,baka,11119.0,GIA DỤNG VIỆT,10842.0,1882.0,Điện Gia Dụng,2026-08-15,True,4.0,False,1010000,0.0,0.0,False,700k-1.5tr,0%,Bếp điện/từ,1
129260923,3034940881221,"Máy Xay Đa Năng Cầm Tay Mini Sạc Điện Có Cổng Sạc Usb, Nhỏ Gọn Tiện Ích Dễ Sử Dụng Xay Hành Tỏi Rau Củ Quả Thể Tích 250ML- Hàng Chính Hãng MINIIN",105000,105000,0,0,4.5,11,20.0,available,backorder,5132069,MINIIN,miniin,203034.0,Gia Dụng Trí Vũ,190067.0,1882.0,Điện Gia Dụng,2026-08-15,True,20.0,False,105000,0.0,0.0,False,100-300k,0%,Máy xay,31
129766377,3386292808247,"Máy Xay Sinh Tố Đa Năng Mini Cầm tay Sạc Pin Tiện Dụng, Máy Xay 6 Lưỡi Thép Không Gỉ - Gọn Nhẹ - Hàng Chính Hãng MINIIN",79000,79000,0,0,3.5,35,205.0,available,backorder,5132069,MINIIN,miniin,134678.0,Smarthome29,124367.0,1882.0,Điện Gia Dụng,2026-08-15,True,205.0,False,79000,0.0,0.0,False,<100k,0%,Máy xay,38
130042726,3324889406481,Nồi cơm điện nắp gài Sharp 1.8 lít KS-183TJV-CH - Hàng chính hãng,674000,785000,111000,14,3.7,3,13.0,available,instock,19912,Sharp,sharp,1.0,Tiki Trading,40395.0,1882.0,Điện Gia Dụng,2026-08-15,True,13.0,False,785000,14.140127388535031,0.14012738853503137,False,300-700k,10-20%,Nồi cơm điện,3
130194940,8816382366550,Bếp ga đôi Kangaroo KG519M - Hàng chính hãng,904000,1440000,536000,37,5.0,4,22.0,available,instock,19589,Kangaroo,kangaroo,1.0,Tiki Trading,40395.0,2.0,Root,2026-08-15,True,22.0,False,1440000,37.22222222222222,0.22222222222222143,False,700k-1.5tr,30-50%,Khác / Chưa phân loại,5
130315236,1118826189335,Máy Làm sữa Chua 3 Nút Tự Động Yogurt Maker Nhật - Làm Sữa Chua Tại Nhà Đơn Giản - Hàng Chính Hãng MINIIN,274000,274000,0,0,4.8,4,50.0,available,backorder,5132069,MINIIN,miniin,134678.0,Smarthome29,124367.0,1882.0,Điện Gia Dụng,2026-08-15,True,50.0,False,274000,0.0,0.0,False,100-300k,0%,Máy làm sữa chua,4
130829379,9834566763531,Bếp Gas Du Lịch Mini - Màu Ngẫu Nhiên - Hàng Chính Hãng,250000,250000,0,0,0.0,0,4.0,available,backorder,5074117,GDV,gdv,11119.0,GIA DỤNG VIỆT,10842.0,1882.0,Điện Gia Dụng,2026-08-15,True,4.0,False,250000,0.0,0.0,False,100-300k,0%,Bếp điện/từ,0
131899437,6706531862350,Nồi cơm điện nắp gài PG-512DC - Hàng chính hãng,779000,779000,0,0,0.0,0,,available,backorder,330991,PENGO,pengo,213616.0,Pengo Official,200648.0,1882.0,Điện Gia Dụng,2026-08-15,False,0.0,False,779000,0.0,0.0,False,700k-1.5tr,0%,Nồi cơm điện,0
131908421,9182290879211,Nồi cơm điện PG-NR06M - Hàng chính hãng,399000,399000,0,0,0.0,0,,available,backorder,330991,PENGO,pengo,213616.0,Pengo Official,200648.0,1882.0,Điện Gia Dụng,2026-08-15,False,0.0,False,399000,0.0,0.0,False,300-700k,0%,Nồi cơm điện,0
132248478,9863590528146,Nồi cơm điện PG-618M Dung Tích 1.8 Lít - Hàng Chính Hãng,569000,569000,0,0,0.0,0,,available,backorder,330991,PENGO,pengo,213616.0,Pengo Official,200648.0,1882.0,Điện Gia Dụng,2026-08-15,False,0.0,False,569000,0.0,0.0,False,300-700k,0%,Nồi cơm điện,0
133536105,5866642101644,"Máy hút mùi Keplercook KL623 ( 60cm, 650m3)- Hàng chính hãng",1550000,1550000,0,0,0.0,0,,available,backorder,530731,Keplercook,keplercook,185939.0,KEPLERCOOK Official Store,172974.0,1882.0,Điện Gia Dụng,2026-08-15,False,0.0,False,1550000,0.0,0.0,False,>1.5tr,0%,Máy hút mùi,0
133577635,8053308253125,"Máy làm sữa hạt mini thương hiệu Elecplus EP-S500A, công suất 500W, dung tích lên đến 600ml, 6 chức năng nấu vượt trội- Hàng chính hãng",965000,965000,0,0,0.0,0,,available,backorder,5179387,Elecplus,elecplus,208147.0,SIÊU THỊ ĐIỆN MÁY GIA DỤNG,195179.0,1882.0,Điện Gia Dụng,2026-08-15,False,0.0,False,965000,0.0,0.0,False,700k-1.5tr,0%,Máy làm sữa hạt,0
133579144,5467290779106,Máy hút mùi Keplercook KL723A ( 70cm)- Hàng chính hãng,1780000,1780000,0,0,0.0,0,1.0,available,backorder,530731,Keplercook,keplercook,185939.0,KEPLERCOOK Official Store,172974.0,1882.0,Điện Gia Dụng,2026-08-15,True,1.0,False,1780000,0.0,0.0,False,>1.5tr,0%,Máy hút mùi,0
133775669,1883425614708,"Bình đun siêu tốc dung tích 2.3 Lít, ấm siêu tốc Inox 2 lớp chống phỏng đun nước siêu nhanh Ladomax HA-886 - Hàng chính hãng",324000,324000,0,0,0.0,0,2.0,available,backorder,4514423,Ladomax,ladomax,203158.0,Bếp Tôi,190191.0,2.0,Root,2026-08-15,True,2.0,False,324000,0.0,0.0,False,300-700k,0%,Ấm đun nước/Bình siêu tốc,0
133775737,2418053856759,"Bình đun siêu tốc 5 Lít, ấm điện bền đẹp, nấu nước an toàn Fujika FJ-SD50 - Hàng chính hãng",349000,349000,0,0,5.0,6,23.0,available,backorder,295203,FUJIKA,fujika,203158.0,Bếp Tôi,190191.0,2.0,Root,2026-08-15,True,23.0,False,349000,0.0,0.0,False,300-700k,0%,Ấm đun nước/Bình siêu tốc,12
133815741,9201885680990,"Nồi Lẩu Điện Đa Năng Mini Ca Nấu Mì, Cơm Đa Năng 2 Tầng Cao Cấp Núm Xoay 2 Nấc Nhiệt Kèm Giá Hấp 1,8L Chính Hãng MINIIN",169000,169000,0,0,4.2,29,105.0,available,backorder,5132069,MINIIN,miniin,203034.0,Gia Dụng Trí Vũ,190067.0,1882.0,Điện Gia Dụng,2026-08-15,True,105.0,False,169000,0.0,0.0,False,100-300k,0%,Nồi lẩu điện,55
134333384,8023851695122,Máy đánh trứng Lock&Lock Hand Mixer EJM501DGRY 250-300W - Hàng chính hãng,505920,1054000,548080,52,4.8,272,1053.0,available,instock,48077,LocknLock,locknlock,1.0,Tiki Trading,40395.0,2108.0,Máy đánh trứng,2026-08-15,True,1053.0,False,1054000,52.0,0.0,False,300-700k,>50%,Máy đánh trứng,95
134550148,9780589593011,Nồi cơm điện tử Elmich RCE-1789 (1.2 Lít) - Hàng chính hãng,1333000,1704000,371000,22,4.8,68,322.0,available,instock,31627,Elmich,elmich,1.0,Tiki Trading,40395.0,1918.0,Nồi cơm điện tử,2026-08-15,True,322.0,False,1704000,21.772300469483568,0.227699530516432,False,700k-1.5tr,20-30%,Nồi cơm điện,0
134714366,4850670453636,Bếp Điện Từ Cảm Ứng KUCHEN ĐỨC MI 928 - Bếp Đơn - Hàng Chính Hãng,2200000,2200000,0,0,5.0,1,4.0,available,backorder,542729,Kuchen,kuchen,9652.0,Crep Protect VN,9454.0,1882.0,Điện Gia Dụng,2026-08-15,True,4.0,False,2200000,0.0,0.0,False,>1.5tr,0%,Bếp điện/từ,0
135777009,5950721578510,Ấm đun siêu tốc Delonghi KBOV 2001 BG/GR - Thương hiệu Ý - Hàng chính hãng,2990000,2990000,0,0,0.0,0,,available,backorder,155511,DeLonghi,delonghi,20256.0,Telovietnam,19746.0,1882.0,Điện Gia Dụng,2026-08-15,False,0.0,False,2990000,0.0,0.0,False,>1.5tr,0%,Ấm đun nước/Bình siêu tốc,0
135799089,2635942803384,Ấm Đun Siêu Tốc 2 lít Ladomax Ha-885 Inox Đế Xoay 360 Độ (2.0 L) - Hàng Chính Hãng,199000,199000,0,0,0.0,0,,available,backorder,4514423,Ladomax,ladomax,69337.0,Home Star Store,64779.0,1882.0,Điện Gia Dụng,2026-08-15,False,0.0,False,199000,0.0,0.0,False,100-300k,0%,Ấm đun nước/Bình siêu tốc,0
136590609,8986068782668,Bếp Hồng Ngoại 2200W Ladomax Ha-666 Inox Viền Vàng Mặt Kính Germany Nấu Mọi Loại Nồi Chảo Điều Khiển Cảm Ứng Và Núm Xoay Tiện Lợi-Hàng Chính Hãng,719000,719000,0,0,0.0,0,,available,backorder,4514423,Ladomax,ladomax,69337.0,Home Star Store,64779.0,1882.0,Điện Gia Dụng,2026-08-15,False,0.0,False,719000,0.0,0.0,False,700k-1.5tr,0%,Bếp điện/từ,0
136759589,1854422766361,Bếp Hồng Ngoại 2200W Ladomax Ha-666 Vân Gỗ Mặt Kính Germany Nấu Mọi Loại Nồi Chảo Điều Khiển Cảm Ứng Và Núm Xoay Hiện Đại-Hàng Chính Hãng,739000,739000,0,0,0.0,0,,available,backorder,4514423,Ladomax,ladomax,69337.0,Home Star Store,64779.0,1882.0,Điện Gia Dụng,2026-08-15,False,0.0,False,739000,0.0,0.0,False,700k-1.5tr,0%,Bếp điện/từ,0
136987744,7491162784331,Nồi Hấp Điện WMF Kitchenminis 2 Tầng - Hàng Nhập Khẩu Đức,4590000,4590000,0,0,0.0,0,3.0,available,backorder,247725,WMF,wmf,20256.0,Telovietnam,19746.0,1882.0,Điện Gia Dụng,2026-08-15,True,3.0,False,4590000,0.0,0.0,False,>1.5tr,0%,Nồi/Chảo (khác),0
137543950,1916503440060,Nồi chiên hơi nước kết hợp nướng hấp UNIE Steam US6800 công suất - Hàng chính hãng,3389000,4899000,1510000,31,0.0,0,,available,backorder,577673,UNIE,unie,58532.0,Trương Thiên Long,55298.0,1882.0,Điện Gia Dụng,2026-08-15,False,0.0,False,4899000,30.82261686058379,0.17738313941621087,False,>1.5tr,30-50%,Nồi/Chảo (khác),0
137552119,9040612677250,Ấm Siêu Tốc Trơn Đạt Tường - DTST02 ; DTST03 - Hàng Chính Hãng - DTS02 - Quai tròn,145000,145000,0,0,0.0,0,1.0,available,backorder,234179,Đạt Tường,dat-tuong,11119.0,GIA DỤNG VIỆT,10842.0,1882.0,Điện Gia Dụng,2026-08-15,True,1.0,False,145000,0.0,0.0,False,100-300k,0%,Ấm đun nước/Bình siêu tốc,0
137727744,3639951331541,Bình thủy điện Panasonic NC-EG4000CSY 4 lít - Hàng Chính Hãng,2517000,2517000,0,0,5.0,3,21.0,available,instock,18804,Panasonic,panasonic,138278.0,AM MART,127693.0,1882.0,Điện Gia Dụng,2026-08-15,True,21.0,False,2517000,0.0,0.0,False,>1.5tr,0%,Bình giữ nhiệt,0
138046777,9045959331824,Bếp Gas Đôi Mặt Kính Chén Nhôm RedStar - Màu Ngẫu nhiên Hàng Chính Hãng,499000,499000,0,0,0.0,0,,available,backorder,5236655,RedStar,redstar,69337.0,Home Star Store,64779.0,1882.0,Điện Gia Dụng,2026-08-15,False,0.0,False,499000,0.0,0.0,False,300-700k,0%,Bếp điện/từ,0
138106773,4597605832358,Bếp Gas Dương Kính Kangaroo KG516M - Hàng chính hãng,848000,1270000,422000,33,5.0,1,3.0,available,instock,19589,Kangaroo,kangaroo,1.0,Tiki Trading,40395.0,2.0,Root,2026-08-15,True,3.0,False,1270000,33.22834645669291,0.2283464566929112,False,700k-1.5tr,30-50%,Bếp điện/từ,0
138242751,4873187356638,"Nồi chiên không dầu Kalite KL 1200, công suất 1800W, dung tích 12L, bảng điều khiển cảm ứng và cơ, hàng chính hãng",3562800,3562800,0,0,0.0,0,2.0,available,instock,662449,KALITE,kalite,138278.0,AM MART,127693.0,1882.0,Điện Gia Dụng,2026-08-15,True,2.0,False,3562800,0.0,0.0,False,>1.5tr,0%,Nồi chiên không dầu,0
138674766,9957298401659,"Ấm đun nước siêu tốc điều chỉnh nhiệt độ Morphy Richards MR6070 công suất 1800W, dung tích 1.5L, tích hợp chế độ giữ ấm ở các mức lựa chọn- Hàng chính hãng",1686000,1686000,0,0,5.0,1,5.0,available,backorder,217293,morphy richards,morphy-richards,208147.0,SIÊU THỊ ĐIỆN MÁY GIA DỤNG,195179.0,1882.0,Điện Gia Dụng,2026-08-15,True,5.0,False,1686000,0.0,0.0,False,>1.5tr,0%,Ấm đun nước/Bình siêu tốc,0
138914860,1872286972134,Ấm Siêu Tốc Trơn Đạt Tường - DTST02 ; DTST03 - Hàng Chính Hãng - DTST02 - Quai Tròn,162000,162000,0,0,0.0,0,,available,backorder,234179,Đạt Tường,dat-tuong,11119.0,GIA DỤNG VIỆT,10842.0,1882.0,Điện Gia Dụng,2026-08-15,False,0.0,False,162000,0.0,0.0,False,100-300k,0%,Ấm đun nước/Bình siêu tốc,0
139074454,6032971659448,Máy đánh trứng để bàn BEKO HMM7422W - Hàng chính hãng,1299000,1299000,0,0,0.0,0,1.0,available,backorder,74591,Beko,beko,184067.0,Siêu Thị Điện Máy Từ Sơn,171102.0,1882.0,Điện Gia Dụng,2026-08-15,True,1.0,False,1299000,0.0,0.0,False,700k-1.5tr,0%,Máy đánh trứng,0
139202937,1046794400681,Bộ van bình ngắt gas tự động Namilux NA-345S-VN - HÀNG CHÍNH HÃNG (MP),200000,200000,0,0,0.0,0,,available,backorder,113919,NaMilux,namilux,182493.0,Bếp Gas Minh Phúc Đồng Nai,169528.0,1882.0,Điện Gia Dụng,2026-08-15,False,0.0,False,200000,0.0,0.0,False,100-300k,0%,Khác / Chưa phân loại,0
139298683,4152168416007,Nồi cơm điện cao tần BEKO RCI 80143 B - Hàng chính hãng,2690000,2690000,0,0,0.0,0,,available,backorder,74591,Beko,beko,184067.0,Siêu Thị Điện Máy Từ Sơn,171102.0,1882.0,Điện Gia Dụng,2026-08-15,False,0.0,False,2690000,0.0,0.0,False,>1.5tr,0%,Nồi cơm điện,0
139474115,6508379452398,Nồi lẩu điện đa năng Bennix Thái Lan BN-05EGP dung tích 5 lít - Hàng chính hãng,999000,999000,0,0,0.0,0,,available,backorder,421431,Bennix,bennix,125683.0,M2P Shop,116136.0,1882.0,Điện Gia Dụng,2026-08-15,False,0.0,False,999000,0.0,0.0,False,700k-1.5tr,0%,Nồi lẩu điện,0
140136054,2917092876488,"[Sức Khỏe] Nồi Chiên Không Dầu KhoNCC Hàng Chính Hãng Ca mel 6Lít Cho Bữa Ăn Sạch - An Toàn - Nấu Nhanh Dễ Dùng - KLM-NCCM6L (Đen, X.Lá)",818000,818000,0,0,0.0,0,,available,backorder,456513,KHONCC,khoncc,762.0,NhaCungCap,725.0,1882.0,Điện Gia Dụng,2026-08-15,False,0.0,False,818000,0.0,0.0,False,700k-1.5tr,0%,Nồi chiên không dầu,0
140198831,9519203196097,[Cầm Tay] Máy Xay Sinh Tố Mini Đa Năng KhoNCC Hàng Chính Hãng - Lưỡi Dao Xay Trực Tiếp - Sạc USB - KDHS-343-XST (Màu ngẫu nhiên),169000,169000,0,0,1.0,1,2.0,available,backorder,456513,KHONCC,khoncc,762.0,NhaCungCap,725.0,1882.0,Điện Gia Dụng,2026-08-15,True,2.0,False,169000,0.0,0.0,False,100-300k,0%,Máy xay,0
140859216,3562585170274,"Máy xay nấu đa năng 6 trong 1 Elmich BLE-3901, hàng chính hãng (Elmich - thương hiệu CH Séc) - Bảo hành chính hãng 2 năm.",5383000,8900000,3517000,40,5.0,2,16.0,available,instock,31627,Elmich,elmich,1.0,Tiki Trading,40395.0,2111.0,Máy xay cắt đa năng,2026-08-15,True,16.0,False,8900000,39.51685393258427,0.4831460674157313,False,>1.5tr,30-50%,Máy xay,0
140864366,3355843330408,Nồi chiên không dầu kết hợp áp suất đa năng Elmich AFE-1808 - Hàng chính hãng,2400000,3068000,668000,22,5.0,7,43.0,available,instock,31627,Elmich,elmich,1.0,Tiki Trading,40395.0,8123.0,Nồi chiên,2026-08-15,True,43.0,False,3068000,21.773142112125164,0.22685788787483574,False,>1.5tr,20-30%,Nồi chiên không dầu,0
141052302,4089533902766,"Nồi Lẩu Điện Mini Đa Năng 28CM, Chống Dính Vân Đá Cao Cấp Công Suất 1000W - Tiện Dụng 3 Nấc Nhiệt Kèm Giá Hấp-Hàng Chính hãng MINIIN",279000,279000,0,0,4.5,65,682.0,available,backorder,5132069,MINIIN,miniin,134678.0,Smarthome29,124367.0,1882.0,Điện Gia Dụng,2026-08-15,True,682.0,False,279000,0.0,0.0,False,100-300k,0%,Nồi lẩu điện,0
142401101,2978450121412,NỒI NẤU ĐA NĂNG THÔNG MINH FRICO FC-SP601 - HÀNG NHẬP KHẨU,7388000,7388000,0,0,0.0,0,1.0,available,backorder,277865,FRICO,frico,18930.0,FRICO,18296.0,1882.0,Điện Gia Dụng,2026-08-15,True,1.0,False,7388000,0.0,0.0,False,>1.5tr,0%,Nồi/Chảo (khác),0
142985841,1806902979783,Lò chiên nướng không dầu BIOCHEF - Hàng Chính Hãng,2999000,2999000,0,0,0.0,0,,available,backorder,235445,BioChef,biochef,237038.0,Máy Ép Chậm Máy Xay Sinh Tố Châu Âu,224070.0,1882.0,Điện Gia Dụng,2026-08-15,False,0.0,False,2999000,0.0,0.0,False,>1.5tr,0%,Khác / Chưa phân loại,0
143034671,9819150311385,"ẤM ĐUN SIÊU TỐC LADOMAX HA-886, dung tích 2.3L, nhựa nguyên sinh, thân ấm 2 lớp chống bỏng-hàng chính hãng",265000,265000,0,0,0.0,0,3.0,available,backorder,4514423,Ladomax,ladomax,33792.0,Gia Dụng NuHa,33089.0,2.0,Root,2026-08-15,True,3.0,False,265000,0.0,0.0,False,100-300k,0%,Ấm đun nước/Bình siêu tốc,0
143034721,7861118670085,"Ấm đun siêu tốc thân 2 lớp chống bỏng Ladomax 886, dung tích 2.3L, đế rời-Hàng chính hãng",265000,265000,0,0,5.0,1,4.0,available,backorder,4514423,Ladomax,ladomax,33792.0,Gia Dụng NuHa,33089.0,2.0,Root,2026-08-15,True,4.0,False,265000,0.0,0.0,False,100-300k,0%,Ấm đun nước/Bình siêu tốc,0
143362928,5484785736687,"Bình đun siêu tốc 2 lớp Ladomax lòng ấm inox 304 đúc nguyên khối dung tích 2.5L, vỏ nhựa ABS không phai màu (888 - Màu Đỏ) - Hàng chính hãng",399000,399000,0,0,0.0,0,,available,backorder,4514423,Ladomax,ladomax,69337.0,Home Star Store,64779.0,1882.0,Điện Gia Dụng,2026-08-15,False,0.0,False,399000,0.0,0.0,False,300-700k,0%,Ấm đun nước/Bình siêu tốc,0
143867862,3047956391344,Lò nướng Dann DO-KT68B - Hàng chính hãng,11180000,11180000,0,0,0.0,0,,available,backorder,408757,Dann,dann,44055.0,BẾP VIỆT,42664.0,1882.0,Điện Gia Dụng,2026-08-15,False,0.0,False,11180000,0.0,0.0,False,>1.5tr,0%,Lò vi sóng/nướng,0
144162573,9320136846919,[Loại Tốt] Máy Hút Chân Không KhoNCC Hàng Chính Hãng - Đa Năng Có Hàn Ép Miệng Túi Thực Phẩm - KLVQ-5233-MECK,270000,270000,0,0,3.4,22,187.0,available,backorder,456513,KHONCC,khoncc,762.0,NhaCungCap,725.0,1882.0,Điện Gia Dụng,2026-08-15,True,187.0,False,270000,0.0,0.0,False,100-300k,0%,Máy hút chân không,0
145367330,7344966304117,Máy xay cầm tay 650w Philips HR2531 - Hàng chính hãng,715000,715000,0,0,0.0,0,,available,backorder,19018,Philips,philips,11119.0,GIA DỤNG VIỆT,10842.0,1882.0,Điện Gia Dụng,2026-08-15,False,0.0,False,715000,0.0,0.0,False,700k-1.5tr,0%,Máy xay,0
145396541,6282664223820,Bình đun nước siêu tốc  Philips HD9303/03 - Hàng chính hãng,450000,450000,0,0,5.0,1,1.0,available,backorder,19018,Philips,philips,11119.0,GIA DỤNG VIỆT,10842.0,1882.0,Điện Gia Dụng,2026-08-15,True,1.0,False,450000,0.0,0.0,False,300-700k,0%,Khác / Chưa phân loại,0
146389717,5936221783613,"MÁY HÚT CHÂN KHÔNG KÈM HÀN MIỆNG TÚI, TẶNG KÈM 10 TÚI HÚT, AN TOÀN KHI SỬ DỤNG - HÀNG NHẬP KHẨU",711000,750000,39000,5,0.0,0,2.0,available,backorder,5166975,Anh Lam Store,anh-lam-store,236185.0,Minhlam Store,223217.0,2.0,Root,2026-08-15,True,2.0,False,750000,5.2,0.20000000000000018,False,700k-1.5tr,0-10%,Máy hút chân không,0
146676601,5981564007200,"Bếp Điện Hồng Ngoại Ladomax Ha666 Màu giả gỗ, công suất 2200w, không kén nồi chảo-Hàng chính hãng",845000,845000,0,0,4.8,9,18.0,available,backorder,4514423,Ladomax,ladomax,33792.0,Gia Dụng NuHa,33089.0,2.0,Root,2026-08-15,True,18.0,False,845000,0.0,0.0,False,700k-1.5tr,0%,Bếp điện/từ,0
147352662,3425125152347,Bình Đun Thủy Tinh PHILIPS HD9339/80 1.7lít - Hàng Chính Hãng,962800,1299000,336200,26,5.0,29,125.0,available,instock,19018,Philips,philips,1.0,Tiki Trading,40395.0,2.0,Root,2026-08-15,True,125.0,False,1299000,25.88144726712856,0.1185527328714393,False,700k-1.5tr,20-30%,Khác / Chưa phân loại,0
147356513,7705352504823,Máy Xay Sinh Tố PHILIPS HR2041/50 450W - Hàng Chính Hãng,749000,1099000,350000,32,4.8,29,101.0,available,instock,19018,Philips,philips,1.0,Tiki Trading,40395.0,24062.0,Máy xay sinh tố gia đình,2026-08-15,True,101.0,False,1099000,31.84713375796178,0.1528662420382183,False,700k-1.5tr,30-50%,Máy xay,0
147356517,8922032122830,Máy Xay Sinh Tố PHILIPS HR2041/10 450W - Hàng Chính Hãng,517000,859000,342000,40,4.5,88,412.0,available,instock,19018,Philips,philips,1.0,Tiki Trading,40395.0,2.0,Root,2026-08-15,True,412.0,False,859000,39.81373690337602,0.186263096623982,False,300-700k,30-50%,Máy xay,0
147903536,1823297016401,Bếp Từ Đơn Sunhouse SHD6803 (2000W) - Kèm Nồi Lẩu - Hàng Chính Hãng,1008000,1190000,0,0,4.7,492,,out_of_stock,instock,41048,Sunhouse,sunhouse,,,,,,2026-08-15,False,0.0,True,1190000,15.294117647058824,15.294117647058824,True,700k-1.5tr,0%,Nồi lẩu điện,0
148679957,5759953815539,"Nồi cơm điện tử Tefal RK732168, Dung tích 1.8L, Công suất 750W -  Hàng chính hãng",1429000,1429000,0,0,0.0,0,,available,backorder,19813,Tefal,tefal,109240.0,CB SMart,101113.0,1882.0,Điện Gia Dụng,2026-08-15,False,0.0,False,1429000,0.0,0.0,False,700k-1.5tr,0%,Nồi cơm điện,0
149145484,7530674970191,Ấm Đun Siêu Tốc SUNHOUSE 2 Lớp Dung Tích 1.8L SHD1351 - Hàng chính hãng,286000,286000,0,0,5.0,1,3.0,available,backorder,41048,Sunhouse,sunhouse,173338.0,SMARTWATCH,160374.0,2.0,Root,2026-08-15,True,3.0,False,286000,0.0,0.0,False,100-300k,0%,Ấm đun nước/Bình siêu tốc,0
149145704,4318800736821,Lẩu điện Sunhouse SH525L - Hàng chính hãng,740000,740000,0,0,0.0,0,,available,backorder,41048,Sunhouse,sunhouse,11119.0,GIA DỤNG VIỆT,10842.0,2.0,Root,2026-08-15,False,0.0,False,740000,0.0,0.0,False,700k-1.5tr,0%,Khác / Chưa phân loại,0
149145719,3633745763508,"Ấm Siêu Tốc Happy Time 1,8l, Bình Đun Siêu Tốc Inox Cách Nhiệt HTD1081",250000,250000,0,0,5.0,7,38.0,available,backorder,41048,Sunhouse,sunhouse,173338.0,SMARTWATCH,160374.0,1882.0,Điện Gia Dụng,2026-08-15,True,38.0,False,250000,0.0,0.0,False,100-300k,0%,Ấm đun nước/Bình siêu tốc,0
149146003,1781207315958,Ấm siêu tốc thủy tinh 1.8L Sunhouse SHD1215B - Hàng chính hãng,364560,372000,7440,2,5.0,9,52.0,available,backorder,41048,Sunhouse,sunhouse,173338.0,SMARTWATCH,160374.0,2.0,Root,2026-08-15,True,52.0,False,372000,2.0,0.0,False,300-700k,0-10%,Ấm đun nước/Bình siêu tốc,0
149146084,2448407234235,Nồi cơm điện SUNHOUSE SHD8606 - Hàng chính hãng,790000,790000,0,0,0.0,0,1.0,available,backorder,41048,Sunhouse,sunhouse,11119.0,GIA DỤNG VIỆT,10842.0,2.0,Root,2026-08-15,True,1.0,False,790000,0.0,0.0,False,700k-1.5tr,0%,Nồi cơm điện,0
149146287,1687037148886,Ấm Đun Siêu Tốc SUNHOUSE 2 Lớp Dung Tích 1.8L SHD1353 - Hàng chính hãng,381220,389000,7780,2,4.6,10,36.0,available,backorder,41048,Sunhouse,sunhouse,173338.0,SMARTWATCH,160374.0,2.0,Root,2026-08-15,True,36.0,False,389000,2.0,0.0,False,300-700k,0-10%,Ấm đun nước/Bình siêu tốc,0
149914938,6430411981118,"Máy Xay Sinh Tố Philips HR2223 - 3 Cối + 1 Lõi Ép - Công Suất 700W Xay Được Đá, Hạt - Hàng Chính Hãng",1440000,1440000,0,0,0.0,0,1.0,available,backorder,19018,Philips,philips,184067.0,Siêu Thị Điện Máy Từ Sơn,171102.0,2.0,Root,2026-08-15,True,1.0,False,1440000,0.0,0.0,False,700k-1.5tr,0%,Máy xay,0
149916439,1348212768044,Ấm Siêu Tốc Điện Inox 1.8 lít - Hàng Chính Hãng,136666,136666,0,0,3.7,3,18.0,available,backorder,5074117,GDV,gdv,11119.0,GIA DỤNG VIỆT,10842.0,1882.0,Điện Gia Dụng,2026-08-15,True,18.0,False,136666,0.0,0.0,False,100-300k,0%,Ấm đun nước/Bình siêu tốc,3
150673005,7768347993494,Nồi chiên không dầu Sharp KF-AF70EV-BK (7L) - Hàng Chính Hãng,2464000,3283333,819333,25,5.0,7,22.0,available,instock,19912,Sharp,sharp,1.0,Tiki Trading,40395.0,1882.0,Điện Gia Dụng,2026-08-15,True,22.0,False,3283333,24.95430710196011,0.04569289803988852,False,>1.5tr,20-30%,Nồi chiên không dầu,22
150880959,9280803588683,[hàng chính hãng]Nồi Chiên Không Dầu điện tử dung tích 16L Ladomax HA555 Màu đen,2450000,2450000,0,0,0.0,0,,available,backorder,4514423,Ladomax,ladomax,33792.0,Gia Dụng NuHa,33089.0,2.0,Root,2026-08-15,False,0.0,False,2450000,0.0,0.0,False,>1.5tr,0%,Nồi chiên không dầu,0
151525721,3932012703188,Bếp từ đơn Elmich 1832 hàng chính hãng,1450000,1450000,0,0,5.0,1,1.0,available,backorder,31627,Elmich,elmich,125683.0,M2P Shop,116136.0,2.0,Root,2026-08-15,True,1.0,False,1450000,0.0,0.0,False,700k-1.5tr,0%,Bếp điện/từ,2
151613985,1051279571095,"Nồi Chiên Không Dầu điện tử dung tích 16L Ladomax HA555, công suất 1700W-Hàng chính hãng",2490000,2490000,0,0,0.0,0,,available,backorder,4514423,Ladomax,ladomax,33792.0,Gia Dụng NuHa,33089.0,1882.0,Điện Gia Dụng,2026-08-15,False,0.0,False,2490000,0.0,0.0,False,>1.5tr,0%,Nồi chiên không dầu,0
152232612,2358644873508,"Nồi Áp Suất Đa Năng Tefal CY754830 Turbo Cuisine, 5 Lít, 10 Chương Trình - Hàng chính hãng",2990000,2990000,0,0,0.0,0,,available,backorder,19813,Tefal,tefal,20256.0,Telovietnam,19746.0,1882.0,Điện Gia Dụng,2026-08-15,False,0.0,False,2990000,0.0,0.0,False,>1.5tr,0%,Nồi áp suất,0
152521552,6830056869063,Máy làm sữa hạt đa năng Tefal BL967B66 - Hàng chính hãng,2990000,2990000,0,0,0.0,0,2.0,available,backorder,19813,Tefal,tefal,20256.0,Telovietnam,19746.0,2.0,Root,2026-08-15,True,2.0,False,2990000,0.0,0.0,False,>1.5tr,0%,Máy làm sữa hạt,0
152529206,1518963937416,Bình đun siêu tốc Sunhouse 1.8 lít SHD1351 - Hàng chính hãng,263998,263998,0,0,0.0,0,,available,backorder,41048,Sunhouse,sunhouse,247324.0,Cửa hàng Phương Phương,234356.0,2.0,Root,2026-08-15,False,0.0,False,263998,0.0,0.0,False,100-300k,0%,Ấm đun nước/Bình siêu tốc,0
152559301,7490184102395,"Máy xay thịt, rau củ quả thương hiệu Biolomix BC615 - Công suất: 500W, hai chế độ xay - HÀNG NHẬP KHẨU",390000,390000,0,0,0.0,0,,available,backorder,470671,Biolomix,biolomix,208147.0,SIÊU THỊ ĐIỆN MÁY GIA DỤNG,195179.0,1882.0,Điện Gia Dụng,2026-08-15,False,0.0,False,390000,0.0,0.0,False,300-700k,0%,Máy xay,0
155759521,6818600469588,Máy pha cà phê Espresso thương hiệu cao cấp BioloMix CM6866 - Hàng Nhập Khẩu (Bảo Hành 24 Tháng),4380000,4380000,0,0,0.0,0,,available,backorder,470671,Biolomix,biolomix,256950.0,THẾ GIỚI ĐIỆN MÁY GIA DỤNG,243982.0,1882.0,Điện Gia Dụng,2026-08-15,False,0.0,False,4380000,0.0,0.0,False,>1.5tr,0%,Máy pha cà phê,0
155760532,1642631397140,Máy Pha Cà Phê Chuyên Dụng Delonghi EC685.M 1300W (1.1L) - Hàng Nhập Khẩu,6890000,6890000,0,0,0.0,0,1.0,available,backorder,155511,DeLonghi,delonghi,20256.0,Telovietnam,19746.0,1882.0,Điện Gia Dụng,2026-08-15,True,1.0,False,6890000,0.0,0.0,False,>1.5tr,0%,Máy pha cà phê,0
157299782,6167934523787,Nồi cơm điện Tefal Easy Rice Compact RK730168 - Dung tích 1L - Công suất 600W - Dễ dàng sử dụng với 1 nút nhấn - Công nghệ điện tử Fuzzy Heating - Hàng chính hãng,1699000,1699000,0,0,0.0,0,,available,backorder,19813,Tefal,tefal,109240.0,CB SMart,101113.0,1882.0,Điện Gia Dụng,2026-08-15,False,0.0,False,1699000,0.0,0.0,False,>1.5tr,0%,Nồi cơm điện,0
158098617,2972089023850,Máy trộn bột đa năng Klarstein Bella Elegance - hàng chính hãng,5390000,5390000,0,0,0.0,0,,available,backorder,183153,Klarstein,klarstein,20256.0,Telovietnam,19746.0,1882.0,Điện Gia Dụng,2026-08-15,False,0.0,False,5390000,0.0,0.0,False,>1.5tr,0%,Khác / Chưa phân loại,0
158126136,4482506883792,"Máy đánh trứng, trộn bột đa năng Klarstein Bella Pico 2 G- hàng chính hãng",3890000,3890000,0,0,3.0,1,1.0,available,backorder,183153,Klarstein,klarstein,20256.0,Telovietnam,19746.0,1882.0,Điện Gia Dụng,2026-08-15,True,1.0,False,3890000,0.0,0.0,False,>1.5tr,0%,Máy đánh trứng,1
158781328,9860108404921,Máy vắt cam Braun MPZ9 - SẢN XUẤT CHÂU ÂU - Hàng chính hãng,1190000,1190000,0,0,0.0,0,1.0,available,backorder,48649,Braun,braun,20256.0,Telovietnam,19746.0,1882.0,Điện Gia Dụng,2026-08-15,True,1.0,False,1190000,0.0,0.0,False,700k-1.5tr,0%,Khác / Chưa phân loại,0
159885560,2751377018319,Máy Xay Sinh Tố Philips HR2041/30 (450W) - Hàng Chính Hãng,846000,846000,0,0,4.7,3,21.0,available,instock,19018,Philips,philips,138278.0,AM MART,127693.0,24062.0,Máy xay sinh tố gia đình,2026-08-15,True,21.0,False,846000,0.0,0.0,False,700k-1.5tr,0%,Máy xay,16
159912187,7619233086260,Máy xay sinh tố chân không 3 trong 1 Kuvings SV-400MB (1.55L) Màu đỏ - Hàng chính hãng,17990000,17990000,0,0,0.0,0,,available,backorder,41435,Kuvings,kuvings,190480.0,Kuvings Official Store,177513.0,1882.0,Điện Gia Dụng,2026-08-15,False,0.0,False,17990000,0.0,0.0,False,>1.5tr,0%,Máy xay,0
160270472,4455071493827,"Máy trộn bột và đánh trứng cao cấp nhãn hiệu DSP KM3007 công suất 1200W, dung tích 5 lít - Hàng Nhập Khẩu",2101000,2101000,0,0,0.0,0,,available,backorder,583007,DSP,dsp,208147.0,SIÊU THỊ ĐIỆN MÁY GIA DỤNG,195179.0,1882.0,Điện Gia Dụng,2026-08-15,False,0.0,False,2101000,0.0,0.0,False,>1.5tr,0%,Khác / Chưa phân loại,0
160288431,6759432861549,"Máy trộn bột, đánh trứng cao cấp nhãn hiệu DSP KM3015 dung tích chứa 4 lít, công suất 300W - Hàng nhập khẩu ",1080000,1080000,0,0,5.0,1,2.0,available,backorder,583007,DSP,dsp,208147.0,SIÊU THỊ ĐIỆN MÁY GIA DỤNG,195179.0,1882.0,Điện Gia Dụng,2026-08-15,True,2.0,False,1080000,0.0,0.0,False,700k-1.5tr,0%,Khác / Chưa phân loại,1
160396114,1641146697461,"Bếp ga mini du lịch, bếp gas Namilux PL-Series - Hàng chính hãng",339000,339000,0,0,0.0,0,2.0,available,backorder,113919,NaMilux,namilux,69337.0,Home Star Store,64779.0,2.0,Root,2026-08-15,True,2.0,False,339000,0.0,0.0,False,300-700k,0%,Bếp điện/từ,0
160518517,1660915270174,Bếp Điện Từ Đơn Cảm Ứng Đặt Âm OWANI OW-2628ALL - Hàng Chính Hãng,1300000,1300000,0,0,5.0,1,2.0,available,backorder,509431,OWANI,owani,11119.0,GIA DỤNG VIỆT,10842.0,1882.0,Điện Gia Dụng,2026-08-15,True,2.0,False,1300000,0.0,0.0,False,700k-1.5tr,0%,Bếp điện/từ,1
160561177,8859087528274,Bình đun siêu tốc Tefal KI800D68 - 1.7L - inox - Hàng chính hãng,690000,690000,0,0,0.0,0,,available,backorder,19813,Tefal,tefal,20256.0,Telovietnam,19746.0,1882.0,Điện Gia Dụng,2026-08-15,False,0.0,False,690000,0.0,0.0,False,300-700k,0%,Ấm đun nước/Bình siêu tốc,0
160584223,5222247483894,Ấm Đun Nước Siêu Tốc 1.8L Tiện Dụng - Bình INOXInnox + nhựa - Hàng Chính Hãng,199000,199000,0,0,5.0,1,1.0,available,backorder,5351035,FTAKY,ftaky,57800.0,Siêu Thị NaNo,54661.0,1882.0,Điện Gia Dụng,2026-08-15,True,1.0,False,199000,0.0,0.0,False,100-300k,0%,Ấm đun nước/Bình siêu tốc,1
160606300,5990101974189,"Nồi lẩu điện đa năng DongYuan DDX9088 dung tích 4 lít, thiết kế tách rời dễ dàng vệ sinh, hàng chính hãng",830000,830000,0,0,4.0,2,5.0,available,backorder,5389205,DongYuan,dongyuan,179711.0,ĐIỆN MÁY HTG,166747.0,1882.0,Điện Gia Dụng,2026-08-15,True,5.0,False,830000,0.0,0.0,False,700k-1.5tr,0%,Nồi lẩu điện,2
160786699,2714909435373,"Máy xay thịt 2 lưỡi kép cao cấp nhãn hiệu DSP KM4021, công suất 300W, dung tích 2 lít - Hàng nhập khẩu",335000,335000,0,0,0.0,0,,available,backorder,583007,DSP,dsp,208147.0,SIÊU THỊ ĐIỆN MÁY GIA DỤNG,195179.0,1882.0,Điện Gia Dụng,2026-08-15,False,0.0,False,335000,0.0,0.0,False,300-700k,0%,Máy xay,0
161242040,1584793031328,Máy xay sinh tố Panasonic MX-MG53C1CRA - Hàng chính hãng,1842000,1842000,0,0,4.7,3,11.0,available,instock,18804,Panasonic,panasonic,138278.0,AM MART,127693.0,2.0,Root,2026-08-15,True,11.0,False,1842000,0.0,0.0,False,>1.5tr,0%,Máy xay,6
162027350,4439687476768,(Sôi Nhanh) Ấm Bình Đun Nước Sôi Siêu Tốc KhoNCC Hàng Chính Hãng - Lõi Inox 2 Lớp Cách Nhiệt An Toàn - Dung Tích Lớn 2.5 Lít - Công Nghệ Tiết Kiệm Điện - KLM-ADSTTL-2L5D (Nhiều Màu - ngẫu nhiên),218000,218000,0,0,4.8,4,14.0,available,backorder,456513,KHONCC,khoncc,762.0,NhaCungCap,725.0,1882.0,Điện Gia Dụng,2026-08-15,True,14.0,False,218000,0.0,0.0,False,100-300k,0%,Khác / Chưa phân loại,4
162051859,3597415857198,"Máy Xay Nấu Làm Sữa Hạt Đậu Nành, Sữa Ngô, Nấu Ngũ Cốc, Cháo Dinh Dưỡng, Xay Hạt BAKA BK-668 - Màu Ngẫu Nhiên - Hàng Chính Hãng",990000,990000,0,0,0.0,0,,available,backorder,800041,Baka,baka,11119.0,GIA DỤNG VIỆT,10842.0,1882.0,Điện Gia Dụng,2026-08-15,False,0.0,False,990000,0.0,0.0,False,700k-1.5tr,0%,Máy xay,0
162530892,4859931945466,NỒI CHIÊN KHÔNG DẦU HAWONKOO 12 lít AFH-120 - Hàng chính hãng( Chỉ giao HCM),3969000,5799000,1830000,32,0.0,0,,available,backorder,848941,Hawonkoo,hawonkoo,218.0,Gia Khang,178.0,1882.0,Điện Gia Dụng,2026-08-15,False,0.0,False,5799000,31.557165028453184,0.44283497154681584,False,>1.5tr,30-50%,Nồi chiên không dầu,0
162822107,4241192965370,Máy Nướng Bánh Mì Sandwich Làm Nóng Thức Ăn Cho Bữa Sáng Đa Năng Dễ Sử Dụng - Hàng Chính Hãng MINIIN,260000,260000,0,0,4.8,33,244.0,available,backorder,5132069,MINIIN,miniin,134678.0,Smarthome29,124367.0,1882.0,Điện Gia Dụng,2026-08-15,True,244.0,False,260000,0.0,0.0,False,100-300k,0%,Khác / Chưa phân loại,33
163133726,4852461818050,Nồi cơm điện Toshiba RC-28MH1PV(G) - Dung tích 2.8 Lít - Lòng nồi phủ chống dính dày 1 mm - Hàng chính hãng,839000,1000000,161000,16,0.0,0,1.0,available,backorder,18634,Toshiba,toshiba,218.0,Gia Khang,178.0,1882.0,Điện Gia Dụng,2026-08-15,True,1.0,False,1000000,16.1,0.10000000000000142,False,700k-1.5tr,10-20%,Nồi cơm điện,0
163282593,3277827044925,Nồi Cơm Điện Eaststar - Màu Ngẫu Nhiên - Hàng Chính Hãng,567000,567000,0,0,5.0,2,2.0,available,backorder,4529053,EastStar,eaststar,11119.0,GIA DỤNG VIỆT,10842.0,1882.0,Điện Gia Dụng,2026-08-15,True,2.0,False,567000,0.0,0.0,False,300-700k,0%,Nồi cơm điện,2
163502100,7595793658775,Ấm Siêu Tốc 2 Lớp Thái Lan 2.5 L Cao Cấp 1800W - Sôi Nhanh Tự Động Ngắt-Inox 304-INVERTER Tiết Kiệm Điện - Hàng Loại 1 - Chính Hãng MINIIN,99000,99000,0,0,4.2,15,39.0,available,backorder,5132069,MINIIN,miniin,134678.0,Smarthome29,124367.0,1882.0,Điện Gia Dụng,2026-08-15,True,39.0,False,99000,0.0,0.0,False,<100k,0%,Ấm đun nước/Bình siêu tốc,15
163544201,2492352591199,"Máy Ép Chậm – Ép Trái Cây Rau Củ- Công Suất 150W, Giảm Tiếng Ồn , Tiết Kiệm Điện Năng, Ứng Dụng Trong Gian Bếp Của Các Bà Nội Trợ- Hàng Chính Hãng MINIIN",945000,945000,0,0,4.5,14,31.0,available,backorder,5132069,MINIIN,miniin,134678.0,Smarthome29,124367.0,1882.0,Điện Gia Dụng,2026-08-15,True,31.0,False,945000,0.0,0.0,False,700k-1.5tr,0%,Máy ép,14
163549718,9396240987016,"Chảo Nồi Lẩu Điện Chống Dính Đa Năng Công Suất 1360W, Nhiều Chức Năng Như Chiên, Xào, Nấu Ứng Dụng Trong Mọi Gia Đình -Hàng Chính Hãng MINIIN",259000,259000,0,0,4.6,16,371.0,available,backorder,5132069,MINIIN,miniin,134678.0,Smarthome29,124367.0,1882.0,Điện Gia Dụng,2026-08-15,True,371.0,False,259000,0.0,0.0,False,100-300k,0%,Nồi lẩu điện,16
163552503,5881492358780,"Máy Hàn Miệng Túi FS-200 – Giúp Bảo Quản Thực Vật Tươi Lâu Hơn, Áp Dụng Phổ Biến Trong Đời Sống – Hàng Chính Hãng MINIIN",285000,285000,0,0,4.8,18,100.0,available,backorder,5132069,MINIIN,miniin,134678.0,Smarthome29,124367.0,1882.0,Điện Gia Dụng,2026-08-15,True,100.0,False,285000,0.0,0.0,False,100-300k,0%,Khác / Chưa phân loại,18
163793863,5109965599645,Bếp Gas Hồng Ngoại Đôi Cao Cấp REDSTAR – Tặng bộ van dây - Hàng chính Hãng ( Màu Ngẩu Nhiên),549000,549000,0,0,4.0,1,3.0,available,backorder,5236655,RedStar,redstar,69337.0,Home Star Store,64779.0,1882.0,Điện Gia Dụng,2026-08-15,True,3.0,False,549000,0.0,0.0,False,300-700k,0%,Bếp điện/từ,1
163803714,2156725410445,Bếp Gas Hồng Ngoại Đôi Cao Cấp REDSTAR - Hàng chính Hãng ( Màu Ngẩu Nhiên),509000,509000,0,0,0.0,0,,available,backorder,5236655,RedStar,redstar,69337.0,Home Star Store,64779.0,1882.0,Điện Gia Dụng,2026-08-15,False,0.0,False,509000,0.0,0.0,False,300-700k,0%,Bếp điện/từ,0
163825318,2959555757644,Máy Xay Thịt 2 Lưỡi Dao Kép DAMAS KF-260 (2 Lít - 300W) - Hàng Chính Hãng,412000,800000,388000,49,4.7,69,732.0,available,backorder,4234729,Damas,damas,44857.0,DAMAS Official Store,43356.0,1882.0,Điện Gia Dụng,2026-08-15,True,732.0,False,800000,48.5,0.5,False,300-700k,30-50%,Máy xay,69
164238421,6451648147870,Nồi Chiên Không Dầu Kết Hợp Nồi Hấp - KUCHEN ĐỨC -  KU PCL2228 - 15 Lít - Hàng chính hãng.,6990000,6990000,0,0,5.0,2,8.0,available,backorder,542729,Kuchen,kuchen,9652.0,Crep Protect VN,9454.0,1882.0,Điện Gia Dụng,2026-08-15,True,8.0,False,6990000,0.0,0.0,False,>1.5tr,0%,Nồi chiên không dầu,2
166101842,5218784403392,Máy Xay Nấu Chân Không Đa Năng Mishio MK307 - Hàng Chính Hãng,2690000,2690000,0,0,5.0,2,7.0,available,backorder,51325,Mishio,mishio,160749.0,Mishio Kachi Official,148018.0,1882.0,Điện Gia Dụng,2026-08-15,True,7.0,False,2690000,0.0,0.0,False,>1.5tr,0%,Máy xay,2
167430417,1059015309654,Máy nhào bột tự động 5L Bear DM-B50V1 - Trộn bột thông minh - Hàng nhập khẩu,2490000,2490000,0,0,0.0,0,,available,backorder,198523,Bear,bear,20256.0,Telovietnam,19746.0,1882.0,Điện Gia Dụng,2026-08-15,False,0.0,False,2490000,0.0,0.0,False,>1.5tr,0%,Khác / Chưa phân loại,0
167433875,7582326496942,"Bếp hồng ngoại Domino 2 vùng, hàng chính hãng Electrolux EHC325BA",4450000,4450000,0,0,0.0,0,,available,backorder,19050,Electrolux,electrolux,197451.0,GIA ĐÌNH VIỆT KITCHEN,184484.0,1882.0,Điện Gia Dụng,2026-08-15,False,0.0,False,4450000,0.0,0.0,False,>1.5tr,0%,Bếp điện/từ,0
167925176,4065453335848,"Hộp cơm cắm điện hai tầng,  hộp cơm hâm nóng 2 BÁT INOX,  giữ nhiệt thích hợp cho dân văn phòng KitAcoom, hàng nhập khẩu chính hãng cao cấp ",269000,269000,0,0,2.3,3,4.0,available,backorder,4855937,KitAcoom,kitacoom,169426.0,KitAcoom Official,156463.0,1882.0,Điện Gia Dụng,2026-08-15,True,4.0,False,269000,0.0,0.0,False,100-300k,0%,Hộp đựng thực phẩm,3
168867541,8861937584918,Máy xay sinh tố cầm tay Philips HR2534/00 - Hàng chính hãng,1390000,1390000,0,0,0.0,0,,available,backorder,19018,Philips,philips,162514.0,Long Hưng Official Store,149585.0,1882.0,Điện Gia Dụng,2026-08-15,False,0.0,False,1390000,0.0,0.0,False,700k-1.5tr,0%,Máy xay,0
169324033,9468744139136,Bình đun siêu tốc Sharp 1.7 lít EKJ-17VSS-ST - Hàng chính hãng,990000,990000,0,0,5.0,1,2.0,available,backorder,19912,Sharp,sharp,162514.0,Long Hưng Official Store,149585.0,1882.0,Điện Gia Dụng,2026-08-15,True,2.0,False,990000,0.0,0.0,False,700k-1.5tr,0%,Ấm đun nước/Bình siêu tốc,1
169562687,9019211961548,"Bình siêu tốc inox 2 lớp 1,8L Sunhouse  SHD1351 - Hàng chính hãng (chỉ giao HN và một số khu vực)",285000,285000,0,0,5.0,1,4.0,available,backorder,41048,Sunhouse,sunhouse,247324.0,Cửa hàng Phương Phương,234356.0,2.0,Root,2026-08-15,True,4.0,False,285000,0.0,0.0,False,100-300k,0%,Khác / Chưa phân loại,1
169566026,5493775368572,Bếp từ cơ Sunhouse SHD6160 (Tặng Kèm nồi lẩu) [Hàng chính hãng],785000,785000,0,0,0.0,0,1.0,available,backorder,41048,Sunhouse,sunhouse,247324.0,Cửa hàng Phương Phương,234356.0,1882.0,Điện Gia Dụng,2026-08-15,True,1.0,False,785000,0.0,0.0,False,700k-1.5tr,0%,Nồi lẩu điện,0
169778432,1987477100261,Nồi Chiên Hơi Nước Cao Cấp 10 Trong 1 Mishio MK318 - Hàng Chính Hãng,4990000,4990000,0,0,0.0,0,3.0,available,backorder,51325,Mishio,mishio,160749.0,Mishio Kachi Official,148018.0,1882.0,Điện Gia Dụng,2026-08-15,True,3.0,False,4990000,0.0,0.0,False,>1.5tr,0%,Nồi/Chảo (khác),0
169930389,6402488931971,Nồi Cơm Điện Mini Eaststar 438 (1 lít) - Màu Ngẫu Nhiên - Hàng Chính Hãng,568000,568000,0,0,5.0,1,7.0,available,backorder,4529053,EastStar,eaststar,11119.0,GIA DỤNG VIỆT,10842.0,1882.0,Điện Gia Dụng,2026-08-15,True,7.0,False,568000,0.0,0.0,False,300-700k,0%,Nồi cơm điện,1
169933538,8103209305311,Nồi Cơm Điện Eaststar 538 (1.2 lít) - Màu Ngẫu Nhiên - Hàng Chính Hãng,658000,658000,0,0,5.0,2,2.0,available,backorder,4529053,EastStar,eaststar,11119.0,GIA DỤNG VIỆT,10842.0,1882.0,Điện Gia Dụng,2026-08-15,True,2.0,False,658000,0.0,0.0,False,300-700k,0%,Nồi cơm điện,2
169937001,9762165391522,Nồi Cơm Điện Eaststar 838 (1.8 lít) - Màu Ngẫu Nhiên - Hàng Chính Hãng,818000,818000,0,0,5.0,1,2.0,available,backorder,4529053,EastStar,eaststar,11119.0,GIA DỤNG VIỆT,10842.0,1882.0,Điện Gia Dụng,2026-08-15,True,2.0,False,818000,0.0,0.0,False,700k-1.5tr,0%,Nồi cơm điện,1
171238085,1829754502267,Máy sấy diệt khuẩn bát đĩa Nakamoto NK-D06 - Hàng chính hãng ,2990000,2990000,0,0,0.0,0,1.0,available,backorder,5659273,Nakamoto,nakamoto,81563.0,ECO HOMES TECH,75946.0,1882.0,Điện Gia Dụng,2026-08-15,True,1.0,False,2990000,0.0,0.0,False,>1.5tr,0%,Khác / Chưa phân loại,0
171656924,3717319588310,Nồi cơm điện Cuckoo 1.08L CR-0661 - Lòng nồi chống dính - Hàng chính hãng,1679000,1724000,45000,3,4.5,8,44.0,available,backorder,20439,Cuckoo,cuckoo,29960.0,CUCKOO Store,29294.0,1882.0,Điện Gia Dụng,2026-08-15,True,44.0,False,1724000,2.6102088167053363,0.38979118329466367,False,>1.5tr,0-10%,Nồi cơm điện,8
171828127,8715386444943,Nồi cơm điện KIPOR KP-N55918-1.8L-Lòng nồi niêu chống dính CERAMIC chống trầy xước dầy 3mm-Hàng chính hãng,1699000,1699000,0,0,5.0,13,15.0,available,backorder,272809,Kipor,kipor,257599.0,KIPOR STORE,244631.0,1882.0,Điện Gia Dụng,2026-08-15,True,15.0,False,1699000,0.0,0.0,False,>1.5tr,0%,Nồi cơm điện,13
171850667,7464558329024,"Máy Xay Thịt Cá Đa Năng Cối Inox 304 4 Lưỡi Cao Cấp, Công suất 250W - Nghiền Tỏi Ớt Rau Củ - Hàng Loại 1- Chính Hãng MINIIN",265000,265000,0,0,2.0,2,11.0,available,backorder,5132069,MINIIN,miniin,134678.0,Smarthome29,124367.0,1882.0,Điện Gia Dụng,2026-08-15,True,11.0,False,265000,0.0,0.0,False,100-300k,0%,Máy xay,2
171856533,9439650945179,Máy Xay Thịt 2 Lưỡi Kép BlueStone CHB-5145 (2 Lít) - Hàng chính hãng,551000,1299000,748000,58,4.6,14,70.0,available,instock,18977,Bluestone,bluestone,1.0,Tiki Trading,40395.0,2110.0,Máy xay thịt,2026-08-15,True,70.0,False,1299000,57.582755966127785,0.4172440338722154,False,300-700k,>50%,Máy xay,27
172064173,8393188336891,Máy Xay Sinh Tố Thịt Cá Đồ Ăn Dặm Đa Năng Cao Cấp 2 Tầng Lưỡi Nắp Bẹt Màu Nâu Tiện Dụng - HÀNG LOẠI 1 - Chính Hãng MINIIN ,193000,193000,0,0,0.0,0,5.0,available,backorder,5132069,MINIIN,miniin,134678.0,Smarthome29,124367.0,1882.0,Điện Gia Dụng,2026-08-15,True,5.0,False,193000,0.0,0.0,False,100-300k,0%,Máy xay,0
172107995,8548940277008,"Bình thuỷ điện KIPOR KP-EP642 - 4,2L - Ruột bình inox 304 -  Đun sôi nhanh, có tay cầm, chế độ tự bật, tự ngắt, 3 chế độ lấy nước - Hàng chính hãng",1899000,1899000,0,0,5.0,8,11.0,available,backorder,272809,Kipor,kipor,257599.0,KIPOR STORE,244631.0,1882.0,Điện Gia Dụng,2026-08-15,True,11.0,False,1899000,0.0,0.0,False,>1.5tr,0%,Khác / Chưa phân loại,8
172111121,6324876677563,Nồi chiên không dầu KIPOR KP-AF655 - 24L - Lò nướng 2 mặt trên dưới RAPID AIR đối lưu toả nhiệt đều - Thân nồi inox 304 - Hàng chính hãng,5199000,5199000,0,0,5.0,4,7.0,available,backorder,272809,Kipor,kipor,257599.0,KIPOR STORE,244631.0,1882.0,Điện Gia Dụng,2026-08-15,True,7.0,False,5199000,0.0,0.0,False,>1.5tr,0%,Nồi chiên không dầu,4
172175718,2480514150921,Bình thủy điện Panasonic 4.0 lít NC-EG4000CSY - Hàng chính hãng,3499000,3499000,0,0,5.0,1,7.0,available,backorder,18804,Panasonic,panasonic,162514.0,Long Hưng Official Store,149585.0,1882.0,Điện Gia Dụng,2026-08-15,True,7.0,False,3499000,0.0,0.0,False,>1.5tr,0%,Bình giữ nhiệt,1
172319018,2395068359224,Bếp từ đôi CATA – M899I MALAYSIA Hàng Chính Hãng,27750000,27750000,0,0,0.0,0,,available,backorder,833169,Kanzo,kanzo,174366.0,Thiết bị nhà bếp KZ,161402.0,1882.0,Điện Gia Dụng,2026-08-15,False,0.0,False,27750000,0.0,0.0,False,>1.5tr,0%,Bếp điện/từ,0
172680887,3789601496007,Lò nướng bánh Unox XFT133 - Hàng nhập khẩu,31170000,31170000,0,0,0.0,0,1.0,available,backorder,5689403,UNOX,unox,19606.0,Siêu thị máy pha cà phê,19101.0,1882.0,Điện Gia Dụng,2026-08-15,True,1.0,False,31170000,0.0,0.0,False,>1.5tr,0%,Lò vi sóng/nướng,0
173124885,4442807546763,Lò nướng bánh Unox XEFT-04HS-ETDP - Hàng nhập khẩu,57660000,57660000,0,0,0.0,0,,available,backorder,5689403,UNOX,unox,19606.0,Siêu thị máy pha cà phê,19101.0,1882.0,Điện Gia Dụng,2026-08-15,False,0.0,False,57660000,0.0,0.0,False,>1.5tr,0%,Lò vi sóng/nướng,0
173425151,8997268129487,"Nồi Nấu Chậm 0,8L Bear SUBE001 Đa Năng Nấu Cháo, Chưng Yến Bản Quốc Tế - Hàng Chính Hãng",492000,790000,298000,38,5.0,23,274.0,available,instock,198523,Bear,bear,1.0,Tiki Trading,40395.0,1882.0,Điện Gia Dụng,2026-08-15,True,274.0,False,790000,37.721518987341774,0.2784810126582258,False,300-700k,30-50%,Nồi/Chảo (khác),50
173429183,4646553333738,"Nồi Nấu Chậm 2,5L Bear SUBE003 Đa Năng Hầm Cháo, Chưng Yến Bản Quốc Tế - Hàng Chính Hãng",1254400,1280000,25600,2,0.0,0,,available,backorder,198523,Bear,bear,173338.0,SMARTWATCH,160374.0,1882.0,Điện Gia Dụng,2026-08-15,False,0.0,False,1280000,2.0,0.0,False,700k-1.5tr,0-10%,Nồi/Chảo (khác),0
173550857,2424669364588,"Máy ép chậm Elmich JEE - 1855OL, công suất 240W, ống tiếp nguyên liệu rộng 83mm, độ ồn cực thấp 55 dB - Hàng chính hãng (New)",1909000,2441000,532000,22,4.6,127,653.0,available,instock,31627,Elmich,elmich,1.0,Tiki Trading,40395.0,67133.0,Máy ép chậm,2026-08-15,True,653.0,False,2441000,21.79434657927079,0.20565342072920956,False,>1.5tr,20-30%,Máy ép,127
174186211,6009171979858,Ấm Siêu Tốc Inox 2 Lớp DAMAS DK-6018B (1.8L) - Hàng Chính Hãng,460000,800000,340000,43,4.7,112,1023.0,available,backorder,4234729,Damas,damas,44857.0,DAMAS Official Store,43356.0,1882.0,Điện Gia Dụng,2026-08-15,True,1023.0,False,800000,42.5,0.5,False,300-700k,30-50%,Ấm đun nước/Bình siêu tốc,112
175413084,5415500868701,"Bình Thủy Điện, Bình Thủy Giữ Ấm Đun Nóng Thông Minh BEAR KE-B30V1 Khử Clo Dung Tích 3L, Công Suất 1350W - Hàng Chính Hãng",1460000,1460000,0,0,0.0,0,2.0,available,backorder,198523,Bear,bear,20256.0,Telovietnam,19746.0,1882.0,Điện Gia Dụng,2026-08-15,True,2.0,False,1460000,0.0,0.0,False,700k-1.5tr,0%,Ấm đun nước/Bình siêu tốc,0
175683649,6368760319505,Máy pha cà phê LELIT ANITA COMBI PL042EM - Hàng chính hãng,19800000,19800000,0,0,0.0,0,,available,backorder,145459,Lelit,lelit,6910.0,Procaffe,6746.0,1882.0,Điện Gia Dụng,2026-08-15,False,0.0,False,19800000,0.0,0.0,False,>1.5tr,0%,Máy pha cà phê,0
175875105,6728029606563,Ấm đun siêu tốc 2 lớp Inox 304 Perfect 2L2 Màu Xanh - Hàng chính hãng,299000,299000,0,0,0.0,0,,available,backorder,51264,Perfect,perfect,69337.0,Home Star Store,64779.0,1882.0,Điện Gia Dụng,2026-08-15,False,0.0,False,299000,0.0,0.0,False,100-300k,0%,Ấm đun nước/Bình siêu tốc,0
176059896,1417599454288,Nồi cơm điện Tiger JNP 1000 - Hàng nhập khẩu,2790000,2790000,0,0,0.0,0,1.0,available,backorder,79440,Tiger,tiger,20256.0,Telovietnam,19746.0,1882.0,Điện Gia Dụng,2026-08-15,True,1.0,False,2790000,0.0,0.0,False,>1.5tr,0%,Nồi cơm điện,0
176061530,3285956543481,Nồi cơm điện Tiger JNP 1800 - Hàng nhập khẩu,2929000,4400000,1471000,33,0.0,0,,available,backorder,79440,Tiger,tiger,218.0,Gia Khang,178.0,1882.0,Điện Gia Dụng,2026-08-15,False,0.0,False,4400000,33.43181818181818,0.4318181818181799,False,>1.5tr,30-50%,Nồi cơm điện,0
176062301,8723331466363,Nồi cơm điện Tiger JNP 1803 - Hàng nhập khẩu ,3890000,3890000,0,0,0.0,0,1.0,available,backorder,79440,Tiger,tiger,20256.0,Telovietnam,19746.0,1882.0,Điện Gia Dụng,2026-08-15,True,1.0,False,3890000,0.0,0.0,False,>1.5tr,0%,Nồi cơm điện,0
176213620,7072744288093,NỒI CHIÊN KHÔNG DẦU KLARSTEIN 9L TURBO (10028290),4290000,4290000,0,0,0.0,0,1.0,available,backorder,183153,Klarstein,klarstein,20256.0,Telovietnam,19746.0,2.0,Root,2026-08-15,True,1.0,False,4290000,0.0,0.0,False,>1.5tr,0%,Nồi chiên không dầu,0
176217339,5211684245334,"Máy Ép Chậm Lorente-Máy Ép Hoa Quả Lorente LT-2088, công suất 300W, ép nguyên chất kiệt nước-Hàng Chính Hãng",1990000,1990000,0,0,0.0,0,2.0,available,backorder,276065,Lorente,lorente,69337.0,Home Star Store,64779.0,1882.0,Điện Gia Dụng,2026-08-15,True,2.0,False,1990000,0.0,0.0,False,>1.5tr,0%,Máy ép,0
176296117,1233949347581,Máy Xay Thực Phẩm Đa Năng &amp; Trong 1 Mishio MK323 - Hàng Chính Hãng,799000,799000,0,0,4.5,2,11.0,available,backorder,51325,Mishio,mishio,160749.0,Mishio Kachi Official,148018.0,1882.0,Điện Gia Dụng,2026-08-15,True,11.0,False,799000,0.0,0.0,False,700k-1.5tr,0%,Máy xay,2
176485589,1871512655154,MÁY TRỘN BỘT KLARSTEIN BELLA ELEGANCE 10034363 - Hàng Chính Hãng ,4690000,4690000,0,0,4.5,2,4.0,available,backorder,183153,Klarstein,klarstein,20256.0,Telovietnam,19746.0,2.0,Root,2026-08-15,True,4.0,False,4690000,0.0,0.0,False,>1.5tr,0%,Khác / Chưa phân loại,2
176485621,8288392021078,NỒI CHIÊN KHÔNG DẦU 12L KLARSTEIN AEROVITAL CUBE 10033745 - Hàng Chính Hãng,5990000,5990000,0,0,0.0,0,,available,backorder,183153,Klarstein,klarstein,20256.0,Telovietnam,19746.0,2.0,Root,2026-08-15,False,0.0,False,5990000,0.0,0.0,False,>1.5tr,0%,Nồi chiên không dầu,0
176522044,8612405685642,"Ấm Đun Nước Siêu Tốc Inox 1.8L  Cao Cấp, Bình Đun Nước Nóng Cách Nhiệt An Toàn, Tiện Dụng - Chính hãng MINIIN ",99000,99000,0,0,4.8,4,21.0,available,backorder,5132069,MINIIN,miniin,134678.0,Smarthome29,124367.0,1882.0,Điện Gia Dụng,2026-08-15,True,21.0,False,99000,0.0,0.0,False,<100k,0%,Ấm đun nước/Bình siêu tốc,4
177269878,5182416917483,"Máy xay thịt Philips HR1393 - Công Suất 450W - Xay Thịt Làm Ruốc, Hàng Chính Hãng",715000,715000,0,0,5.0,1,2.0,available,backorder,19018,Philips,philips,11119.0,GIA DỤNG VIỆT,10842.0,2.0,Root,2026-08-15,True,2.0,False,715000,0.0,0.0,False,700k-1.5tr,0%,Máy xay,1
177467277,5875878050243,Máy pha cà phê Espresso Zamboo ZB-92CF - Hàng chính hãng,2550000,2550000,0,0,0.0,0,,available,backorder,368843,Zamboo,zamboo,168717.0,KingHomeSG,155753.0,1882.0,Điện Gia Dụng,2026-08-15,False,0.0,False,2550000,0.0,0.0,False,>1.5tr,0%,Máy pha cà phê,0
177628407,3003322777221,Bếp Gas Đôi Mặt Kính Sen Đồng WINDO 719GL-A Cao cấp  Tặng Bộ Van Dây - Hàng Chính Hãng,769000,769000,0,0,0.0,0,,available,backorder,531635,WINDO,windo,69337.0,Home Star Store,64779.0,1882.0,Điện Gia Dụng,2026-08-15,False,0.0,False,769000,0.0,0.0,False,700k-1.5tr,0%,Bếp điện/từ,0
177680630,1175401527241,"Máy Vắt Cam DAEWOO DEM-JK580, hàng chính hãng",249000,500000,251000,50,0.0,0,1.0,available,instock,20056,Daewoo,daewoo,1.0,Tiki Trading,40395.0,1882.0,Điện Gia Dụng,2026-08-15,True,1.0,False,500000,50.2,0.20000000000000284,False,100-300k,30-50%,Khác / Chưa phân loại,0
177922334,2506983644027,Nồi đa năng Bear 1.6 lít DRG-P16M2 - Hàng chính hãng,699000,699000,0,0,5.0,1,8.0,available,backorder,198523,Bear,bear,162514.0,Long Hưng Official Store,149585.0,1882.0,Điện Gia Dụng,2026-08-15,True,8.0,False,699000,0.0,0.0,False,300-700k,0%,Nồi/Chảo (khác),1
177924749,7886605981550,Máy xay sinh tố cầm tay Bear LLJ-B03C1 - Hàng chính hãng,799000,799000,0,0,3.0,3,20.0,available,backorder,198523,Bear,bear,162514.0,Long Hưng Official Store,149585.0,1882.0,Điện Gia Dụng,2026-08-15,True,20.0,False,799000,0.0,0.0,False,700k-1.5tr,0%,Máy xay,3
178095716,1010131522805,Lò Nướng Âm Tủ Eurosun EOV75TFT - Hàng Chính Hãng,25505000,25505000,0,0,0.0,0,,available,backorder,185807,Eurosun,eurosun,143120.0,AHA BẾP,132099.0,1882.0,Điện Gia Dụng,2026-08-15,False,0.0,False,25505000,0.0,0.0,False,>1.5tr,0%,Lò vi sóng/nướng,0
178096693,8183650502502,Lò Vi Sóng Kết Hợp Lò Nướng Eurosun MWO-T26EUR - Hàng Chính Hãng,5105000,5105000,0,0,0.0,0,,available,backorder,185807,Eurosun,eurosun,143120.0,AHA BẾP,132099.0,1882.0,Điện Gia Dụng,2026-08-15,False,0.0,False,5105000,0.0,0.0,False,>1.5tr,0%,Lò vi sóng/nướng,0
178100375,3875012606640,Nồi Áp Suất Eurosun PC1908-Aroma - Hàng Chính Hãng,2790000,2790000,0,0,0.0,0,,available,backorder,185807,Eurosun,eurosun,143120.0,AHA BẾP,132099.0,1882.0,Điện Gia Dụng,2026-08-15,False,0.0,False,2790000,0.0,0.0,False,>1.5tr,0%,Nồi áp suất,0
180394321,2602082507935,Máy Ép Chậm Trái Cây Mini ArBer MEC2068MĐ  Màu Đỏ Trẻ Trung Vân Phương Shop  - Hàng Chính Hãng,1390000,1390000,0,0,0.0,0,1.0,available,backorder,185817,Arber,arber,20256.0,Telovietnam,19746.0,1882.0,Điện Gia Dụng,2026-08-15,True,1.0,False,1390000,0.0,0.0,False,700k-1.5tr,0%,Máy ép,0
181072525,4560353568995,Bình thủy điện Panasonic 3.0 lít NC-EG3000CSY - Hàng chính hãng,2399000,2999000,600000,20,5.0,2,4.0,available,backorder,18804,Panasonic,panasonic,162514.0,Long Hưng Official Store,149585.0,1882.0,Điện Gia Dụng,2026-08-15,True,4.0,False,2999000,20.00666888962988,0.006668889629878549,False,>1.5tr,10-20%,Bình giữ nhiệt,2
181429171,2550466776086,"THIẾT BỊ TẠO OZONE DIỆT KHUẨN, KHỬ MÙI TỦ LẠNH GUARDIAN ANGEL - HÀNG NHẬP KHẨU",1160000,1160000,0,0,4.8,5,10.0,available,backorder,7304373,Guardian Angel,guardian-angel,1567.0,Robotek Viet Nam,1525.0,1882.0,Điện Gia Dụng,2026-08-15,True,10.0,False,1160000,0.0,0.0,False,700k-1.5tr,0%,Khác / Chưa phân loại,5
181919597,3647501087023,Máy xay hạt cà phê Espresso cao cấp Shardor BDCJ015 - Công suất 150W - Hàng Nhập Khẩu,2415000,2415000,0,0,0.0,0,,available,backorder,4675605,Shardor,shardor,112115.0,TỔNG KHO ĐIỆN MÁY - GIA DỤNG,103730.0,1882.0,Điện Gia Dụng,2026-08-15,False,0.0,False,2415000,0.0,0.0,False,>1.5tr,0%,Máy xay,0
182552507,3306146125502,"Máy xay sinh tố, máy xây hoa quả Arber ST-02 hàng Đức chính hãng.",950000,950000,0,0,0.0,0,1.0,available,backorder,185817,Arber,arber,20256.0,Telovietnam,19746.0,1882.0,Điện Gia Dụng,2026-08-15,True,1.0,False,950000,0.0,0.0,False,700k-1.5tr,0%,Máy xay,0
182555514,8047990520927,Máy xay sinh tố máy xay nhỏ hoa quả Arber ST-01 hàng Đức chính hãng.,1190000,1190000,0,0,0.0,0,,available,backorder,185817,Arber,arber,20256.0,Telovietnam,19746.0,1882.0,Điện Gia Dụng,2026-08-15,False,0.0,False,1190000,0.0,0.0,False,700k-1.5tr,0%,Máy xay,0
182558023,2882247241490,"Nồi Điện Đa Năng Chống Dính Cao Cấp LIFE360 Amazing Experience AL-D12L5 (Xanh lục) - Nồi Điện Chống Dính Đa Chức Năng, nấu lẩu, hấp, luộc, xào..., chất liệu cao cấp, an toàn sức khỏe- Hàng chính hãng",388000,579000,191000,33,4.7,6,34.0,available,backorder,7353671,LIFE360 Amazing Experience,life360-amazing-experience,180208.0,Life360 Official Store,167244.0,1882.0,Điện Gia Dụng,2026-08-15,True,34.0,False,579000,32.98791018998273,0.012089810017272384,False,300-700k,30-50%,Nồi/Chảo (khác),6
182708987,6551943889594,Nồi lẩu điện đa năng Arber HH06LRED hàng Đức nhập khẩu chính hãng.,1390000,1390000,0,0,5.0,1,11.0,available,backorder,185817,Arber,arber,20256.0,Telovietnam,19746.0,1882.0,Điện Gia Dụng,2026-08-15,True,11.0,False,1390000,0.0,0.0,False,700k-1.5tr,0%,Nồi lẩu điện,1
182799621,7659889009732,Nồi áp suất điện cao cấp Arber ASĐN06SMD hàng Đức bảo hành chính hãng.,1490000,1490000,0,0,0.0,0,,available,backorder,185817,Arber,arber,20256.0,Telovietnam,19746.0,1882.0,Điện Gia Dụng,2026-08-15,False,0.0,False,1490000,0.0,0.0,False,700k-1.5tr,0%,Nồi áp suất,0
183248997,2327000714104,Máy làm sữa hạt Arber MLSH7W1.75L (RED + GREEN) hàng nhập khẩu chính hãng.,1650000,1650000,0,0,0.0,0,,available,backorder,185817,Arber,arber,20256.0,Telovietnam,19746.0,1882.0,Điện Gia Dụng,2026-08-15,False,0.0,False,1650000,0.0,0.0,False,>1.5tr,0%,Máy làm sữa hạt,0
184095673,4278111709986,"Nồi cơm điện tử lòng niêu Ladomax 1.8L 1-8 người ăn , 700W-Hàng chính hãng",945000,945000,0,0,0.0,0,,available,backorder,4514423,Ladomax,ladomax,33792.0,Gia Dụng NuHa,33089.0,1882.0,Điện Gia Dụng,2026-08-15,False,0.0,False,945000,0.0,0.0,False,700k-1.5tr,0%,Nồi cơm điện,0
184218544,8623548825425,"Máy Xay Sinh Tố Cầm Tay 2 Lưỡi - Máy xay hoa quả, cháo đa năng cho bé tiện dụng nhỏ gọn",185000,185000,0,0,4.3,7,67.0,available,instock,4820811,PEAFLO,peaflo,108828.0,Tiện ích 1708,100733.0,1882.0,Điện Gia Dụng,2026-08-15,True,67.0,False,185000,0.0,0.0,False,100-300k,0%,Máy xay,7
184218808,3020295388572,Máy ép tốc độ chậm miệng rộng thế hệ mới Magic Eco AC-139 - Hàng chính hãng,2049000,3990000,1941000,49,4.0,1,6.0,available,instock,717695,Magic Eco,magic-eco,1.0,Tiki Trading,40395.0,1882.0,Điện Gia Dụng,2026-08-15,True,6.0,False,3990000,48.64661654135338,0.35338345864661846,False,>1.5tr,30-50%,Máy ép,1
184591383,1754890286405,Nồi áp suất điện đa năng Klarstein 4.8 lít - Hàng chính hãng ,3890000,3890000,0,0,0.0,0,,available,backorder,183153,Klarstein,klarstein,20256.0,Telovietnam,19746.0,1882.0,Điện Gia Dụng,2026-08-15,False,0.0,False,3890000,0.0,0.0,False,>1.5tr,0%,Nồi áp suất,0
184903613,1582354695066,Bếp điện từ CREEN CR-CB11VN-GR-210 Công suất 2000W - Hàng chính hãng,1050000,1050000,0,0,0.0,0,1.0,available,backorder,5405693,Creen,creen,138795.0,hungvuongjsc,128174.0,1882.0,Điện Gia Dụng,2026-08-15,True,1.0,False,1050000,0.0,0.0,False,700k-1.5tr,0%,Bếp điện/từ,0
184909080,3574479322176,"Nồi cơm điện tử lòng niêu 1.8L Ladomax màu đen, công suất 700W, tráng men chống dính-Hàng chính hãng",1090000,1090000,0,0,0.0,0,,available,backorder,4514423,Ladomax,ladomax,33792.0,Gia Dụng NuHa,33089.0,1882.0,Điện Gia Dụng,2026-08-15,False,0.0,False,1090000,0.0,0.0,False,700k-1.5tr,0%,Nồi cơm điện,0
185097297,8380193346135,"Máy Xay Thịt Đa Năng 2 Lưỡi Dao Xay Damas KF260 - Thiết Kế Cối Thủy Tinh Chịu Lực Cao Cấp - Động Cơ Đồng Nguyên Chất Giúp Máy Hoạt Động Bền Bỉ - Dung Tích Lớn 2,2 Lít - Hàng Nhập Khẩu ",408000,700000,292000,42,5.0,8,34.0,available,backorder,4234729,Damas,damas,92468.0,UniMart,85837.0,1882.0,Điện Gia Dụng,2026-08-15,True,34.0,False,700000,41.714285714285715,0.2857142857142847,False,300-700k,30-50%,Máy xay,8
185248203,2275109624620,Máy Xay Đồ Ăn Dặm Cho Bé 6 Lưỡi Cối Thuỷ Tinh Hàng Nội Địa Trung Bản Cao Cấp Siêu Mịn Tiện Dụng - Tặng Kèm Dụng Cụ Rửa Máy-Hàng Chính Hãng ,265000,265000,0,0,4.8,139,571.0,available,backorder,5132069,MINIIN,miniin,134678.0,Smarthome29,124367.0,1882.0,Điện Gia Dụng,2026-08-15,True,571.0,False,265000,0.0,0.0,False,100-300k,0%,Máy xay,144
185339338,4458269471835,Máy Hút Mùi Keplercook KL723 - Hàng Chính Hãng,1510000,1510000,0,0,0.0,0,,available,backorder,530731,Keplercook,keplercook,185939.0,KEPLERCOOK Official Store,172974.0,1882.0,Điện Gia Dụng,2026-08-15,False,0.0,False,1510000,0.0,0.0,False,>1.5tr,0%,Máy hút mùi,0
185495917,1769698633293,Nồi cơm điện Sunhouse SHD8606 1.8L - Hàng chính hãng,790000,790000,0,0,5.0,1,11.0,available,backorder,41048,Sunhouse,sunhouse,11119.0,GIA DỤNG VIỆT,10842.0,1919.0,Nồi cơm nắp gài,2026-08-15,True,11.0,False,790000,0.0,0.0,False,700k-1.5tr,0%,Khác / Chưa phân loại,30
185568983,8644522638188,Máy xay sinh tố Sunhouse SHD5112 - Hàng Chính Hãng,525000,525000,0,0,0.0,0,1.0,available,backorder,41048,Sunhouse,sunhouse,247324.0,Cửa hàng Phương Phương,234356.0,1882.0,Điện Gia Dụng,2026-08-15,True,1.0,False,525000,0.0,0.0,False,300-700k,0%,Máy xay,0
185673029,3223165501259,Pha cà phê Delonghi ICM12011.BK - Hàng Chính Hãng,1590000,1590000,0,0,4.7,9,22.0,available,backorder,155511,DeLonghi,delonghi,168717.0,KingHomeSG,155753.0,1882.0,Điện Gia Dụng,2026-08-15,True,22.0,False,1590000,0.0,0.0,False,>1.5tr,0%,Khác / Chưa phân loại,12
185860447,5846905955639,Nồi điện đa năng LocknLock 2 trong 1 nướng lẩu tối ưu 4 chế độ nhiệt (4 Lít)- EJP544WHT - Hàng chính hãng,1501040,2588000,1086960,42,5.0,225,1198.0,available,instock,48077,LocknLock,locknlock,1.0,Tiki Trading,40395.0,2.0,Root,2026-08-15,True,1198.0,False,2588000,42.0,0.0,False,>1.5tr,30-50%,Nồi/Chảo (khác),232
185862763,6949324557826,Máy xay cà phê tự động Lamaca MX-8AD - Hàng chính hãng,16680000,16680000,0,0,0.0,0,,available,backorder,718215,Lamaca,lamaca,19606.0,Siêu thị máy pha cà phê,19101.0,1882.0,Điện Gia Dụng,2026-08-15,False,0.0,False,16680000,0.0,0.0,False,>1.5tr,0%,Máy xay,0
185904875,1133487310955,"Nồi lẩu điện đa năng Sunhouse SHD4523(3,5L)- Hàng chính hãng",670000,670000,0,0,4.2,15,765.0,available,backorder,41048,Sunhouse,sunhouse,11119.0,GIA DỤNG VIỆT,10842.0,1882.0,Điện Gia Dụng,2026-08-15,True,765.0,False,670000,0.0,0.0,False,300-700k,0%,Nồi lẩu điện,23
186124547,9834128702229,Bếp ga đơn 1.8kW hàng chính hãng,2630000,2630000,0,0,0.0,0,,available,backorder,7358865,Guangrun,guangrun,257745.0,DZM ĐIỆN MÁY ONLINE,244778.0,2.0,Root,2026-08-15,False,0.0,False,2630000,0.0,0.0,False,>1.5tr,0%,Khác / Chưa phân loại,0
186312551,9747177880136,Bếp điện từ Elmich ICE-1832 2100W Hàng Chính Hãng,1499000,1499000,0,0,0.0,0,,available,backorder,31627,Elmich,elmich,125683.0,M2P Shop,116136.0,1882.0,Điện Gia Dụng,2026-08-15,False,0.0,False,1499000,0.0,0.0,False,700k-1.5tr,0%,Bếp điện/từ,0
186318183,4183255163851,Bếp điện từ Elmich ICE-3874 2100W Hàng Chính Hãng,1200000,1789000,589000,33,4.8,16,125.0,available,instock,31627,Elmich,elmich,1.0,Tiki Trading,40395.0,23808.0,Bếp điện từ đơn,2026-08-15,True,125.0,False,1789000,32.92342090553382,0.07657909446618305,False,700k-1.5tr,30-50%,Bếp điện/từ,16
186635127,8087584853955,Bếp hồng ngoại Chefs EH-DHL2000A - HÀNG CHÍNH HÃNG,7300000,7300000,0,0,0.0,0,,available,backorder,152700,Chef's,chef-s,155120.0,thietbinhabep,142978.0,1882.0,Điện Gia Dụng,2026-08-15,False,0.0,False,7300000,0.0,0.0,False,>1.5tr,0%,Bếp điện/từ,0
186740942,4138988823723,"Bình Đun Siêu Tốc Panasonic NC-K101WRA (1,7 lít) - Hàng chính hãng",623000,778000,155000,20,0.0,0,3.0,available,instock,18804,Panasonic,panasonic,1.0,Tiki Trading,40395.0,1882.0,Điện Gia Dụng,2026-08-15,True,3.0,False,778000,19.92287917737789,0.07712082262210984,False,300-700k,10-20%,Ấm đun nước/Bình siêu tốc,0
186955643,1015624192941,Bếp từ đôi Chef's EH-DIH666G (Kính Trắng) - Hàng chính hãng,12400000,12400000,0,0,0.0,0,,available,backorder,152700,Chef's,chef-s,155120.0,thietbinhabep,142978.0,1882.0,Điện Gia Dụng,2026-08-15,False,0.0,False,12400000,0.0,0.0,False,>1.5tr,0%,Bếp điện/từ,0
187115046,5479822156574,Bếp Gas Mini Namilux Pro Mother Na - PL 2111 PF  + Lon gas { Giao màu ngẫu nhiên }- Hàng Chính Hãng,399000,399000,0,0,5.0,1,1.0,available,backorder,113919,NaMilux,namilux,69337.0,Home Star Store,64779.0,1882.0,Điện Gia Dụng,2026-08-15,True,1.0,False,399000,0.0,0.0,False,300-700k,0%,Bếp điện/từ,1
187354216,4270154568602,Máy ép trái cây chậm Biochef 555 - Made in Úc - Hàng Chính Hãng,4920000,4920000,0,0,0.0,0,,available,backorder,235445,BioChef,biochef,20256.0,Telovietnam,19746.0,2.0,Root,2026-08-15,False,0.0,False,4920000,0.0,0.0,False,>1.5tr,0%,Máy ép,0
187617058,4418594429205,Nồi chiên không dầu Gweich GMA-45M01 dung tích 4.5L - Thép không gỉ - Hàng chính hãng,2590000,2590000,0,0,0.0,0,,available,backorder,7355711,Gweich,gweich,290808.0,Gweich Official Store,278126.0,1882.0,Điện Gia Dụng,2026-08-15,False,0.0,False,2590000,0.0,0.0,False,>1.5tr,0%,Nồi chiên không dầu,0
187645122,1069830591933,Lò nướng chân không kết hợp chức năng hấp Lock&Lock EJF693GRY Steam Air Fryer Oven (12.5 Lít) - Hàng chính hãng,4269856,7990000,3720144,47,4.5,44,195.0,available,instock,48077,LocknLock,locknlock,1.0,Tiki Trading,40395.0,2.0,Root,2026-08-15,True,195.0,False,7990000,46.56,0.4399999999999977,False,>1.5tr,30-50%,Nồi chiên không dầu,45
188042107,2205826275414,Nồi Áp Suất Điện Tử Đa Năng Philips HD2151/66 (5 Lít) - Hàng Chính Hãng,4786800,4786800,0,0,0.0,0,1.0,available,instock,19018,Philips,philips,138278.0,AM MART,127693.0,1894.0,Nồi áp suất điện,2026-08-15,True,1.0,False,4786800,0.0,0.0,False,>1.5tr,0%,Nồi áp suất,0
188694253,2105577752455,Máy Ép trái Chậm Mini Smartcook JES-3897OL Hàng Chính Hãng,1769000,2290000,521000,23,5.0,9,24.0,available,instock,31626,Smartcook,smartcook,1.0,Tiki Trading,40395.0,67133.0,Máy ép chậm,2026-08-15,True,24.0,False,2290000,22.75109170305677,0.24890829694323102,False,>1.5tr,20-30%,Máy ép,9
189600140,5144412446814,Nồi Chiên Không Dầu Điện Tử BlueStone AFB-5888 (10 Lít) - Hàng Chính Hãng,2236000,5299000,3063000,58,4.7,12,32.0,available,instock,18977,Bluestone,bluestone,1.0,Tiki Trading,40395.0,8123.0,Nồi chiên,2026-08-15,True,32.0,False,5299000,57.803359124363084,0.19664087563691623,False,>1.5tr,>50%,Nồi chiên không dầu,14
190690576,8997356620326,Máy làm sữa hạt đa năng Tefal BL967B66 - Hàng chính hãng,2990000,2990000,0,0,0.0,0,,available,backorder,19813,Tefal,tefal,20256.0,Telovietnam,19746.0,2.0,Root,2026-08-15,False,0.0,False,2990000,0.0,0.0,False,>1.5tr,0%,Máy làm sữa hạt,0
190690632,7120200633397,Nồi chiên không dầu Sunhouse SHD4035 9 lít - Hàng chính hãng,1850000,1850000,0,0,0.0,0,,available,backorder,41048,Sunhouse,sunhouse,11119.0,GIA DỤNG VIỆT,10842.0,2.0,Root,2026-08-15,False,0.0,False,1850000,0.0,0.0,False,>1.5tr,0%,Nồi chiên không dầu,0
190690963,8712259711421,Nồi cơm nắp gài Sunhouse 1.2 lít SHD8217W - Hàng chính hãng,1000000,1000000,0,0,0.0,0,,available,backorder,41048,Sunhouse,sunhouse,292953.0,ĐIỆN MÁY TẤN TÀI,280276.0,2.0,Root,2026-08-15,False,0.0,False,1000000,0.0,0.0,False,700k-1.5tr,0%,Nồi cơm điện,0
191373503,1679506773720,Máy vắt cam Sharp 0.75 lít EJ-J407 - Hàng chính hãng,349000,499000,150000,30,4.7,6,24.0,available,backorder,19912,Sharp,sharp,162514.0,Long Hưng Official Store,149585.0,1882.0,Điện Gia Dụng,2026-08-15,True,24.0,False,499000,30.060120240480963,0.06012024048096265,False,300-700k,20-30%,Khác / Chưa phân loại,6
191514902,5241658444952,Ấm sắc thuốc dùng điện chính hãng Daewoong Hàn Quốc DW-390G,4290000,4290000,0,0,0.0,0,2.0,available,backorder,471391,daewoong,daewoong,16641.0,KOALAROO,16046.0,1882.0,Điện Gia Dụng,2026-08-15,True,2.0,False,4290000,0.0,0.0,False,>1.5tr,0%,Khác / Chưa phân loại,0
191587047,9692549431902,"Máy Xay Sinh Tố Lock&Lock 2 Cối Bằng Chất Liệu Thủy Tinh 220-240V, 50/60Hz, Công Suất 600w Dung Tích 1.5L  EJM366 - Hàng Chính Hãng",1290000,2699000,1409000,52,5.0,1,2.0,available,backorder,48077,LocknLock,locknlock,88331.0,LATH SHOP,82081.0,1882.0,Điện Gia Dụng,2026-08-15,True,2.0,False,2699000,52.20452019266395,0.20452019266394927,False,700k-1.5tr,>50%,Máy xay,1
191604549,6740808149216,Bếp điện hồng ngoại đôi KAFF KF-073CC - Hàng Chính Hãng,7710000,7710000,0,0,0.0,0,,available,backorder,154221,KAFF,kaff,155120.0,thietbinhabep,142978.0,1882.0,Điện Gia Dụng,2026-08-15,False,0.0,False,7710000,0.0,0.0,False,>1.5tr,0%,Bếp điện/từ,0
191689715,4184300700963,"Nồi cơm điện cơ 1,8L Panasonic SR-MVN18LRAX - Hàng Chính Hãng",1016000,1340000,324000,24,5.0,1,6.0,available,instock,18804,Panasonic,panasonic,1.0,Tiki Trading,40395.0,2.0,Root,2026-08-15,True,6.0,False,1340000,24.17910447761194,0.17910447761193993,False,700k-1.5tr,20-30%,Nồi cơm điện,1
191689793,7684505932769,Bếp từ đôi Nhập khẩu Rommelsbacher CT3410 3400W - Hàng Chính Hãng,5500000,5500000,0,0,0.0,0,,available,backorder,192121,Rommelsbacher,rommelsbacher,20256.0,Telovietnam,19746.0,2.0,Root,2026-08-15,False,0.0,False,5500000,0.0,0.0,False,>1.5tr,0%,Bếp điện/từ,0
191717297,4669436470256,BẾP GAS ÂM HỒNG NGOẠI KAFF KF-208I - HÀNG CHÍNH HÃNG,3050000,3050000,0,0,0.0,0,,available,backorder,154221,KAFF,kaff,155120.0,thietbinhabep,142978.0,1882.0,Điện Gia Dụng,2026-08-15,False,0.0,False,3050000,0.0,0.0,False,>1.5tr,0%,Bếp điện/từ,0
191925816,1220635035785,Máy Hút Mùi Cổ Điển KAFF KF-638I / KF-738I - Hàng Chính Hãng,3060000,3060000,0,0,0.0,0,,available,backorder,154221,KAFF,kaff,155120.0,thietbinhabep,142978.0,1882.0,Điện Gia Dụng,2026-08-15,False,0.0,False,3060000,0.0,0.0,False,>1.5tr,0%,Máy hút mùi,0
192032788,9364873738338,Lò Hấp Kết Hợp Nướng Âm Tủ KAFF KF-ST56LXR 56L - Hàng Chính Hãng,22200000,22200000,0,0,0.0,0,,available,backorder,154221,KAFF,kaff,155120.0,thietbinhabep,142978.0,1882.0,Điện Gia Dụng,2026-08-15,False,0.0,False,22200000,0.0,0.0,False,>1.5tr,0%,Khác / Chưa phân loại,0
192153423,6514556412344,Bếp từ CANZY CZ 9898DP - Hàng chính hãng,18886000,18886000,0,0,0.0,0,,available,backorder,185805,Canzy,canzy,155120.0,thietbinhabep,142978.0,1882.0,Điện Gia Dụng,2026-08-15,False,0.0,False,18886000,0.0,0.0,False,>1.5tr,0%,Bếp điện/từ,0
192288051,1220849812596,Bếp gas khè đơn bán công nghiệp RED-HOME TN-170 Hàng chính hãng,639000,639000,0,0,5.0,2,11.0,available,backorder,304119,Redhome,redhome,23852.0,Hữu Nghị,23254.0,2.0,Root,2026-08-15,True,11.0,False,639000,0.0,0.0,False,300-700k,0%,Bếp điện/từ,3
192683747,6291968973137,Máy làm bánh kẹp tàn ong Waffle Sandwich Hotdog 3 trong 1 Tiross TS513 - Hàng chính hãng,900000,900000,0,0,5.0,1,4.0,available,backorder,25706,Tiross,tiross,11119.0,GIA DỤNG VIỆT,10842.0,1882.0,Điện Gia Dụng,2026-08-15,True,4.0,False,900000,0.0,0.0,False,700k-1.5tr,0%,Khác / Chưa phân loại,2
192705943,7862883062748,Máy hút mùi nhà bếp công nghệ tiên tiến BAUER BCV70MSI - Hàng chính hãng,8800000,8800000,0,0,0.0,0,,available,backorder,272733,Bauer,bauer,292952.0,Gokitchen Store,280275.0,1882.0,Điện Gia Dụng,2026-08-15,False,0.0,False,8800000,0.0,0.0,False,>1.5tr,0%,Máy hút mùi,0
192727094,9104815295811,Nồi chiên không dầu chất lượng cao BAUER BFAM2007L- Hàng chính hãng,2700000,2700000,0,0,0.0,0,,available,backorder,272733,Bauer,bauer,292952.0,Gokitchen Store,280275.0,1882.0,Điện Gia Dụng,2026-08-15,False,0.0,False,2700000,0.0,0.0,False,>1.5tr,0%,Nồi chiên không dầu,0
192879243,1951327820586,"Nồi áp suất nấu bếp từ , bếp ga FUJIKA 4L-5L-7L HÀNG CHÍNH HÃNG",420000,420000,0,0,4.5,27,820.0,available,backorder,295203,FUJIKA,fujika,297289.0,Tổng kho gia dụng 82,284720.0,2.0,Root,2026-08-15,True,820.0,False,420000,0.0,0.0,False,300-700k,0%,Nồi áp suất,27
193524390,2656285833620,"Ấm đun nước siêu tốc  ĐQ EKT14 - Dung tích lớn 1.8L, công suất 1500W, đế xoay 360°, tự ngắt điện khi sôi. Hàng chính hãng",182000,182000,0,0,0.0,0,1.0,available,backorder,41391,Điện Quang,dien-quang,123029.0,Bách Hóa Online 24h,113707.0,1882.0,Điện Gia Dụng,2026-08-15,True,1.0,False,182000,0.0,0.0,False,100-300k,0%,Ấm đun nước/Bình siêu tốc,0
193669635,2837292402309,Bình đun siêu tốc Tefal KI800D68 1.7 lít - Hàng Chính Hãng - Chỉ Giao Hồ Chí Minh,590000,590000,0,0,0.0,0,,available,backorder,19813,Tefal,tefal,20256.0,Telovietnam,19746.0,1882.0,Điện Gia Dụng,2026-08-15,False,0.0,False,590000,0.0,0.0,False,300-700k,0%,Ấm đun nước/Bình siêu tốc,0
194421081,7655367735288,Combo Nồi cơm điện cơ mini Tefal RK224168 & Chảo chiên Tefal Ultimate 28cm - Hàng chính hãng,1190000,1190000,0,0,0.0,0,,available,backorder,19813,Tefal,tefal,20256.0,Telovietnam,19746.0,1882.0,Điện Gia Dụng,2026-08-15,False,0.0,False,1190000,0.0,0.0,False,700k-1.5tr,0%,Nồi cơm điện,0
194457972,1138359111801,Combo Nồi cơm điện cơ Tefal RK361168 - 1.5L & Bàn ủi hơi nước Tefal Smart Protect FV4980E0 - Hàng chính hãng,990000,990000,0,0,0.0,0,1.0,available,backorder,19813,Tefal,tefal,20256.0,Telovietnam,19746.0,1882.0,Điện Gia Dụng,2026-08-15,True,1.0,False,990000,0.0,0.0,False,700k-1.5tr,0%,Nồi cơm điện,0
194473397,4161583856314,Nồi Chiên Không Dầu Locknlock Visible Air Fryer CUBE EJF996BLK (5.5 Lít) - Hàng Chính Hãng,2390040,4380000,1989960,45,4.6,104,453.0,available,instock,48077,LocknLock,locknlock,1.0,Tiki Trading,40395.0,2.0,Root,2026-08-15,True,453.0,False,4380000,45.43287671232877,0.43287671232877045,False,>1.5tr,30-50%,Nồi chiên không dầu,105
194479732,1381344611198,Nồi Chiên Không Dầu Philips HD9280 /90 Essential size XL Digital Connected - Hàng Chính Hãng,2480000,4999000,2519000,50,5.0,41,233.0,available,instock,19018,Philips,philips,1.0,Tiki Trading,40395.0,8123.0,Nồi chiên,2026-08-15,True,233.0,False,4999000,50.39007801560312,0.39007801560312316,False,>1.5tr,30-50%,Nồi chiên không dầu,41
194810583,7947623061867,Bếp âm từ hồng ngoại đôi kết hợp nhập khẩu Germany KAFF KF-IH68N - Hàng Chính Hãng,22800000,22800000,0,0,5.0,1,1.0,available,backorder,154221,KAFF,kaff,296453.0,KAFF Official,283798.0,2.0,Root,2026-08-15,True,1.0,False,22800000,0.0,0.0,False,>1.5tr,0%,Khác / Chưa phân loại,1
194861441,1286328734819,"Máy Hút Chân Không CASO VC10 Cao Cấp, Thiết Kế Sang Trọng, Lực Hút 0.8 Bar, Công Suất 110W - Hàng Chính Hãng",2090000,2090000,0,0,5.0,1,1.0,available,backorder,456363,Caso,caso,20256.0,Telovietnam,19746.0,1882.0,Điện Gia Dụng,2026-08-15,True,1.0,False,2090000,0.0,0.0,False,>1.5tr,0%,Máy hút chân không,1
194957647,1110666173050,Máy hút mùi âm tủ inox phối kính cảm ứng 600mm KAFF KF-TL600 - Hàng Chính Hãng,5380000,5380000,0,0,0.0,0,,available,backorder,154221,KAFF,kaff,296453.0,KAFF Official,283798.0,1882.0,Điện Gia Dụng,2026-08-15,False,0.0,False,5380000,0.0,0.0,False,>1.5tr,0%,Máy hút mùi,0
195122910,4373939488891,Nồi chiên không dầu điện tử dung tích lớn 12 Lít Biolomix MA510T-Hàng chính hãng ,1573000,1573000,0,0,0.0,0,,available,backorder,470671,Biolomix,biolomix,208147.0,SIÊU THỊ ĐIỆN MÁY GIA DỤNG,195179.0,1882.0,Điện Gia Dụng,2026-08-15,False,0.0,False,1573000,0.0,0.0,False,>1.5tr,0%,Nồi chiên không dầu,0
195514627,3535125270365, Máy xay đa năng XĐN2LI hàng chính hãng Arber,599000,599000,0,0,0.0,0,,available,backorder,185817,Arber,arber,1957.0,Bếp Minh Hà,1916.0,1882.0,Điện Gia Dụng,2026-08-15,False,0.0,False,599000,0.0,0.0,False,300-700k,0%,Máy xay,0
195514686,3207473424757,Máy xay đa năng XĐN2LG hàng chính hãng Arber,599000,599000,0,0,0.0,0,,available,backorder,185817,Arber,arber,1957.0,Bếp Minh Hà,1916.0,1882.0,Điện Gia Dụng,2026-08-15,False,0.0,False,599000,0.0,0.0,False,300-700k,0%,Máy xay,0
195713949,1398021340485,Bộ dụng cụ mở ron máy pha cà phê espresso,100000,100000,0,0,5.0,1,3.0,available,backorder,7881305,NOX COFFEE TAKE AWAY,nox-coffee-take-away,234289.0,Nox Coffee Store,221321.0,1882.0,Điện Gia Dụng,2026-08-15,True,3.0,False,100000,0.0,0.0,False,<100k,0%,Máy pha cà phê,1
195766788,9392818432798,Nồi cơm điện cơ 1L Panasonic PANC-SR-MVN10FRAX - HÀNG CHÍNH HÃNG,990000,990000,0,0,0.0,0,1.0,available,backorder,18804,Panasonic,panasonic,184067.0,Siêu Thị Điện Máy Từ Sơn,171102.0,1882.0,Điện Gia Dụng,2026-08-15,True,1.0,False,990000,0.0,0.0,False,700k-1.5tr,0%,Nồi cơm điện,0
195845128,3556865990343,Nồi cơm điện Panasonic SR-MVN18FRAX - Hàng Chính Hãng,989000,1340000,351000,26,5.0,2,17.0,available,instock,18804,Panasonic,panasonic,1.0,Tiki Trading,40395.0,2.0,Root,2026-08-15,True,17.0,False,1340000,26.19402985074627,0.19402985074626855,False,700k-1.5tr,20-30%,Nồi cơm điện,2
195849607,8167434358804,"Siêu sắc thuốc Korea King KMP–7000G (220V/50HZ, 3000ML, 330W )- Hàng chính hãng",4880000,4880000,0,0,0.0,0,,available,backorder,19765,Korea King,korea-king,187653.0,Korea King Official Store,174687.0,1882.0,Điện Gia Dụng,2026-08-15,False,0.0,False,4880000,0.0,0.0,False,>1.5tr,0%,Khác / Chưa phân loại,0
196233545,9849789984001,Máy pha cà phê Bear CF-B02V1 - Hàng chính hãng,1590000,1590000,0,0,0.0,0,,available,backorder,198523,Bear,bear,20256.0,Telovietnam,19746.0,1882.0,Điện Gia Dụng,2026-08-15,False,0.0,False,1590000,0.0,0.0,False,>1.5tr,0%,Máy pha cà phê,0
196801285,9793047179284,Máy xay thịt Philips HR1393/00 - Hàng chính hãng,899000,899000,0,0,5.0,1,2.0,available,backorder,19018,Philips,philips,162514.0,Long Hưng Official Store,149585.0,1882.0,Điện Gia Dụng,2026-08-15,True,2.0,False,899000,0.0,0.0,False,700k-1.5tr,0%,Máy xay,1
196837733,5134449845779,Máy xay thực phẩm đa năng 3in1 Magic Eco AC-16 (2.0 Lít) - Hàng chính hãng,784000,1390000,606000,44,4.8,4,35.0,available,instock,717695,Magic Eco,magic-eco,1.0,Tiki Trading,40395.0,2.0,Root,2026-08-15,True,35.0,False,1390000,43.597122302158276,0.4028776978417241,False,700k-1.5tr,30-50%,Máy xay,4
196839555,9892658646169,Máy xay thực phẩm đa năng 3in1 Magic Eco AC-17 2L - Hàng chính hãng,942000,1500000,558000,37,5.0,3,29.0,available,instock,717695,Magic Eco,magic-eco,1.0,Tiki Trading,40395.0,2.0,Root,2026-08-15,True,29.0,False,1500000,37.2,0.20000000000000284,False,700k-1.5tr,30-50%,Máy xay,3
197186570,3106078121499,Nồi nấu chậm Panasonic 3 lít NF-N31AWRA/5 lít NF-N51AWRA - Hàng chính hãng,1390000,1390000,0,0,0.0,0,4.0,available,backorder,18804,Panasonic,panasonic,184067.0,Siêu Thị Điện Máy Từ Sơn,171102.0,1882.0,Điện Gia Dụng,2026-08-15,True,4.0,False,1390000,0.0,0.0,False,700k-1.5tr,0%,Nồi/Chảo (khác),0
197216256,6938988274515,"Nồi cơm điện cao cấp Smartcook, nồi cơm điện nắp rời dung tích 1.2L công suất 400W RCS-1786 Hàng chính hãng",541000,541000,0,0,4.0,1,3.0,available,backorder,31626,Smartcook,smartcook,203158.0,Bếp Tôi,190191.0,1882.0,Điện Gia Dụng,2026-08-15,True,3.0,False,541000,0.0,0.0,False,300-700k,0%,Nồi cơm điện,1
197654356,3456408129514,Nồi cơm điện nắp gài Sharp 1 lít KS-COM100DV - Hàng chính hãng,1249000,1500000,251000,17,0.0,0,7.0,available,backorder,19912,Sharp,sharp,162514.0,Long Hưng Official Store,149585.0,1882.0,Điện Gia Dụng,2026-08-15,True,7.0,False,1500000,16.733333333333334,0.2666666666666657,False,700k-1.5tr,10-20%,Nồi cơm điện,0
197746155,1093060663697,Nồi hấp đa năng Morphy Richards MR1168 - Hàng chính hãng,1209000,1209000,0,0,0.0,0,3.0,available,backorder,217293,morphy richards,morphy-richards,208147.0,SIÊU THỊ ĐIỆN MÁY GIA DỤNG,195179.0,1882.0,Điện Gia Dụng,2026-08-15,True,3.0,False,1209000,0.0,0.0,False,700k-1.5tr,0%,Nồi/Chảo (khác),0
197747237,5297538204927,"Bếp từ đơn cảm ứng OSLO mã FS-IC002, 2000W,hàng chính hãng, tiết kiệm điện, màu đen sang trọng",1490000,1490000,0,0,0.0,0,,available,backorder,5211563,OSLO,oslo,143534.0,Ecoramic Official Store,132479.0,1882.0,Điện Gia Dụng,2026-08-15,False,0.0,False,1490000,0.0,0.0,False,700k-1.5tr,0%,Bếp điện/từ,0
197835102,5362283873012,Máy trộn bột Bear 7L DM-B70V1 (HMJ-A70C1)- Hàng chính hãng,2280000,2280000,0,0,0.0,0,,available,backorder,198523,Bear,bear,20256.0,Telovietnam,19746.0,1882.0,Điện Gia Dụng,2026-08-15,False,0.0,False,2280000,0.0,0.0,False,>1.5tr,0%,Khác / Chưa phân loại,0
197848262,3997537120801,"Bình đun nước pha trà, hâm cháo đa chức năng Morphy Richards MR6086 Có 3 mức nhiệt độ ở 45°C / 80°C / 100°C - HÀNG NHẬP KHẨU",1728000,1728000,0,0,1.0,1,8.0,available,backorder,217293,morphy richards,morphy-richards,112137.0,DC THẾ GIỚI PHỤ KIỆN CÔNG NGHỆ Ô TÔ,103749.0,1882.0,Điện Gia Dụng,2026-08-15,True,8.0,False,1728000,0.0,0.0,False,>1.5tr,0%,Khác / Chưa phân loại,1
197855100,5424483239835,Lò nướng Sanaky VH-5099S2D 50 lít - Hàng Chính Hãng - Chỉ Giao Hồ Chí Minh,3000000,3000000,0,0,0.0,0,,available,backorder,40633,Sanaky,sanaky,292953.0,ĐIỆN MÁY TẤN TÀI,280276.0,1882.0,Điện Gia Dụng,2026-08-15,False,0.0,False,3000000,0.0,0.0,False,>1.5tr,0%,Lò vi sóng/nướng,0
198196331,7465961405805,"Máy rửa siêu âm cao cấp Rama RS10L dung tích 10 Lít, công suất 360W- Hàng chính hãng",10999000,10999000,0,0,0.0,0,,available,backorder,4782235,RAMA,rama,173156.0,Thiết bị môi trường RM,160192.0,1882.0,Điện Gia Dụng,2026-08-15,False,0.0,False,10999000,0.0,0.0,False,>1.5tr,0%,Khác / Chưa phân loại,0
198296626,1499411220298,Máy ép chậm chuyên ép cần tây và carrot Kuvings KSP-2428CB [400ml] Màu đỏ - Hàng chính hãng,16990000,16990000,0,0,0.0,0,,available,backorder,41435,Kuvings,kuvings,78755.0,Bepnhatoi,73403.0,1882.0,Điện Gia Dụng,2026-08-15,False,0.0,False,16990000,0.0,0.0,False,>1.5tr,0%,Máy ép,0
198301367,9453615613884,Máy xay sinh tố hút chân không Kuvings KV-200S (2.0L) - Hàng chính hãng,5097000,9990000,4893000,49,0.0,0,2.0,available,instock,41435,Kuvings,kuvings,1.0,Tiki Trading,40395.0,1882.0,Điện Gia Dụng,2026-08-15,True,2.0,False,9990000,48.97897897897898,0.02102102102102066,False,>1.5tr,30-50%,Máy xay,0
198449358,8999070162284,Máy làm bánh mỳ Steba BM2 (600W - 230V) - Hàng chính hãng,4250000,6350000,2100000,33,0.0,0,,available,backorder,212007,Steba,steba,177099.0,Hàng Gia Dụng Châu Âu,164135.0,1882.0,Điện Gia Dụng,2026-08-15,False,0.0,False,6350000,33.07086614173229,0.07086614173228867,False,>1.5tr,30-50%,Khác / Chưa phân loại,0
198451434,4050784212979,Máy làm bánh mỳ Steba BM3 ( 540 W - 230 V) - Hàng chính hãng,3300000,5350000,2050000,38,0.0,0,,available,backorder,212007,Steba,steba,177099.0,Hàng Gia Dụng Châu Âu,164135.0,1882.0,Điện Gia Dụng,2026-08-15,False,0.0,False,5350000,38.31775700934579,0.3177570093457902,False,>1.5tr,30-50%,Khác / Chưa phân loại,0
198523053,2717650465935,Nồi cơm nắp rời Toshiba RC-18MH1PV(F) 1.8 lít - Hàng Chính Hãng - Chỉ Giao Hồ Chí Minh,529000,690000,161000,23,5.0,2,12.0,available,instock,18634,Toshiba,toshiba,1.0,Tiki Trading,40395.0,1920.0,Nồi cơm nắp rời,2026-08-15,True,12.0,False,690000,23.333333333333332,0.33333333333333215,False,300-700k,20-30%,Nồi cơm điện,3
198815230,4852616936762,Lodge - Lò nướng Pro - Hàng Chính Hãng,9180000,10800000,1620000,15,0.0,0,,available,backorder,203981,Lodge,lodge,8905.0,Kitchen Koncept,8719.0,1882.0,Điện Gia Dụng,2026-08-15,False,0.0,False,10800000,15.0,0.0,False,>1.5tr,10-20%,Lò vi sóng/nướng,0
198894834,5994104302900,Kẹp nướng đa năng Tiross TS9656 - Hàng chính hãng,2240000,2240000,0,0,0.0,0,,available,backorder,25706,Tiross,tiross,11119.0,GIA DỤNG VIỆT,10842.0,1882.0,Điện Gia Dụng,2026-08-15,False,0.0,False,2240000,0.0,0.0,False,>1.5tr,0%,Khác / Chưa phân loại,0
198955778,8263394540278,Máy Làm Sữa Hạt Máy Nấu Sữa Hạt Thông Minh Bảng điều khiển cảm ứng hiện đại - Hàng Chính Hãng,2158800,2158800,0,0,0.0,0,,available,backorder,5132069,MINIIN,miniin,203034.0,Gia Dụng Trí Vũ,190067.0,1882.0,Điện Gia Dụng,2026-08-15,False,0.0,False,2158800,0.0,0.0,False,>1.5tr,0%,Máy làm sữa hạt,0
199010513,8679916192676,Máy Xay Sinh Tố Cầm Tay mini BlueStone BLB-5303 - Dung tích 300ml - Công suất 35W - Lưỡi dao thép không gỉ - Xay thực phẩm mềm - Bảo hàng 2 năm - Hàng chính hãng,400000,999000,599000,60,0.0,0,11.0,available,instock,18977,Bluestone,bluestone,1.0,Tiki Trading,40395.0,2.0,Root,2026-08-15,True,11.0,False,999000,59.95995995995996,0.040040040040040026,False,300-700k,>50%,Máy xay,0
199012045,2939852313142,Máy xay sinh tố tạo ga cầm tay Morphy Richards MR9801 - Hàng Nhập Khẩu,1258000,1258000,0,0,0.0,0,2.0,available,backorder,217293,morphy richards,morphy-richards,256950.0,THẾ GIỚI ĐIỆN MÁY GIA DỤNG,243982.0,1882.0,Điện Gia Dụng,2026-08-15,True,2.0,False,1258000,0.0,0.0,False,700k-1.5tr,0%,Máy xay,0
199015325,7231177486773,Bếp Gas Mini NaMilux NH-032PS│Đầu Đốt Cyclone│Tiết Kiệm Gas│Van Ngắt Gas An Toàn│Công Suất 2.4Kw │Hàng Chính Hãng,459000,499000,40000,8,5.0,1,16.0,available,backorder,113919,NaMilux,namilux,240.0,NaMilux Official Store,198.0,1882.0,Điện Gia Dụng,2026-08-15,True,16.0,False,499000,8.016032064128256,0.01603206412825564,False,300-700k,0-10%,Bếp điện/từ,2
199021720,2797157333823,Máy pha cà phê mini Staresso mirage bản mới Chính Hãng đồ du lịch dã ngoại cắm trại máy pha cafe espresso cầm tay mang theo xếp gọn dã ngoại bảo hành 1 năm campout A062,2750000,2750000,0,0,4.8,15,39.0,available,backorder,409675,STARESSO,staresso,198145.0,CampOut Life is the better Official,185178.0,1882.0,Điện Gia Dụng,2026-08-15,True,39.0,False,2750000,0.0,0.0,False,>1.5tr,0%,Máy pha cà phê,15
199041199,7262569766118,"Máy xay sinh tố tạo ga cầm tay Morphy Richards MR9801 dung tích 260ml, thân cốc Tritan, dung lượng pin 1200mAh-Hàng chính hãng",1258000,1258000,0,0,0.0,0,1.0,available,backorder,217293,morphy richards,morphy-richards,208147.0,SIÊU THỊ ĐIỆN MÁY GIA DỤNG,195179.0,1882.0,Điện Gia Dụng,2026-08-15,True,1.0,False,1258000,0.0,0.0,False,700k-1.5tr,0%,Máy xay,0
199152236,9055527663477,"Nồi Điện Đa Năng TEFAL CY754830 Turbo Cuisine, Nhập Khẩu Đức, Dung Tích 5L Gồm 10 Chức Năng: Áp Suất, Nấu Chậm, Nấu Cơm, Xào, Hấp, Nướng Bánh, Sữa Chua, Công Suất 1090W - Hàng Nhập Khẩu",2990000,2990000,0,0,0.0,0,1.0,available,backorder,19813,Tefal,tefal,20256.0,Telovietnam,19746.0,1882.0,Điện Gia Dụng,2026-08-15,True,1.0,False,2990000,0.0,0.0,False,>1.5tr,0%,Nồi/Chảo (khác),0
199240699,8197920323757,Máy làm sữa hạt KALPEN CBK-2601 hàng chính hãng,2555000,2555000,0,0,5.0,2,5.0,available,backorder,5043913,kalpen,kalpen,125683.0,M2P Shop,116136.0,1882.0,Điện Gia Dụng,2026-08-15,True,5.0,False,2555000,0.0,0.0,False,>1.5tr,0%,Máy làm sữa hạt,2
199539905,5506158432454,[Hàng Chính Hãng] Nồi cơm điện SUNHOUSE 1.8L SHD8606,975000,975000,0,0,0.0,0,,available,backorder,41048,Sunhouse,sunhouse,307706.0,LYTY SHOP,295262.0,2.0,Root,2026-08-15,False,0.0,False,975000,0.0,0.0,False,700k-1.5tr,0%,Nồi cơm điện,0
199539909,3261551062117,[Hàng Chính Hãng] Nồi cơm điện tử 1.8L Sunhouse SHD8909 - Bảo Hành 12 Tháng Toàn Quốc,1280000,1280000,0,0,0.0,0,,available,backorder,41048,Sunhouse,sunhouse,307706.0,LYTY SHOP,295262.0,2.0,Root,2026-08-15,False,0.0,False,1280000,0.0,0.0,False,700k-1.5tr,0%,Khác / Chưa phân loại,0
199569028,6022810673673,Nồi cơm điện cơ Tefal 0.7L - Thương hiệu Pháp - RK224168- Hàng chính hãng,990000,990000,0,0,0.0,0,,available,backorder,19813,Tefal,tefal,20256.0,Telovietnam,19746.0,1882.0,Điện Gia Dụng,2026-08-15,False,0.0,False,990000,0.0,0.0,False,700k-1.5tr,0%,Nồi cơm điện,0
199844252,1188956557828,Nồi cơm điện Tiger JNP 1800 -Hàng Chính Hãng,3790000,3790000,0,0,0.0,0,,available,backorder,79440,Tiger,tiger,20256.0,Telovietnam,19746.0,1882.0,Điện Gia Dụng,2026-08-15,False,0.0,False,3790000,0.0,0.0,False,>1.5tr,0%,Nồi cơm điện,0
200681523,2135131119566,Máy pha cà phê tự động Jura WE8 Chrome - Hàng nhập khẩu,63515000,63515000,0,0,0.0,0,,available,backorder,272787,JURA,jura,19606.0,Siêu thị máy pha cà phê,19101.0,1882.0,Điện Gia Dụng,2026-08-15,False,0.0,False,63515000,0.0,0.0,False,>1.5tr,0%,Máy pha cà phê,0
200719909,8167617401561,Cối xay cà phê Timemore C5 ESP | Lưỡi xay thế hệ mới – S2C-042-III - Hàng chính hãng Timemore,2000000,2000000,0,0,5.0,4,8.0,available,backorder,879661,Timemore,timemore,234289.0,Nox Coffee Store,221321.0,1882.0,Điện Gia Dụng,2026-08-15,True,8.0,False,2000000,0.0,0.0,False,>1.5tr,0%,Khác / Chưa phân loại,4
200728236,2948414484703,"Nồi cơm điện nắp gài Osako, nồi cơm điện dung tích lớn 2.2L công suất 1000W OCD-202 - Hàng chính hãng",1006000,1006000,0,0,0.0,0,,available,backorder,238379,Osako,osako,203158.0,Bếp Tôi,190191.0,1882.0,Điện Gia Dụng,2026-08-15,False,0.0,False,1006000,0.0,0.0,False,700k-1.5tr,0%,Nồi cơm điện,0
200762481,5839727080637,[Hàng Chính Hãng]  Ấm Siêu Tốc Inox 2 Lớp Sunhouse SHD1351 1.8 Lít - Bảo Hành 12 Tháng Toàn Quốc,360000,360000,0,0,0.0,0,1.0,available,backorder,41048,Sunhouse,sunhouse,307706.0,LYTY SHOP,295262.0,2.0,Root,2026-08-15,True,1.0,False,360000,0.0,0.0,False,300-700k,0%,Ấm đun nước/Bình siêu tốc,0
200780663,9002832811912,"Nồi cơm điện nắp gài Fujika, nồi cơm điện mini dung tích 1L - 1.5L - 1.8L NC-Series - Hàng chính hãng",368000,368000,0,0,3.8,4,72.0,available,backorder,295203,FUJIKA,fujika,203158.0,Bếp Tôi,190191.0,1882.0,Điện Gia Dụng,2026-08-15,True,72.0,False,368000,0.0,0.0,False,300-700k,0%,Nồi cơm điện,4
200820000,5068237803019,"Nồi cơm điện cơ 1,8L Panasonic SR-MVN18LRAX - Hàng Chính Hãng",1150000,1150000,0,0,0.0,0,1.0,available,backorder,18804,Panasonic,panasonic,184067.0,Siêu Thị Điện Máy Từ Sơn,171102.0,1882.0,Điện Gia Dụng,2026-08-15,True,1.0,False,1150000,0.0,0.0,False,700k-1.5tr,0%,Nồi cơm điện,0
200928983,3215726720333,"Nồi cơm điện 1.2L nắp rời Ladomax HA-7112 lòng nhôm chống dính, nấu cơm chín mềm cho 3 - 4 người ăn-hàng chính hãng",495000,495000,0,0,5.0,1,4.0,available,backorder,4514423,Ladomax,ladomax,33792.0,Gia Dụng NuHa,33089.0,2.0,Root,2026-08-15,True,4.0,False,495000,0.0,0.0,False,300-700k,0%,Nồi cơm điện,1
200929022,5720342472275,"Nồi cơm điện mini 0.6L Ladomax HA-7106 thiết kế nắp rời thoát hơi tốt, nấu cơm cho 1 - 2 người ăn-Hàng chính hãng",395000,395000,0,0,0.0,0,,available,backorder,4514423,Ladomax,ladomax,33792.0,Gia Dụng NuHa,33089.0,2.0,Root,2026-08-15,False,0.0,False,395000,0.0,0.0,False,300-700k,0%,Nồi cơm điện,0
201001974,8194550435800,"Máy xay mini đa năng cối nhựa Tsuki TS-RS, dung tích 100ml, lưỡi dao thép không gỉ - Hàng chính hãng",180000,180000,0,0,0.0,0,6.0,available,backorder,879477,TSUKI,tsuki,203158.0,Bếp Tôi,190191.0,1882.0,Điện Gia Dụng,2026-08-15,True,6.0,False,180000,0.0,0.0,False,100-300k,0%,Máy xay,0
201067576,2591387579458,"Ấm Siêu Tốc DELONGHI KBOV 2001 GR Cổ Điển Sang Trọng, Nhập Khẩu Đức, Dung Tích 1.7L, Đun Siêu Nhanh Công Suất 2000 W - Hàng Nhập Khẩu",2990000,2990000,0,0,0.0,0,1.0,available,backorder,155511,DeLonghi,delonghi,20256.0,Telovietnam,19746.0,1882.0,Điện Gia Dụng,2026-08-15,True,1.0,False,2990000,0.0,0.0,False,>1.5tr,0%,Ấm đun nước/Bình siêu tốc,0
201292913,7084686111823,"Máy làm sữa hạt CB8825 xay nấu sữa hạt 18 chương trình đa năng, siêu thanh chống ồn công nghệ mới, cháo súp dinh dưỡng tiện lợi, sinh tố trái cây đơn giản tại nhà, hàng chính hãng",2490000,2490000,0,0,4.3,3,7.0,available,backorder,7863833,HighTechGate,hightechgate,179711.0,ĐIỆN MÁY HTG,166747.0,1882.0,Điện Gia Dụng,2026-08-15,True,7.0,False,2490000,0.0,0.0,False,>1.5tr,0%,Máy làm sữa hạt,3
201376076,6415422803812,Máy pha cà phê Expobar Office Control 1Gr - Hàng nhập khẩu ,30960000,30960000,0,0,0.0,0,,available,backorder,632137,Expobar,expobar,19606.0,Siêu thị máy pha cà phê,19101.0,1882.0,Điện Gia Dụng,2026-08-15,False,0.0,False,30960000,0.0,0.0,False,>1.5tr,0%,Máy pha cà phê,0
201385286,1852385237096,Máy pha cà phê Expobar G10 Mini Control 1Gr - Hàng nhập khẩu ,57088000,57088000,0,0,0.0,0,,available,backorder,632137,Expobar,expobar,19606.0,Siêu thị máy pha cà phê,19101.0,1882.0,Điện Gia Dụng,2026-08-15,False,0.0,False,57088000,0.0,0.0,False,>1.5tr,0%,Máy pha cà phê,0
201391241,8109887563338,Máy pha cà phê Expobar G10 Display 2Gr - Hàng nhập khẩu ,85028000,85028000,0,0,0.0,0,,available,backorder,632137,Expobar,expobar,19606.0,Siêu thị máy pha cà phê,19101.0,1882.0,Điện Gia Dụng,2026-08-15,False,0.0,False,85028000,0.0,0.0,False,>1.5tr,0%,Máy pha cà phê,0
201518132,6430742512941,Nồi cơm điện cơ mini Tefal RK224168 0.7L - BH 2 năm - Hàng Chính Hãng,990000,990000,0,0,0.0,0,1.0,available,backorder,19813,Tefal,tefal,20256.0,Telovietnam,19746.0,2.0,Root,2026-08-15,True,1.0,False,990000,0.0,0.0,False,700k-1.5tr,0%,Nồi cơm điện,0
201518258,1022886752822,Bình đun siêu tốc 1.7L Tefal KI800D68 - 1800W - Hàng Chính Hãng,780000,780000,0,0,0.0,0,,available,backorder,19813,Tefal,tefal,20256.0,Telovietnam,19746.0,2.0,Root,2026-08-15,False,0.0,False,780000,0.0,0.0,False,700k-1.5tr,0%,Ấm đun nước/Bình siêu tốc,0
201622469,7828345744159,Máy pha cà phê tự động Bear CF-B02V1 - Hàng chính hãng,1063000,1900000,837000,44,4.5,18,132.0,available,instock,198523,Bear,bear,1.0,Tiki Trading,40395.0,1882.0,Điện Gia Dụng,2026-08-15,True,132.0,False,1900000,44.05263157894737,0.05263157894736992,False,700k-1.5tr,30-50%,Máy pha cà phê,21
202496022,4624371354519,Günter & Hauer Máy làm bánh mì dung tích 3LBS Công suất 850W Máy Làm Bánh Mì Đa Năng Hoàn Toàn Tự Động BM800 - Hàng chính hãng,6990000,6990000,0,0,0.0,0,,available,backorder,7881347,Günter & Hauer,g-nter-&-hauer,309377.0,Gunter Hauer,296939.0,2.0,Root,2026-08-15,False,0.0,False,6990000,0.0,0.0,False,>1.5tr,0%,Máy làm bánh mì,0
202558221,2400421975590,Nồi Áp Suất BlueStone PCB-5648 5 Lít 900W - Hàng chính hãng,1277000,1999000,722000,36,4.0,1,6.0,available,instock,18977,Bluestone,bluestone,1.0,Tiki Trading,40395.0,2.0,Root,2026-08-15,True,6.0,False,1999000,36.11805902951476,0.118059029514761,False,700k-1.5tr,30-50%,Nồi áp suất,1
202605629,2019972316570,Máy xay đa năng Tefal BL967B66 - Hàng chính hãng,2990000,2990000,0,0,0.0,0,,available,backorder,19813,Tefal,tefal,20256.0,Telovietnam,19746.0,1882.0,Điện Gia Dụng,2026-08-15,False,0.0,False,2990000,0.0,0.0,False,>1.5tr,0%,Máy xay,0
202804183,5608241273264,Máy xay sinh tố Hafele HSB-0621FS- Hàng Chính Hãng- (535.43.277),1717000,1717000,0,0,0.0,0,,available,backorder,205197,HAFELE,hafele,309071.0,Luxury Furniture 1,296631.0,2.0,Root,2026-08-15,False,0.0,False,1717000,0.0,0.0,False,>1.5tr,0%,Máy xay,0
202804196,4380427401695,NỒI CHIÊN KHÔNG DẦU HAFELE AIR FRYER HS-AF502B - Hàng Chính Hãng (535.43.713),3990000,3990000,0,0,0.0,0,,available,backorder,205197,HAFELE,hafele,309071.0,Luxury Furniture 1,296631.0,2.0,Root,2026-08-15,False,0.0,False,3990000,0.0,0.0,False,>1.5tr,0%,Nồi chiên không dầu,0
202804301,6547859000744,Bếp từ 2 vùng nấu Hafele HC-IS772EA/Hàng Chính Hãng (535.02.222),22973000,22973000,0,0,0.0,0,,available,backorder,205197,HAFELE,hafele,309071.0,Luxury Furniture 1,296631.0,23810.0,Bếp điện từ đôi,2026-08-15,False,0.0,False,22973000,0.0,0.0,False,>1.5tr,0%,Bếp điện/từ,0
202804387,4405804158212,Bếp từ đôi Hafele HC-I2732A Hàng Chính Hãng (536.61.726),18689000,18689000,0,0,0.0,0,,available,backorder,205197,HAFELE,hafele,309071.0,Luxury Furniture 1,296631.0,2.0,Root,2026-08-15,False,0.0,False,18689000,0.0,0.0,False,>1.5tr,0%,Bếp điện/từ,0
202804463,7942646084158,Bếp từ đơn Hafele HSI-21FW - Hàng chính hãng,1933000,1933000,0,0,0.0,0,1.0,available,backorder,205197,HAFELE,hafele,309071.0,Luxury Furniture 1,296631.0,2.0,Root,2026-08-15,True,1.0,False,1933000,0.0,0.0,False,>1.5tr,0%,Bếp điện/từ,0
202804469,9844017442424,Bình đun siêu tốc HafeleT-907B Hàng chính hãng (535.43.731),790000,790000,0,0,0.0,0,,available,backorder,205197,HAFELE,hafele,309071.0,Luxury Furniture 1,296631.0,2.0,Root,2026-08-15,False,0.0,False,790000,0.0,0.0,False,700k-1.5tr,0%,Ấm đun nước/Bình siêu tốc,0
202855112,1871636021840,Nồi cơm điện cao cấp Kalpen R3 Dung tích 1L  Hàng Chính hãng,1450000,1450000,0,0,5.0,1,1.0,available,backorder,5043913,kalpen,kalpen,125683.0,M2P Shop,116136.0,1882.0,Điện Gia Dụng,2026-08-15,True,1.0,False,1450000,0.0,0.0,False,700k-1.5tr,0%,Nồi cơm điện,1
202897035,2754952638424,Bếp Điện Từ SAKURA SE-3250B Công Nghệ HEATTECH Hàng Chính Hãng,6990000,6990000,0,0,0.0,0,,available,backorder,114515,SAKURA,sakura,2268.0,Sakura Official Store,2226.0,1882.0,Điện Gia Dụng,2026-08-15,False,0.0,False,6990000,0.0,0.0,False,>1.5tr,0%,Bếp điện/từ,0
203293287,7676712991627,Nồi cơm điện Toshiba RC-10NMFVN(WT)- Hàng chính hãng,2390000,2390000,0,0,0.0,0,2.0,available,backorder,18634,Toshiba,toshiba,255891.0,Điện Máy Vạn Kim Tín,242923.0,1882.0,Điện Gia Dụng,2026-08-15,True,2.0,False,2390000,0.0,0.0,False,>1.5tr,0%,Nồi cơm điện,0
203433719,9978886967924,"Máy nướng bánh sandwich, hotdog, waffle Tiross TS513 - 3 trong 1 - 750W - Hàng chính hãng",900000,900000,0,0,0.0,0,1.0,available,backorder,25706,Tiross,tiross,11119.0,GIA DỤNG VIỆT,10842.0,1882.0,Điện Gia Dụng,2026-08-15,True,1.0,False,900000,0.0,0.0,False,700k-1.5tr,0%,Khác / Chưa phân loại,0
203861600,1394512716990,Máy xay đa năng chân không Kuchenzimmer 9in1 - 002769 - Hàng chính hãng,5542000,7076000,1534000,22,0.0,0,,available,instock,114761,Kuchenzimmer,kuchenzimmer,1.0,Tiki Trading,40395.0,2.0,Root,2026-08-15,False,0.0,False,7076000,21.678914641040137,0.3210853589598628,False,>1.5tr,20-30%,Máy xay,0
204415586,7870872452857,Nồi cơm điện tử Kangaroo 1.8 lít KG18DR7 - Hàng chính hãng,888000,1175000,287000,24,5.0,4,20.0,available,instock,19589,Kangaroo,kangaroo,1.0,Tiki Trading,40395.0,1882.0,Điện Gia Dụng,2026-08-15,True,20.0,False,1175000,24.425531914893618,0.4255319148936181,False,700k-1.5tr,20-30%,Nồi cơm điện,4
205009853,5919591949479,Bếp kính âm 2 từ MH-02I N - Tặng nồi + dung dịch vệ sinh mặt bếp cao cấp - Hàng chính hãng,15700000,15700000,0,0,0.0,0,,available,backorder,212573,Malloca,malloca,155120.0,thietbinhabep,142978.0,1882.0,Điện Gia Dụng,2026-08-15,False,0.0,False,15700000,0.0,0.0,False,>1.5tr,0%,Nồi/Chảo (khác),0
205109273,7761356032994,Bếp kính âm 2 điện MH-732 ER - Tặng đồ xay tiêu + chảo nấu từ cao cấp - Hàng chính hãng,9600000,9600000,0,0,0.0,0,,available,backorder,212573,Malloca,malloca,155120.0,thietbinhabep,142978.0,1882.0,Điện Gia Dụng,2026-08-15,False,0.0,False,9600000,0.0,0.0,False,>1.5tr,0%,Nồi/Chảo (khác),0
205191117,7808110487383,Nồi cơm điện tử Toshiba 1.8 lít RC-18DH2PV(W)- Hàng chính hãng ,1800000,1800000,0,0,0.0,0,,available,backorder,18634,Toshiba,toshiba,255891.0,Điện Máy Vạn Kim Tín,242923.0,1882.0,Điện Gia Dụng,2026-08-15,False,0.0,False,1800000,0.0,0.0,False,>1.5tr,0%,Nồi cơm điện,0
205251409,3836682293123,Nồi cơm điện Locknlock EJR346BLK (Giữ ấm 24h - 5 chế độ nấu - lòng nồi chống dính) 1.2 Lít - Black - Hàng chính hãng,1327620,2289000,961380,42,4.6,190,1001.0,available,instock,48077,LocknLock,locknlock,1.0,Tiki Trading,40395.0,1918.0,Nồi cơm điện tử,2026-08-15,True,1001.0,False,2289000,42.0,0.0,False,700k-1.5tr,30-50%,Nồi cơm điện,193
205478044,4968641726533,Máy hút khói khử mùi âm tủ MH 700GT - Tặng Chảo không dính SA-02 + Bộ lót nồi (4 cái) MST-6667 - Hàng chính hãng,8200000,8200000,0,0,0.0,0,,available,backorder,212573,Malloca,malloca,155120.0,thietbinhabep,142978.0,1882.0,Điện Gia Dụng,2026-08-15,False,0.0,False,8200000,0.0,0.0,False,>1.5tr,0%,Nồi/Chảo (khác),0
205539446,9294937929403,Ấm sắc thuốc Trường An TA 37 Vàng - Điện gia dụng - Siêu thuốc - Hàng chính hãng ,485000,485000,0,0,0.0,0,6.0,available,instock,280915,Trường An,truong-an,11176.0,Công Ty Phong Tiến,10899.0,1882.0,Điện Gia Dụng,2026-08-15,True,6.0,False,485000,0.0,0.0,False,300-700k,0%,Khác / Chưa phân loại,0
205539772,3365741456806,Ấm sắc thuốc Trường An TA 37 Nâu - Siêu thuốc - Siêu điện - Ấm sắc thuốc bằng điện -  Dụng cụ nấu thuốc  -Hàng Việt Nam chính hãng,485000,485000,0,0,0.0,0,6.0,available,instock,280915,Trường An,truong-an,11176.0,Công Ty Phong Tiến,10899.0,1882.0,Điện Gia Dụng,2026-08-15,True,6.0,False,485000,0.0,0.0,False,300-700k,0%,Khác / Chưa phân loại,0
205543197,3336026802293,Ấm sắc thuốc Trường An TA 36 Vàng - Hàng chính hãng - Gốm sứ cao cấp - Điện gia dụng - Siêu thuốc,430000,430000,0,0,4.5,8,37.0,available,instock,280915,Trường An,truong-an,11176.0,Công Ty Phong Tiến,10899.0,1882.0,Điện Gia Dụng,2026-08-15,True,37.0,False,430000,0.0,0.0,False,300-700k,0%,Khác / Chưa phân loại,9
205614481,7790104986751,NỒI ÁP SUẤT PC1906-SMART - HÀNG CHÍNH HÃNG,2310000,2310000,0,0,0.0,0,,available,backorder,185807,Eurosun,eurosun,143120.0,AHA BẾP,132099.0,1882.0,Điện Gia Dụng,2026-08-15,False,0.0,False,2310000,0.0,0.0,False,>1.5tr,0%,Nồi áp suất,0
205615294,5353492833158,NỒI ÁP SUẤT PC1905-HANNOVER - HÀNG CHÍNH HÃNG,2150000,2150000,0,0,0.0,0,,available,backorder,185807,Eurosun,eurosun,143120.0,AHA BẾP,132099.0,1882.0,Điện Gia Dụng,2026-08-15,False,0.0,False,2150000,0.0,0.0,False,>1.5tr,0%,Nồi áp suất,0
205632151,9362830538127,"Ấm siêu tốc, bình đun siêu tốc Sunhouse inox 2 lớp, dung tích 1,8 lit, SHD1351 -Hàng Chính Hãng",285000,285000,0,0,0.0,0,,available,backorder,41048,Sunhouse,sunhouse,247324.0,Cửa hàng Phương Phương,234356.0,2.0,Root,2026-08-15,False,0.0,False,285000,0.0,0.0,False,100-300k,0%,Ấm đun nước/Bình siêu tốc,0
205632153,8462151553734,"Bếp từ đơn Sunhouse SHD6160, Tặng kèm nồi lẩu D26 siêu tiện dụng, Phím bấm điện tử hiển thị tiếng Việt dễ dàng sử dụng- Hàng Chính Hãng",895700,895700,0,0,4.5,2,7.0,available,backorder,41048,Sunhouse,sunhouse,247324.0,Cửa hàng Phương Phương,234356.0,2.0,Root,2026-08-15,True,7.0,False,895700,0.0,0.0,False,700k-1.5tr,0%,Nồi lẩu điện,3
205632165,2645137585263,Bếp Hồng Ngoại Đơn Sunhouse SHD6011 ( không kén nồi ) Hàng Chính Hãngsun,655000,655000,0,0,5.0,2,6.0,available,backorder,41048,Sunhouse,sunhouse,247324.0,Cửa hàng Phương Phương,234356.0,2.0,Root,2026-08-15,True,6.0,False,655000,0.0,0.0,False,300-700k,0%,Nồi/Chảo (khác),22
205632176,8510735732207,"Nồi áp suất điện đa năng SUNHOUSE 5lit SHD1550, Nồi áp suất điện Sunhouse SHD1552 - Hàng chính hãng",1195000,1195000,0,0,0.0,0,5.0,available,backorder,41048,Sunhouse,sunhouse,247324.0,Cửa hàng Phương Phương,234356.0,2.0,Root,2026-08-15,True,5.0,False,1195000,0.0,0.0,False,700k-1.5tr,0%,Nồi áp suất,0
205698315,9915106828281,MÁY HÚT MÙI EUROSUN EH-90CN73 - HÀNG CHÍNH HÃNG,9035000,9035000,0,0,0.0,0,,available,backorder,185807,Eurosun,eurosun,143120.0,AHA BẾP,132099.0,1882.0,Điện Gia Dụng,2026-08-15,False,0.0,False,9035000,0.0,0.0,False,>1.5tr,0%,Máy hút mùi,0
205818604,7331686267487,[HÀNG CHÍNH HÃNG] Máy Ép Chậm Hurom H100S,7900000,7900000,0,0,4.5,4,,upcoming,backorder,146197,Hurom,hurom,,,,,,2026-08-15,False,0.0,True,7900000,0.0,0.0,False,>1.5tr,0%,Máy ép,4
206080133,3935178151615,"Combo 200 Màng Bọc Thực Phẩm Thức Ăn Chống Bụi , Chống Côn Trùng - Hàng Chính Hãng",39000,39000,0,0,0.0,0,6.0,available,instock,5624299,Gro-Fa,gro-fa,158877.0,Liên Minh 1974,146336.0,1882.0,Điện Gia Dụng,2026-08-15,True,6.0,False,39000,0.0,0.0,False,<100k,0%,Khác / Chưa phân loại,0
206659204,4703429466163,"Nồi cơm điện Lock&Lock Compact Rice Cooker 1.2L EJR346BLK - Hàng chính hãng có 5 chế độ nấu, dây điện tháo rời - JoyMall",1327620,2289000,961380,42,5.0,2,11.0,available,backorder,48077,LocknLock,locknlock,38510.0,JoyMall LocknLock Chính Hãng,37780.0,1920.0,Nồi cơm nắp rời,2026-08-15,True,11.0,False,2289000,42.0,0.0,False,700k-1.5tr,30-50%,Nồi cơm điện,2
207195274,5341224467080,Lò vi sóng Electrolux EMM23D22B 23L - Hàng chính hãng - Chỉ giao HCM,2469000,3700000,1231000,33,0.0,0,,available,backorder,19050,Electrolux,electrolux,218.0,Gia Khang,178.0,1882.0,Điện Gia Dụng,2026-08-15,False,0.0,False,3700000,33.27027027027027,0.2702702702702666,False,>1.5tr,30-50%,Lò vi sóng/nướng,0
207200648,3982092387704,Lò vi sóng cơ có nướng Electrolux EMM23K22B - Hàng chính hãng - Chỉ giao HCM,2359000,3100000,741000,24,0.0,0,,available,backorder,19050,Electrolux,electrolux,58532.0,Trương Thiên Long,55298.0,1882.0,Điện Gia Dụng,2026-08-15,False,0.0,False,3100000,23.903225806451616,0.09677419354838435,False,>1.5tr,20-30%,Lò vi sóng/nướng,0
207280538,9218479043222,"Nồi áp suất ga Fujika, nồi hầm đa năng FJ-AG225, dung tích 5 Lít - Hàng Chính Hãng",699000,699000,0,0,0.0,0,5.0,available,backorder,295203,FUJIKA,fujika,203158.0,Bếp Tôi,190191.0,1882.0,Điện Gia Dụng,2026-08-15,True,5.0,False,699000,0.0,0.0,False,300-700k,0%,Nồi áp suất,0
207294432,3957500151861,ẤM ĐUN NƯỚC SIÊU TỐC 2 LỚP KALPEN KK9901 hàng chính hãng,650000,650000,0,0,0.0,0,1.0,available,backorder,5043913,kalpen,kalpen,125683.0,M2P Shop,116136.0,1882.0,Điện Gia Dụng,2026-08-15,True,1.0,False,650000,0.0,0.0,False,300-700k,0%,Ấm đun nước/Bình siêu tốc,0
207341756,9191310796083,"Máy Ép Chậm, Máy Ép Hoa Quả Rau Củ Cho Gia Đình Tiện Dụng BH 12 Tháng – Hàng Nhập Khẩu",5850000,5850000,0,0,0.0,0,,available,backorder,288667,LEXEN,lexen,309300.0,Green Healthy Organic,296861.0,1882.0,Điện Gia Dụng,2026-08-15,False,0.0,False,5850000,0.0,0.0,False,>1.5tr,0%,Máy ép,0
207356443,4565522191436,"Nồi lẩu điện đa năng Ladomax, bếp lẩu điện mini dung tích 4 Lít công suất 1300W HA-237 - Hàng Chính Hãng",466000,466000,0,0,0.0,0,,available,backorder,4514423,Ladomax,ladomax,203158.0,Bếp Tôi,190191.0,1882.0,Điện Gia Dụng,2026-08-15,False,0.0,False,466000,0.0,0.0,False,300-700k,0%,Nồi lẩu điện,0
207947490,6068414047734,Máy xay sinh tố đa năng 3 cối Ladomax HA-9166-3 - Hàng chính hãng,699000,699000,0,0,0.0,0,1.0,available,backorder,4514423,Ladomax,ladomax,69337.0,Home Star Store,64779.0,1882.0,Điện Gia Dụng,2026-08-15,True,1.0,False,699000,0.0,0.0,False,300-700k,0%,Máy xay,0
207948214,4152302436796,Lò vi sóng có nướng Electrolux EMG25D22BM 25 lít - Hàng Chính Hãng,3529000,5099000,1570000,31,0.0,0,,available,backorder,19050,Electrolux,electrolux,218.0,Gia Khang,178.0,1882.0,Điện Gia Dụng,2026-08-15,False,0.0,False,5099000,30.79035104922534,0.2096489507746604,False,>1.5tr,30-50%,Lò vi sóng/nướng,0
208004944,8761827706578,Đèn Khò Gas Đa Năng NaMilux (Đèn Khò Đế)│Có Hệ Thống Đánh Lửa Tự Động│Công Suất 3.0 Kw│Hàng Chính Hãng,279000,379000,100000,26,5.0,6,20.0,available,backorder,113919,NaMilux,namilux,240.0,NaMilux Official Store,198.0,1882.0,Điện Gia Dụng,2026-08-15,True,20.0,False,379000,26.385224274406333,0.3852242744063332,False,100-300k,20-30%,Khác / Chưa phân loại,6
208199236,8535398556584,"Bếp gas Mini NaMilux NH-P2911PS - Công suất tối đa 2,6 KW - hàng chính hãng",339000,459000,120000,26,5.0,26,113.0,available,backorder,113919,NaMilux,namilux,240.0,NaMilux Official Store,198.0,1882.0,Điện Gia Dụng,2026-08-15,True,113.0,False,459000,26.143790849673206,0.14379084967320566,False,300-700k,20-30%,Bếp điện/từ,26
208201620,2383428073099,Nồi cơm điện tử cao tần (IH) Philips HD4539/62 (1.5 lít) - Hàng Chính Hãng,2859000,2859000,0,0,0.0,0,,available,instock,19018,Philips,philips,138278.0,AM MART,127693.0,2.0,Root,2026-08-15,False,0.0,False,2859000,0.0,0.0,False,>1.5tr,0%,Nồi cơm điện,0
208270260,8190221548289,"Máy làm sữa hạt đa năng 9 in1 HÀNG CHÍNH HÃNG EISBAR EB-1858 Công suất 1800W, 1,75L",1540000,1540000,0,0,4.8,4,12.0,available,backorder,7520719,EISBAR,eisbar,199805.0,GIA DỤNG LÀM VƯỜN HOÀNG PHÚ,186838.0,1882.0,Điện Gia Dụng,2026-08-15,True,12.0,False,1540000,0.0,0.0,False,>1.5tr,0%,Máy làm sữa hạt,4
208284259,6424164465879,Bếp Gas Mini Cao Cấp PRO 3S NH-P3033PS│Van Ngắt Gas An Toàn 3 cấp│Công Suất Mạnh 3.1 Kw (2.700 kcal/giờ) - Hàng Chính Hãng,489000,629000,140000,22,5.0,4,31.0,available,backorder,113919,NaMilux,namilux,240.0,NaMilux Official Store,198.0,1882.0,Điện Gia Dụng,2026-08-15,True,31.0,False,629000,22.257551669316374,0.2575516693163742,False,300-700k,20-30%,Bếp điện/từ,4
208619044,6722065892544,Ấm Siêu Tốc 2 Lớp Cuckoo MINIIN- Ấm Đun Nước Siêu Tốc Công Suất Lớn 1500W Dung Tích 2.5L - Hàng Chính Hãng Loại 1,129000,129000,0,0,4.1,19,150.0,available,backorder,5132069,MINIIN,miniin,134678.0,Smarthome29,124367.0,1882.0,Điện Gia Dụng,2026-08-15,True,150.0,False,129000,0.0,0.0,False,100-300k,0%,Ấm đun nước/Bình siêu tốc,19
208648919,1371551147505,Ấm Siêu Tốc Thủy Tinh Cao Cấp COOKDD  MINIIN 2 Lít Model GD -ST16 - Bình Siêu Tốc Có Đèn Led Tự Ngắt Khi Sôi - Hàng Chính Hãng,149000,149000,0,0,3.7,3,11.0,available,backorder,5132069,MINIIN,miniin,134678.0,Smarthome29,124367.0,1882.0,Điện Gia Dụng,2026-08-15,True,11.0,False,149000,0.0,0.0,False,100-300k,0%,Ấm đun nước/Bình siêu tốc,3
208678422,5080375916274,Nồi điện đa năng Bluestone 1.2 lít MPB-7233 - Hàng chính hãng,599000,599000,0,0,0.0,0,1.0,available,backorder,18977,Bluestone,bluestone,162514.0,Long Hưng Official Store,149585.0,1882.0,Điện Gia Dụng,2026-08-15,True,1.0,False,599000,0.0,0.0,False,300-700k,0%,Nồi/Chảo (khác),0
208739377,3022990805144,Máy xay sinh tố Philips HR2221/00 - Hàng chính hãng,1349000,1450000,101000,7,0.0,0,,available,backorder,19018,Philips,philips,162514.0,Long Hưng Official Store,149585.0,1882.0,Điện Gia Dụng,2026-08-15,False,0.0,False,1450000,6.96551724137931,0.03448275862069039,False,700k-1.5tr,0-10%,Máy xay,0
208740637,2391836959631,Nồi nấu chậm Bear 0.8 lít DDZ-A08T8 - Hàng chính hãng,799000,799000,0,0,0.0,0,,available,backorder,198523,Bear,bear,162514.0,Long Hưng Official Store,149585.0,1882.0,Điện Gia Dụng,2026-08-15,False,0.0,False,799000,0.0,0.0,False,700k-1.5tr,0%,Nồi/Chảo (khác),0
209305190,7269854274484,Máy ép trái cây hoa quả tốc độ chậm LEXEN - Hàng Nhập Khẩu,5850000,5850000,0,0,0.0,0,,available,backorder,288667,LEXEN,lexen,309300.0,Green Healthy Organic,296861.0,1882.0,Điện Gia Dụng,2026-08-15,False,0.0,False,5850000,0.0,0.0,False,>1.5tr,0%,Máy ép,0
210145978,3239546778049,"Nồi Nấu Chậm BEAR SUBE003 (DDZ-C25R6) Nấu Cháo Chưng Yến, Tiềm Hấp Tự Động Hoàn Toàn Chống Trào Nước Chống Cháy Dung Tích 2.5L Màu Ngẫu Nhiên - Hàng Chính Hãng",1490000,1490000,0,0,0.0,0,,available,backorder,198523,Bear,bear,20256.0,Telovietnam,19746.0,2.0,Root,2026-08-15,False,0.0,False,1490000,0.0,0.0,False,700k-1.5tr,0%,Nồi/Chảo (khác),0
211957625,7880792944973,Ấm siêu tốc ATS1.8RED hàng chính hãng,949000,949000,0,0,0.0,0,,available,backorder,185817,Arber,arber,1957.0,Bếp Minh Hà,1916.0,1882.0,Điện Gia Dụng,2026-08-15,False,0.0,False,949000,0.0,0.0,False,700k-1.5tr,0%,Ấm đun nước/Bình siêu tốc,0
212053713,5294229177859,Nắp chụp của máy ép điện cỏ lúa mì LEXEN - Hàng chính hãng,300000,300000,0,0,0.0,0,,available,backorder,288667,LEXEN,lexen,309300.0,Green Healthy Organic,296861.0,1882.0,Điện Gia Dụng,2026-08-15,False,0.0,False,300000,0.0,0.0,False,100-300k,0%,Máy ép,0
212470648,8230195874251,Máy xay đa năng Bosch MCM3501M 800W màu đen - Hàng chính hãng,5890000,5890000,0,0,0.0,0,,available,backorder,25229,Bosch,bosch,20256.0,Telovietnam,19746.0,2.0,Root,2026-08-15,False,0.0,False,5890000,0.0,0.0,False,>1.5tr,0%,Máy xay,0
212470656,3523616812750,"Máy xay thịt mini Bosch MMRP1000 400W, 220-240V - Hàng chính hãng",1690000,1690000,0,0,0.0,0,1.0,available,backorder,25229,Bosch,bosch,20256.0,Telovietnam,19746.0,2.0,Root,2026-08-15,True,1.0,False,1690000,0.0,0.0,False,>1.5tr,0%,Máy xay,0
212924631,5459676434879,Máy xay sinh tố Philips HR2221- HÀNG CHÍNH HÃNG,930000,930000,0,0,5.0,3,12.0,available,backorder,19018,Philips,philips,18190.0,Điện máy Sài Gòn,17567.0,1882.0,Điện Gia Dụng,2026-08-15,True,12.0,False,930000,0.0,0.0,False,700k-1.5tr,0%,Máy xay,3
212934100,4847221665522,"Nồi Điện Đa Năng LocknLock Multi Cooker With SS Pot 220-240V, 50/60Hz, 1300-1500W, 4L EJP542NVY – Màu navy - Hàng Chính Hãng",1790000,3700000,1910000,52,0.0,0,2.0,available,backorder,48077,LocknLock,locknlock,88331.0,LATH SHOP,82081.0,1882.0,Điện Gia Dụng,2026-08-15,True,2.0,False,3700000,51.621621621621614,0.37837837837838606,False,>1.5tr,>50%,Nồi/Chảo (khác),0
213564222,9426035932697,Bếp từ đôi Elmich ICE-3495OL - Hàng chính hãng,4800000,6137000,1337000,22,4.1,7,36.0,available,instock,31627,Elmich,elmich,1.0,Tiki Trading,40395.0,23810.0,Bếp điện từ đôi,2026-08-15,True,36.0,False,6137000,21.785888870783772,0.21411112921622788,False,>1.5tr,20-30%,Bếp điện/từ,7
213564231,8636406425706,Ấm đun siêu tốc Smartcook 1.5L KES-3857 - Hàng chính hãng,547000,690000,143000,21,5.0,3,13.0,available,instock,31626,Smartcook,smartcook,1.0,Tiki Trading,40395.0,1931.0,Bình đun siêu tốc,2026-08-15,True,13.0,False,690000,20.724637681159418,0.2753623188405818,False,300-700k,20-30%,Ấm đun nước/Bình siêu tốc,3
213568566,7836215590572,Nồi Cơm Điện Tử Tiger JAX-S10W - 1L - Hàng Chính Hãng,3590000,3590000,0,0,0.0,0,,available,backorder,79440,Tiger,tiger,18190.0,Điện máy Sài Gòn,17567.0,1882.0,Điện Gia Dụng,2026-08-15,False,0.0,False,3590000,0.0,0.0,False,>1.5tr,0%,Nồi cơm điện,0
213585718,2939035888965,Nồi cơm điện tử cao tần Tiger 2 trong 1 JKT-D10V (1.0L)- HÀNG CHÍNH HÃNG,6720000,6720000,0,0,0.0,0,1.0,available,backorder,79440,Tiger,tiger,18190.0,Điện máy Sài Gòn,17567.0,1882.0,Điện Gia Dụng,2026-08-15,True,1.0,False,6720000,0.0,0.0,False,>1.5tr,0%,Nồi cơm điện,0
213599719,2560426883003,Nồi Cơm Điện Tử Tiger JBV-S10W - 1L - Hàng Chính Hãng,2390000,2390000,0,0,4.0,1,7.0,available,backorder,79440,Tiger,tiger,18190.0,Điện máy Sài Gòn,17567.0,1882.0,Điện Gia Dụng,2026-08-15,True,7.0,False,2390000,0.0,0.0,False,>1.5tr,0%,Nồi cơm điện,1
213710700,9591679232386,Máy xay ăn dặm 0.6L Bear QSJ-D02Q1. HÀNG CHÍNH HÃNG,452000,820000,368000,45,4.0,4,44.0,available,instock,198523,Bear,bear,1.0,Tiki Trading,40395.0,1882.0,Điện Gia Dụng,2026-08-15,True,44.0,False,820000,44.87804878048781,0.12195121951219079,False,300-700k,30-50%,Máy xay,4
214113161,1449983515266,Lò vi sóng Electrolux EMM23D22B - Hàng Chính Hãng,2469000,3700000,1231000,33,0.0,0,3.0,available,backorder,19050,Electrolux,electrolux,218.0,Gia Khang,178.0,1882.0,Điện Gia Dụng,2026-08-15,True,3.0,False,3700000,33.27027027027027,0.2702702702702666,False,>1.5tr,30-50%,Lò vi sóng/nướng,0
214143964,3352407185993,"[An Toàn] Ấm Siêu Nấu Thuốc KhoNCC Hàng Chính Hãng - Dùng Mâm Nhiệt - Vỏ Gốm Đúc - Rờ le Ngắt Nhiệt Tự Động - Dung Tích 2,5 Lít - KLM-ASNTM (Ngẫu Nhiên Màu)",288000,288000,0,0,0.0,0,5.0,available,backorder,456513,KHONCC,khoncc,762.0,NhaCungCap,725.0,1882.0,Điện Gia Dụng,2026-08-15,True,5.0,False,288000,0.0,0.0,False,100-300k,0%,Khác / Chưa phân loại,0
214190416,1004765304474,[MUA BẾP TẶNG NỒI] Bếp Từ Đơn Kopper KP01DN - Công Suất 2600W - Hàng Nhập Khẩu,2600000,2600000,0,0,0.0,0,,available,backorder,7488919,KOPPER,kopper,132201.0,HoangLong,122097.0,1882.0,Điện Gia Dụng,2026-08-15,False,0.0,False,2600000,0.0,0.0,False,>1.5tr,0%,Bếp điện/từ,0
214739735,6451347434063,Máy xay đa năng SAMONO SW069 - Hàng chính hãng,379000,399000,20000,5,0.0,0,,available,backorder,5717579,Samono,samono,162514.0,Long Hưng Official Store,149585.0,1882.0,Điện Gia Dụng,2026-08-15,False,0.0,False,399000,5.012531328320802,0.012531328320801727,False,300-700k,0-10%,Máy xay,0
215183786,4909148050201,Cối xay cà phê Campingmoon CC-115 / Campingmoon CC-152 [Hàng chính hãng],1525000,1525000,0,0,0.0,0,,available,backorder,539055,CAMPINGMOON,campingmoon,161884.0,Quân Camp,149025.0,1882.0,Điện Gia Dụng,2026-08-15,False,0.0,False,1525000,0.0,0.0,False,>1.5tr,0%,Khác / Chưa phân loại,0
215284442,9873530958438,"Máy Pha Cà Phê Espresso Gemilai CRM3007I Chuyên Nghiệp Thương Mại, Kiểm Soát Nhiệt Độ Pha Tùy Ý, Pha Cafe Espresso 58mm, Định Lượng Tùy Ý, Hàng Chính Hãng",11990000,11990000,0,0,0.0,0,,available,backorder,490817,Gemilai,gemilai,179711.0,ĐIỆN MÁY HTG,166747.0,1882.0,Điện Gia Dụng,2026-08-15,False,0.0,False,11990000,0.0,0.0,False,>1.5tr,0%,Máy pha cà phê,0
215870681,2346721279392,Máy xay sinh tố Bluestone BLB-5310 - Hàng chính hãng,999000,1099000,100000,9,0.0,0,,available,backorder,18977,Bluestone,bluestone,162514.0,Long Hưng Official Store,149585.0,1882.0,Điện Gia Dụng,2026-08-15,False,0.0,False,1099000,9.099181073703367,0.0991810737033667,False,700k-1.5tr,0-10%,Máy xay,0
216335339,5421983644495,Máy nghiền thực phẩm thừa Teka TR 550 115890013 - Hàng chính hãng,6950000,6950000,0,0,0.0,0,1.0,available,backorder,243639,Teka,teka,168717.0,KingHomeSG,155753.0,1882.0,Điện Gia Dụng,2026-08-15,True,1.0,False,6950000,0.0,0.0,False,>1.5tr,0%,Khác / Chưa phân loại,0
217021130,7819968435934,"Máy Làm Sữa Hạt Đa Năng CB9250 Công Nghệ Giảm Ồn Cách Âm, Hút Chân Không, Hẹn Giờ Thông Minh, Xay Nấu 4D Mịn, Chống Dính Chống Khê, Tự Vệ Sinh, Hàng Chính Hãng",2790000,2790000,0,0,5.0,1,3.0,available,backorder,8095661,HIGH TECH GATE,high-tech-gate,179711.0,ĐIỆN MÁY HTG,166747.0,1882.0,Điện Gia Dụng,2026-08-15,True,3.0,False,2790000,0.0,0.0,False,>1.5tr,0%,Máy làm sữa hạt,1
217032170,5483007280746,"Máy Khử Khuẩn Thực Phẩm Morphy Richards MR2061 Khử Trùng Rau Củ Quả, Thịt Cá Hải Sản, Sục Ozone Rửa Thực Phẩm 2 in 1, Hàng Chính Hãng",2290000,2290000,0,0,4.5,4,22.0,available,backorder,217293,morphy richards,morphy-richards,179711.0,ĐIỆN MÁY HTG,166747.0,1882.0,Điện Gia Dụng,2026-08-15,True,22.0,False,2290000,0.0,0.0,False,>1.5tr,0%,Khác / Chưa phân loại,4
217333722,3841825408666,"Nồi Cơm Điện Tử Philips HD4518/62, Công Nghệ Nấu 3D 18 Chức Năng, 940W-1.8Lit, Hàng Chính Hãng",1989000,1989000,0,0,0.0,0,4.0,available,instock,19018,Philips,philips,138278.0,AM MART,127693.0,1882.0,Điện Gia Dụng,2026-08-15,True,4.0,False,1989000,0.0,0.0,False,>1.5tr,0%,Nồi cơm điện,0
217523963,8832132593041,Máy chế biến thực phẩm Panasonic MK-F310WRA - HÀNG CHÍNH HÃNG,2592000,2592000,0,0,0.0,0,9.0,available,instock,18804,Panasonic,panasonic,138278.0,AM MART,127693.0,1882.0,Điện Gia Dụng,2026-08-15,True,9.0,False,2592000,0.0,0.0,False,>1.5tr,0%,Khác / Chưa phân loại,0
217577436,1369814934624,Nồi nấu cháo chậm điện tử Bennix BN-30SLC - Dung tích 3 lít - 8 chức năng - 3 tốc độ nấu - Hàng chính hãng,1299000,1299000,0,0,0.0,0,2.0,available,backorder,421431,Bennix,bennix,125683.0,M2P Shop,116136.0,1882.0,Điện Gia Dụng,2026-08-15,True,2.0,False,1299000,0.0,0.0,False,700k-1.5tr,0%,Nồi/Chảo (khác),0
217826264,6481994941001,"Nồi Chiên Không Dầu 8L , Nướng Gà Cả Con - Bếp  Nướng Công Nghệ Mới Nhất - Hàng Loại 1 - Hàng Chính Hãng MINIIN",599000,599000,0,0,0.0,0,7.0,available,backorder,5132069,MINIIN,miniin,134678.0,Smarthome29,124367.0,1882.0,Điện Gia Dụng,2026-08-15,True,7.0,False,599000,0.0,0.0,False,300-700k,0%,Nồi chiên không dầu,0
219405876,7428223239610,Nồi chiên không dầu 9L Sunhouse SHD4035 - Hàng Chính Hãng (chỉ giao HN và một số khu vực),1850000,1850000,0,0,0.0,0,,available,backorder,41048,Sunhouse,sunhouse,11119.0,GIA DỤNG VIỆT,10842.0,2.0,Root,2026-08-15,False,0.0,False,1850000,0.0,0.0,False,>1.5tr,0%,Nồi chiên không dầu,0
222659653,7537705534655,Máy xay thực phẩm đa năng Braun CH3011BK Hàng Chính Hãng,1190000,1190000,0,0,0.0,0,,available,backorder,48649,Braun,braun,20256.0,Telovietnam,19746.0,1882.0,Điện Gia Dụng,2026-08-15,False,0.0,False,1190000,0.0,0.0,False,700k-1.5tr,0%,Máy xay,0
222662955,5537042998591,Lẩu điện đa năng 2 trong 1 Kuvings KMG-200B [4.0L] Màu đỏ - Hàng chính hãng,3990000,3990000,0,0,0.0,0,,available,backorder,41435,Kuvings,kuvings,190480.0,Kuvings Official Store,177513.0,1882.0,Điện Gia Dụng,2026-08-15,False,0.0,False,3990000,0.0,0.0,False,>1.5tr,0%,Khác / Chưa phân loại,0
225206271,8061772556822,Máy xay đa năng Panasonic MJ-DJ31SRA - Hàng chính hãng,4514000,4514000,0,0,0.0,0,,available,backorder,18804,Panasonic,panasonic,162514.0,Long Hưng Official Store,149585.0,1882.0,Điện Gia Dụng,2026-08-15,False,0.0,False,4514000,0.0,0.0,False,>1.5tr,0%,Máy xay,0
225262575,1198922311056,Ấm sắc thuốc Trường An TA37LBĐ Vàng - Hàng chính hãng,585000,585000,0,0,0.0,0,6.0,available,instock,280915,Trường An,truong-an,11176.0,Công Ty Phong Tiến,10899.0,1882.0,Điện Gia Dụng,2026-08-15,True,6.0,False,585000,0.0,0.0,False,300-700k,0%,Khác / Chưa phân loại,0
225970415,8061196843085,Nồi cơm nắp gài Panasonic 1 lít SR-MVN10FRAX - Hàng chính hãng,990000,990000,0,0,0.0,0,,available,backorder,18804,Panasonic,panasonic,184067.0,Siêu Thị Điện Máy Từ Sơn,171102.0,1882.0,Điện Gia Dụng,2026-08-15,False,0.0,False,990000,0.0,0.0,False,700k-1.5tr,0%,Nồi cơm điện,0
226350113,8094640252178,Lò vi sóng Electrolux 23 lít EMM23K22B - Hàng chính hãng,2299000,3000000,701000,23,0.0,0,,available,backorder,19050,Electrolux,electrolux,218.0,Gia Khang,178.0,1882.0,Điện Gia Dụng,2026-08-15,False,0.0,False,3000000,23.366666666666667,0.36666666666666714,False,>1.5tr,20-30%,Lò vi sóng/nướng,0
229726546,8374448999352,"Nồi Nấu Chậm, Nồi Chưng Yến BEAR SUBE002 Kèm 3 Thố, 1 Lồng Hấp Dung Tích 1.6 Lít Công Suất 200 W - Hàng Chính Hãng",1190000,1190000,0,0,0.0,0,,available,backorder,198523,Bear,bear,20256.0,Telovietnam,19746.0,2.0,Root,2026-08-15,False,0.0,False,1190000,0.0,0.0,False,700k-1.5tr,0%,Nồi/Chảo (khác),0
229810556,5530095847833,Nồi Chiên Hơi Nước Olivo SF16 Pro Thương Hiệu Mỹ Cao Cấp Gồm 56 Chức Năng Làm Bít Tết Hấp Nướng Hâm Nóng Đa Năng Dung Tích 16 Lít Công Suất 2800 W - Hàng Chính Hãng,5490000,5490000,0,0,0.0,0,,available,backorder,4256753,OLIVO,olivo,20256.0,Telovietnam,19746.0,1882.0,Điện Gia Dụng,2026-08-15,False,0.0,False,5490000,0.0,0.0,False,>1.5tr,0%,Nồi/Chảo (khác),0
230206935,6154612569416,Nồi cơm điện tử Panasonic 0.7 lít SR-DB071KRA - Hàng chính hãng,2710000,2710000,0,0,0.0,0,,available,backorder,18804,Panasonic,panasonic,162514.0,Long Hưng Official Store,149585.0,1882.0,Điện Gia Dụng,2026-08-15,False,0.0,False,2710000,0.0,0.0,False,>1.5tr,0%,Nồi cơm điện,0
239647974,6003366676463,Ấm đun nước siêu tốc Inox 304 giữ nhiệt Orkin Thái Lan OR515 dung tích 2 lít - Hàng chính hãng,811750,955000,143250,15,0.0,0,2.0,available,backorder,471405,orkin,orkin,4568.0,Săn Hàng Rẻ,4515.0,1882.0,Điện Gia Dụng,2026-08-15,True,2.0,False,955000,15.0,0.0,False,700k-1.5tr,10-20%,Ấm đun nước/Bình siêu tốc,0
242091127,7056849268140,Máy pha cà phê Espresso Delonghi ECP35.31.W - HÀNG NHẬP KHẨU,5569000,5569000,0,0,0.0,0,,available,backorder,155511,DeLonghi,delonghi,208147.0,SIÊU THỊ ĐIỆN MÁY GIA DỤNG,195179.0,1882.0,Điện Gia Dụng,2026-08-15,False,0.0,False,5569000,0.0,0.0,False,>1.5tr,0%,Máy pha cà phê,0
242092149,5372386897202,Máy pha cà phê Espresso BioloMix CM6866  - HÀNG NHẬP KHẨU,4380000,4380000,0,0,0.0,0,,available,backorder,470671,Biolomix,biolomix,208147.0,SIÊU THỊ ĐIỆN MÁY GIA DỤNG,195179.0,1882.0,Điện Gia Dụng,2026-08-15,False,0.0,False,4380000,0.0,0.0,False,>1.5tr,0%,Máy pha cà phê,0
242351052,6878913929812,BÀN CHẢI ĐÁNH RĂNG SÓNG ÂM KU DIAMOND CLEAN 9500 - Hàng chính hãng,1850000,1850000,0,0,0.0,0,,available,backorder,542729,Kuchen,kuchen,9652.0,Crep Protect VN,9454.0,1882.0,Điện Gia Dụng,2026-08-15,False,0.0,False,1850000,0.0,0.0,False,>1.5tr,0%,Khác / Chưa phân loại,0
242472520,9798691424008,Máy nấu chậm Sous vide  Công suất1200W BioloMix SV-8008 - Hàng chính hãng,3147000,3147000,0,0,0.0,0,,available,backorder,470671,Biolomix,biolomix,208147.0,SIÊU THỊ ĐIỆN MÁY GIA DỤNG,195179.0,1882.0,Điện Gia Dụng,2026-08-15,False,0.0,False,3147000,0.0,0.0,False,>1.5tr,0%,Khác / Chưa phân loại,0
242628121,2793044426251,"[Hàng Chính Hãng Cao Cấp] Bếp Gas Âm Kính Sunhouse Mama MMB6632 - Bảo hành chính hãng 24 tháng tại nhà - Họng thép không gỉ cao cấp, không sinh muội đen",3000000,3000000,0,0,0.0,0,,available,backorder,41048,Sunhouse,sunhouse,307706.0,LYTY SHOP,295262.0,1882.0,Điện Gia Dụng,2026-08-15,False,0.0,False,3000000,0.0,0.0,False,>1.5tr,0%,Bếp điện/từ,0
242658881,8423530215581,"Lẩu điện Sunhouse SHD4527, Công suất 1300W, Dung tích 3.5 lít, Hàng chính hãng - Bảo hành 12 tháng",488998,488998,0,0,0.0,0,2.0,available,backorder,41048,Sunhouse,sunhouse,247324.0,Cửa hàng Phương Phương,234356.0,2.0,Root,2026-08-15,True,2.0,False,488998,0.0,0.0,False,300-700k,0%,Khác / Chưa phân loại,0
242698651,8350867709151,Bếp điện từ kết hợp hồng ngoại KAFF KF-FL101IC - Sản phẩm chính hãng,10800000,10800000,0,0,0.0,0,1.0,available,backorder,154221,KAFF,kaff,9666.0,Kaff Official Store,9466.0,1882.0,Điện Gia Dụng,2026-08-15,True,1.0,False,10800000,0.0,0.0,False,>1.5tr,0%,Bếp điện/từ,0
242747639,6608138717176,"Nồi điện đa năng Locknlock Electric multi pot EJP436IVY 220V, 50Hz, 600W, 1.5L- Màu ngà - Hàng chính hãng",757480,1306000,548520,42,4.8,143,967.0,available,instock,48077,LocknLock,locknlock,1.0,Tiki Trading,40395.0,5313.0,Nồi đa năng,2026-08-15,True,967.0,False,1306000,42.0,0.0,False,700k-1.5tr,30-50%,Nồi/Chảo (khác),147
243046185,8778972162290,"Nồi cơm điện mini 0.6L Ladomax HA-7106 thiết kế nắp rời thoát hơi tốt, nấu cơm cho 1 - 2 người ăn - Hàng chính hãng",459000,459000,0,0,3.0,1,2.0,available,backorder,4514423,Ladomax,ladomax,69337.0,Home Star Store,64779.0,1882.0,Điện Gia Dụng,2026-08-15,True,2.0,False,459000,0.0,0.0,False,300-700k,0%,Nồi cơm điện,1
243047470,4188546286559,Bếp gas âm đa vùng nấu KAFF KF-321 - Hàng chính hãng,4380000,4380000,0,0,0.0,0,,available,backorder,154221,KAFF,kaff,9666.0,Kaff Official Store,9466.0,1882.0,Điện Gia Dụng,2026-08-15,False,0.0,False,4380000,0.0,0.0,False,>1.5tr,0%,Bếp điện/từ,0
243054278,2050321581605,"Máy hút khói, khử mùi cổ điển KAFF KF-788I - Hàng chính hãng",4680000,4680000,0,0,0.0,0,,available,backorder,154221,KAFF,kaff,9666.0,Kaff Official Store,9466.0,1882.0,Điện Gia Dụng,2026-08-15,False,0.0,False,4680000,0.0,0.0,False,>1.5tr,0%,Khác / Chưa phân loại,0
243091088,2879485798334,Bếp gas kết hợp từ KAFF KF-088IG - Sản phẩm chính hãng,10800000,10800000,0,0,0.0,0,,available,backorder,154221,KAFF,kaff,9666.0,Kaff Official Store,9466.0,1882.0,Điện Gia Dụng,2026-08-15,False,0.0,False,10800000,0.0,0.0,False,>1.5tr,0%,Bếp điện/từ,0
243091863,2445264519056,Máy Pha Cafe Tự Động Brewico C11 - Hàng Chính Hãng,26070000,26070000,0,0,0.0,0,,available,backorder,8163849,Brewico,brewico,329102.0,Máy Pha Cà Phê Brewico,316787.0,1882.0,Điện Gia Dụng,2026-08-15,False,0.0,False,26070000,0.0,0.0,False,>1.5tr,0%,Máy pha cà phê,0
243100558,5871178662257,Nồi cơm điện Electrolux 1.8L E7RC1-650K - Màu đen - Nhiều chương trình nấu đa dạng - Bảo hành 2 năm toàn quốc [Hàng chính hãng].,2019000,3100000,1081000,35,0.0,0,,available,backorder,19050,Electrolux,electrolux,218.0,Gia Khang,178.0,1882.0,Điện Gia Dụng,2026-08-15,False,0.0,False,3100000,34.87096774193548,0.12903225806451957,False,>1.5tr,30-50%,Nồi cơm điện,0
245772517,5325200148328,"Nồi chiên không dầu MNM15L-B/W dung tích lớn 15L với 10 chế độ tự động, hàng chính hãng COBI Home",5990000,5990000,0,0,0.0,0,,available,backorder,5207367,COBI Home,cobi-home,40615.0,COBI HOME,39652.0,1882.0,Điện Gia Dụng,2026-08-15,False,0.0,False,5990000,0.0,0.0,False,>1.5tr,0%,Nồi chiên không dầu,0
246164197,3270827393646,Nồi nấu nhanh NH09 Ngọc - Hàng chính hãng - Gốm sứ cao cấp  - Điện gia dụng,695000,695000,0,0,0.0,0,1.0,available,instock,280915,Trường An,truong-an,11176.0,Công Ty Phong Tiến,10899.0,1882.0,Điện Gia Dụng,2026-08-15,True,1.0,False,695000,0.0,0.0,False,300-700k,0%,Nồi/Chảo (khác),0
246769928,8071149210840,"nồi lẩu mi ni đa năng 1 tầng,2 tầng lõi vân đá 18cm trống dính",205850,205850,0,0,0.0,0,,available,backorder,7333645,AV CRYSTAN,av-crystan,110384.0,Gia dung thong minh Anh Vu,102171.0,1882.0,Điện Gia Dụng,2026-08-15,False,0.0,False,205850,0.0,0.0,False,100-300k,0%,Nồi lẩu điện,0
246770067,1090346834392,"nồi lẩu điện mi ni nấu cơm,cháo 18cm đa nămg",224250,224250,0,0,0.0,0,2.0,available,backorder,7333645,AV CRYSTAN,av-crystan,110384.0,Gia dung thong minh Anh Vu,102171.0,1882.0,Điện Gia Dụng,2026-08-15,True,2.0,False,224250,0.0,0.0,False,100-300k,0%,Nồi lẩu điện,0
246770208,4865243550321,"Máy Xay Cafe Cầm Tay Bosch Haushalt TSM6A013B, Coffee Grinder, Máy Nghiền Cà Phê, Nhập Đức, Hàng Chính Hãng",1490000,1490000,0,0,0.0,0,8.0,available,backorder,25229,Bosch,bosch,20256.0,Telovietnam,19746.0,2.0,Root,2026-08-15,True,8.0,False,1490000,0.0,0.0,False,700k-1.5tr,0%,Máy xay,0
246922036,7168628474646,Máy xay đa năng Braun FP3132BK hàng chính hãng,3890000,3890000,0,0,0.0,0,1.0,available,backorder,48649,Braun,braun,20256.0,Telovietnam,19746.0,1882.0,Điện Gia Dụng,2026-08-15,True,1.0,False,3890000,0.0,0.0,False,>1.5tr,0%,Máy xay,0
247017045,3427060389569,Bếp Nướng Điện EG-JL1506 - Hàng Chính Hãng,500000,500000,0,0,0.0,0,18.0,available,backorder,5074117,GDV,gdv,11119.0,GIA DỤNG VIỆT,10842.0,1882.0,Điện Gia Dụng,2026-08-15,True,18.0,False,500000,0.0,0.0,False,300-700k,0%,Bếp điện/từ,0
247348898,5942880920345,Lò vi sóng kết hợp nướng KAFF KF-MC02 - Sản phẩm chính hãng,7800000,7800000,0,0,0.0,0,,available,backorder,154221,KAFF,kaff,9666.0,Kaff Official Store,9466.0,1882.0,Điện Gia Dụng,2026-08-15,False,0.0,False,7800000,0.0,0.0,False,>1.5tr,0%,Lò vi sóng/nướng,0
247717569,7798811181529,Lò vi sóng Panasonic NN-SM33NBYUE Dung tích 25L - Hàng chính hãng,2824000,3550000,726000,20,5.0,2,24.0,available,instock,18804,Panasonic,panasonic,1.0,Tiki Trading,40395.0,1882.0,Điện Gia Dụng,2026-08-15,True,24.0,False,3550000,20.450704225352112,0.4507042253521121,False,>1.5tr,10-20%,Lò vi sóng/nướng,2
248212385,8658305349558,"Máy xay hạt cà phê Espresso 31 chế độ Olodo cao cấp CG-001, công suất 165W - Hàng chính hãng",2049000,2049000,0,0,0.0,0,,available,backorder,8203586,Olodo,olodo,256950.0,THẾ GIỚI ĐIỆN MÁY GIA DỤNG,243982.0,1882.0,Điện Gia Dụng,2026-08-15,False,0.0,False,2049000,0.0,0.0,False,>1.5tr,0%,Máy xay,0
248428639,1167394968523,"Máy ép chậm Tahawa TH-MK313 thiết kế sáng đẹp với gam màu bạc sang trọng, kết cấu vững chắc đặt gọn trên kệ bếp, bàn ăn",2603000,2767000,164000,6,0.0,0,,available,backorder,749127,TAHAWA,tahawa,115692.0,TAHAWA NHẬT BẢN,106979.0,1882.0,Điện Gia Dụng,2026-08-15,False,0.0,False,2767000,5.926996747379834,0.0730032526201656,False,>1.5tr,0-10%,Máy ép,0
248445651,7694400616687,"Nồi điện ceramic đa năng Tahawa TH-271 1.5 lít xanh với thiết kế xinh xắn nhỏ gọn, thuận tiện đặt trên bàn ăn, điều khiển bằng núm xoay dễ dùng, có xửng hấp kèm theo, giúp bạn chế biến những món ăn như mì, lẩu, món xào,...",1072000,1139000,67000,6,0.0,0,,available,backorder,749127,TAHAWA,tahawa,115692.0,TAHAWA NHẬT BẢN,106979.0,1882.0,Điện Gia Dụng,2026-08-15,False,0.0,False,1139000,5.88235294117647,0.11764705882352988,False,700k-1.5tr,0-10%,Nồi/Chảo (khác),0
248643747,3733807251900,Nồi lẩu nướng đa năng Bear DHG-C40W2 - Hàng Chính Hãng,1590000,1590000,0,0,0.0,0,6.0,available,backorder,198523,Bear,bear,20256.0,Telovietnam,19746.0,1882.0,Điện Gia Dụng,2026-08-15,True,6.0,False,1590000,0.0,0.0,False,>1.5tr,0%,Nồi lẩu điện,0
248703712,4029724244291,"Máy pha cà phê mini Bear, máy pha cafe mini tự động dung tích 600ml, Anh Lam Store - Hàng chính hãng",506000,550000,44000,8,3.8,5,32.0,available,backorder,198523,Bear,bear,236185.0,Minhlam Store,223217.0,2.0,Root,2026-08-15,True,32.0,False,550000,8.0,0.0,False,300-700k,0-10%,Máy pha cà phê,5
248703752,2810483507936,"Máy xay thịt đa năng Bear, cối thủy tinh 2L 300W, dao 4 lưỡi thép không gỉ, Anh Lam Store - Hàng nhập khẩu",451000,475000,24000,5,0.0,0,1.0,available,backorder,198523,Bear,bear,236185.0,Minhlam Store,223217.0,2.0,Root,2026-08-15,True,1.0,False,475000,5.052631578947368,0.05263157894736814,False,300-700k,0-10%,Máy xay,0
248703808,3619695213687,"Máy đánh trứng trộn bột cầm tay Bear, 10 tốc độ, CS 300W, Anh Lam Store - Hàng nhập khẩu",355000,375000,20000,5,0.0,0,2.0,available,backorder,198523,Bear,bear,236185.0,Minhlam Store,223217.0,2.0,Root,2026-08-15,True,2.0,False,375000,5.333333333333334,0.3333333333333339,False,300-700k,0-10%,Máy đánh trứng,0
249017748,7064763883415,Ấm sắc thuốc Trường An TA36L Vàng - Hàng chính hãng,505000,505000,0,0,0.0,0,,available,instock,280915,Trường An,truong-an,11176.0,Công Ty Phong Tiến,10899.0,1882.0,Điện Gia Dụng,2026-08-15,False,0.0,False,505000,0.0,0.0,False,300-700k,0%,Khác / Chưa phân loại,0
249026128,6355195950573,"Nồi Hầm Cháo Chậm Lòng Sứ Cắm Điện 1,5L VÀ 2,5L , Nồi Hầm, Kho, Nấu Giữ Nhiệt Tốt, Siêu Tiện Dụng - HÀNG CHÍNH HÃNG MINIIN",159000,159000,0,0,2.5,2,21.0,available,backorder,5132069,MINIIN,miniin,134678.0,Smarthome29,124367.0,1882.0,Điện Gia Dụng,2026-08-15,True,21.0,False,159000,0.0,0.0,False,100-300k,0%,Nồi/Chảo (khác),2
249033668,7886297059045,Lò vi sóng cơ không nướng Panasonic SM33NBYUE dung tích 25L hàng chính hãng,3800000,3800000,0,0,0.0,0,,available,backorder,18804,Panasonic,panasonic,125683.0,M2P Shop,116136.0,1882.0,Điện Gia Dụng,2026-08-15,False,0.0,False,3800000,0.0,0.0,False,>1.5tr,0%,Lò vi sóng/nướng,0
249205436,2933453038232,"Nồi cơm điện nắp gài Sharp 1.8 lít KS-N191ETV""SB""/N192ETV""SP"" - Hàng chính hãng",1349000,1690000,341000,20,0.0,0,,available,backorder,19912,Sharp,sharp,162514.0,Long Hưng Official Store,149585.0,1882.0,Điện Gia Dụng,2026-08-15,False,0.0,False,1690000,20.17751479289941,0.17751479289940875,False,700k-1.5tr,10-20%,Nồi cơm điện,0
249220007,4743603924258,ẤM SIÊU TỐC DELONGHI KBOV 2001 AZ Hàng Chính Hãng,2990000,2990000,0,0,0.0,0,,available,backorder,155511,DeLonghi,delonghi,20256.0,Telovietnam,19746.0,1882.0,Điện Gia Dụng,2026-08-15,False,0.0,False,2990000,0.0,0.0,False,>1.5tr,0%,Ấm đun nước/Bình siêu tốc,0
249663070,5557958341848,Nồi cơm điện cao tần Locknlock IH pressure rice cooker EJR526GRY (1.8 Lít)- Hàng chính hãng,3981600,8295000,4313400,52,4.2,6,21.0,available,instock,8126075,Lock&Lock,lock-lock,1.0,Tiki Trading,40395.0,2.0,Root,2026-08-15,True,21.0,False,8295000,52.0,0.0,False,>1.5tr,>50%,Nồi cơm điện,6
249920598,1488339349776,Bếp từ đôi Arber ABEI605 Hàng Chính Hãng,4490000,4490000,0,0,0.0,0,,available,backorder,185817,Arber,arber,20256.0,Telovietnam,19746.0,1882.0,Điện Gia Dụng,2026-08-15,False,0.0,False,4490000,0.0,0.0,False,>1.5tr,0%,Bếp điện/từ,0
249934454,3224944527646,BẾP TỪ ĐÔI ARBER ABEI602 Hàng Chính hãng,4590000,4590000,0,0,0.0,0,,available,backorder,185817,Arber,arber,20256.0,Telovietnam,19746.0,1882.0,Điện Gia Dụng,2026-08-15,False,0.0,False,4590000,0.0,0.0,False,>1.5tr,0%,Bếp điện/từ,0
250019516,5523181686815,Bếp từ đôi Arber AB679 hàng chính Hãng,5490000,5490000,0,0,0.0,0,1.0,available,backorder,185817,Arber,arber,20256.0,Telovietnam,19746.0,1882.0,Điện Gia Dụng,2026-08-15,True,1.0,False,5490000,0.0,0.0,False,>1.5tr,0%,Bếp điện/từ,0
250972058,5037796277914,MÁY LÀM SỮA HẠT ARBER MLSH9W1.75LRED hàng chính Hãng,2090000,2090000,0,0,0.0,0,,available,backorder,185817,Arber,arber,20256.0,Telovietnam,19746.0,1882.0,Điện Gia Dụng,2026-08-15,False,0.0,False,2090000,0.0,0.0,False,>1.5tr,0%,Máy làm sữa hạt,0
251245473,2106652043963,Ấm siêu tốc Arber AST1.5A hàng chính hãng,1250000,1250000,0,0,0.0,0,,available,backorder,185817,Arber,arber,20256.0,Telovietnam,19746.0,1882.0,Điện Gia Dụng,2026-08-15,False,0.0,False,1250000,0.0,0.0,False,700k-1.5tr,0%,Ấm đun nước/Bình siêu tốc,0
252011932,1286553434080,"Bếp gas dương cao cấp để bàn Paloma PA-J51CE, sản xuất và nhập khẩu nguyên chiếc từ Nhật Bản, mẫu mới nhất, nhỏ gọn [Hàng chính hãng][Hàng nhập khẩu]",2690000,2690000,0,0,5.0,2,3.0,available,backorder,154812,Paloma,paloma,326267.0,PiTi Homy,313949.0,1882.0,Điện Gia Dụng,2026-08-15,True,3.0,False,2690000,0.0,0.0,False,>1.5tr,0%,Bếp điện/từ,2
252050668,8502018746234,"Bếp gas dương cao cấp để bàn Paloma PA-J61PE, sản xuất và nhập khẩu nguyên chiếc từ Nhật Bản, mẫu mới nhất của hãng [Hàng chính hãng][Hàng nhập khẩu]",3850000,3850000,0,0,0.0,0,4.0,available,backorder,154812,Paloma,paloma,326267.0,PiTi Homy,313949.0,1882.0,Điện Gia Dụng,2026-08-15,True,4.0,False,3850000,0.0,0.0,False,>1.5tr,0%,Bếp điện/từ,0
252053212,9588879983679,Ấm Siêu Tốc 2 Lớp Inox Sunhouse SHD1351 1.8L Hàng Chính Hãng - Sản Phẩm Cần Thiết Cho Mọi Gia Đình,229976,229976,0,0,0.0,0,4.0,available,backorder,41048,Sunhouse,sunhouse,247324.0,Cửa hàng Phương Phương,234356.0,1882.0,Điện Gia Dụng,2026-08-15,True,4.0,False,229976,0.0,0.0,False,100-300k,0%,Ấm đun nước/Bình siêu tốc,0
252591341,2858272085377,MÁY TRỘN BỘT ĐA NĂNG BOSCH SERIES 2 MUMS2EW20 Hàng Chính Hãng,5990000,5990000,0,0,0.0,0,,available,backorder,25229,Bosch,bosch,20256.0,Telovietnam,19746.0,1882.0,Điện Gia Dụng,2026-08-15,False,0.0,False,5990000,0.0,0.0,False,>1.5tr,0%,Khác / Chưa phân loại,0
252676959,2169768722529,Máy xay sinh tố Promix 819B - Hàng chính hãng,3080000,3080000,0,0,0.0,0,,available,backorder,718799,Promix,promix,168717.0,KingHomeSG,155753.0,1882.0,Điện Gia Dụng,2026-08-15,False,0.0,False,3080000,0.0,0.0,False,>1.5tr,0%,Máy xay,0
252678321,6509340084177,"Nồi áp suất điện Kalpen P1 dung tích 2.5L, điều khiển cơ, chuẩn Đức - Hàng chính hãng",2270000,2270000,0,0,0.0,0,1.0,available,backorder,5043913,kalpen,kalpen,125683.0,M2P Shop,116136.0,1882.0,Điện Gia Dụng,2026-08-15,True,1.0,False,2270000,0.0,0.0,False,>1.5tr,0%,Nồi áp suất,0
252876244,9798038014058,"Bếp Điện Từ Đôi Nhập Khẩu SOWUN SW1228 ,Mặt Kính CERAMIC Cao Cấp Chịu Được Nhiệt Độ Cao",8990000,8990000,0,0,0.0,0,,available,backorder,148255,Sowun,sowun,20256.0,Telovietnam,19746.0,1882.0,Điện Gia Dụng,2026-08-15,False,0.0,False,8990000,0.0,0.0,False,>1.5tr,0%,Bếp điện/từ,0
252908708,2546809093476,Bếp đơn hồng ngoại Junger MT-92 2200W Không kén nồi Hàng Chính Hãng Bảo Hành 12 Tháng,2490000,2490000,0,0,3.0,2,6.0,available,backorder,401183,Junger,junger,333510.0,JUNGER OFFICIAL,321200.0,2.0,Root,2026-08-15,True,6.0,False,2490000,0.0,0.0,False,>1.5tr,0%,Nồi/Chảo (khác),2
252908724,4245462549613,Bếp đơn hồng ngoại JUNGER IS-19 2000W Không kén nồi Hàng Chính Hãng Bảo Hành 12 Tháng,2800000,2800000,0,0,0.0,0,,available,backorder,401183,Junger,junger,333510.0,JUNGER OFFICIAL,321200.0,2.0,Root,2026-08-15,False,0.0,False,2800000,0.0,0.0,False,>1.5tr,0%,Nồi/Chảo (khác),0
252912306,3992855171170,"Máy ép trái cây Panasonic MJ-CB100WRA- Ép nhanh, nghiền kiệt với mâm xay 100% kim loại - Công suất 1000W- Dung tích 2.0L - Vệ sinh bằng máy rửa bát - Hàng chính hãng",2195000,2730000,535000,20,0.0,0,,available,instock,18804,Panasonic,panasonic,1.0,Tiki Trading,40395.0,1882.0,Điện Gia Dụng,2026-08-15,False,0.0,False,2730000,19.5970695970696,0.4029304029304015,False,>1.5tr,10-20%,Máy ép,0
252912809,4846365763286,"Máy ép trái cây Panasonic MJ-CB600SRA- Ép nhanh, nghiền kiệt với mâm xay 100% kim loại - Công suất 1000W- Dung tích 2.0L - Vệ sinh bằng máy rửa bát - Hàng chính hãng",2932000,3510000,578000,16,0.0,0,2.0,available,instock,18804,Panasonic,panasonic,1.0,Tiki Trading,40395.0,1882.0,Điện Gia Dụng,2026-08-15,True,2.0,False,3510000,16.467236467236468,0.46723646723646794,False,>1.5tr,10-20%,Máy ép,0
253096072,5242711793392,Bếp đôi điện từ hồng ngoại JUNGER MTD-18 3400W Không kén nồi Hàng Chính Hãng Bảo Hành 36 Tháng,25990000,25990000,0,0,0.0,0,,available,backorder,401183,Junger,junger,333510.0,JUNGER OFFICIAL,321200.0,2.0,Root,2026-08-15,False,0.0,False,25990000,0.0,0.0,False,>1.5tr,0%,Nồi/Chảo (khác),0
253133968,8449718938666,"Nồi Chưng Yến Tiềm Thuốc Bắc, Nấu Cháo Bear SUBE002 Gồm 3 Thố Và Khay Hấp Dung Tích 1.6 Lít Công Suất 200 W - Hàng Chính Hãng",1190000,1190000,0,0,0.0,0,1.0,available,backorder,198523,Bear,bear,20256.0,Telovietnam,19746.0,1882.0,Điện Gia Dụng,2026-08-15,True,1.0,False,1190000,0.0,0.0,False,700k-1.5tr,0%,Nồi/Chảo (khác),0
253220025,7737050074561,Máy pha cà phê viên nén - Carraro C+ Hàng Chính Hãng,3490000,3490000,0,0,0.0,0,,available,backorder,145461,Krups,krups,20256.0,Telovietnam,19746.0,1882.0,Điện Gia Dụng,2026-08-15,False,0.0,False,3490000,0.0,0.0,False,>1.5tr,0%,Máy pha cà phê,0
253229968,2170929953949,Máy pha cà phê dạng hạt Krups KM8328 hàng Chính Hãng,4990000,4990000,0,0,0.0,0,,available,backorder,145461,Krups,krups,20256.0,Telovietnam,19746.0,1882.0,Điện Gia Dụng,2026-08-15,False,0.0,False,4990000,0.0,0.0,False,>1.5tr,0%,Máy pha cà phê,0
253277256,7428161663751,"Bếp gas đơn nội địa Nhật cao cấp Paloma PA-E18S, 1 lò nấu, nhỏ gọn phù hợp phòng nhỏ, nấu 1-4 người, dùng bình gas 12kg - Hàng chính hãng - hàng nhập khẩu",1750000,1750000,0,0,5.0,1,2.0,available,backorder,154812,Paloma,paloma,326267.0,PiTi Homy,313949.0,1882.0,Điện Gia Dụng,2026-08-15,True,2.0,False,1750000,0.0,0.0,False,>1.5tr,0%,Bếp điện/từ,1
253304394,7890762760957,"Bếp gas dương để bàn Paloma PA-7PEJ PA-7PSJ, sản xuất và nhập khẩu nguyên chiếc từ Nhật Bản - Hàng chính hãng - Hàng nhập khẩu",3650000,3650000,0,0,0.0,0,,available,backorder,154812,Paloma,paloma,326267.0,PiTi Homy,313949.0,1882.0,Điện Gia Dụng,2026-08-15,False,0.0,False,3650000,0.0,0.0,False,>1.5tr,0%,Bếp điện/từ,0
253310509,5347601902755,Máy pha cà phê Ariete 1318/00 Espresso Moderna Hàng Chính Hãng,7300000,7300000,0,0,0.0,0,,available,backorder,230363,Ariete,ariete,20256.0,Telovietnam,19746.0,1882.0,Điện Gia Dụng,2026-08-15,False,0.0,False,7300000,0.0,0.0,False,>1.5tr,0%,Máy pha cà phê,0
253310695,8906850472617,Máy pha cà phê 2 trong 1 Ariete 1313 AR0 Hàng Chính Hãng,13900000,13900000,0,0,0.0,0,,available,backorder,230363,Ariete,ariete,20256.0,Telovietnam,19746.0,1882.0,Điện Gia Dụng,2026-08-15,False,0.0,False,13900000,0.0,0.0,False,>1.5tr,0%,Máy pha cà phê,0
253402486,7380604553597,"Bếp gas dương để bàn Paloma PA-6MEJ, sản xuất và nhập khẩu nguyên chiếc từ Nhật Bản, mặt bếp tráng men, đầu đốt ECO Hàng chính hãng hàng nhập khẩu",3050000,3050000,0,0,0.0,0,2.0,available,backorder,154812,Paloma,paloma,326267.0,PiTi Homy,313949.0,1882.0,Điện Gia Dụng,2026-08-15,True,2.0,False,3050000,0.0,0.0,False,>1.5tr,0%,Bếp điện/từ,0
253414554,3880426338593,"Bếp gas dương để bàn Paloma PA-7MEJ, sản xuất và nhập khẩu nguyên chiếc từ Nhật Bản, mặt bếp tráng men Hàng chính hãng Hàng nhập khẩu",3250000,3250000,0,0,0.0,0,1.0,available,backorder,154812,Paloma,paloma,326267.0,PiTi Homy,313949.0,1882.0,Điện Gia Dụng,2026-08-15,True,1.0,False,3250000,0.0,0.0,False,>1.5tr,0%,Bếp điện/từ,0
253426615,3051253352742,Ấm đun siêu tốc Lock&Lock thân bình thủy tinh dung tích 1.8L công suất 1850W EJK418SLV - Hàng chính hãng,475000,950000,475000,50,4.0,1,32.0,available,backorder,48077,LocknLock,locknlock,195742.0,Điện Máy Vymart,182775.0,2.0,Root,2026-08-15,True,32.0,False,950000,50.0,0.0,False,300-700k,30-50%,Ấm đun nước/Bình siêu tốc,4
253468505,6359304460984,"MÁY XAY SINH TỐ SEOUL ST-2015, Công suất 1500W, Hàng Chính Hãng",2390000,2390000,0,0,5.0,1,3.0,available,backorder,891093,SEOUL,seoul,20256.0,Telovietnam,19746.0,1882.0,Điện Gia Dụng,2026-08-15,True,3.0,False,2390000,0.0,0.0,False,>1.5tr,0%,Máy xay,1
254137839,6645886599137,Máy xay sinh tố SUNHOUSE SHD5114 - Hàng chính hãng,637000,650000,13000,2,5.0,2,10.0,available,backorder,41048,Sunhouse,sunhouse,173338.0,SMARTWATCH,160374.0,1882.0,Điện Gia Dụng,2026-08-15,True,10.0,False,650000,2.0,0.0,False,300-700k,0-10%,Máy xay,2
254901652,4798956730794,Máy đánh trứng Bluestone HMB-6338 - Hàng chính hãng,869000,899000,30000,3,0.0,0,1.0,available,backorder,18977,Bluestone,bluestone,162514.0,Long Hưng Official Store,149585.0,1882.0,Điện Gia Dụng,2026-08-15,True,1.0,False,899000,3.337041156840934,0.33704115684093416,False,700k-1.5tr,0-10%,Máy đánh trứng,0
257848360,2966316349170,Túi hút chân không Bluestone VBB-2121 - Hàng chính hãng ,159000,199000,40000,20,0.0,0,1.0,available,backorder,18977,Bluestone,bluestone,162514.0,Long Hưng Official Store,149585.0,1882.0,Điện Gia Dụng,2026-08-15,True,1.0,False,199000,20.100502512562816,0.10050251256281584,False,100-300k,10-20%,Máy hút chân không,0
258673061,7816452440120,Ca Đong 5L Có Vạch Chia Định Lượng Dập Nổi - Chuẩn nhựa PP,92000,92000,0,0,0.0,0,1.0,available,backorder,7333645,AV CRYSTAN,av-crystan,110384.0,Gia dung thong minh Anh Vu,102171.0,1882.0,Điện Gia Dụng,2026-08-15,True,1.0,False,92000,0.0,0.0,False,<100k,0%,Khác / Chưa phân loại,0
258773595,2357557257943,Máy ép trái cây Panasonic MJ-CS101WRA - Hàng chính hãng,1343000,1814000,471000,26,4.0,1,9.0,available,instock,18804,Panasonic,panasonic,1.0,Tiki Trading,40395.0,1882.0,Điện Gia Dụng,2026-08-15,True,9.0,False,1814000,25.964718853362733,0.03528114663726711,False,700k-1.5tr,20-30%,Máy ép,3
259520281,3254532872344,Bếp đơn điện từ Iruka I-111 (2000W) - Hàng chính hãng,1717000,2990000,1273000,43,5.0,1,4.0,available,instock,31703,Iruka,iruka,1.0,Tiki Trading,40395.0,2.0,Root,2026-08-15,True,4.0,False,2990000,42.575250836120404,0.4247491638795964,False,>1.5tr,30-50%,Khác / Chưa phân loại,1
260224713,4258310970877,Nồi cơm điện cao tần Daewoo DWRC-G411IH 1.8L lòng nồi cực dày - Hàng chính hãng,1598000,2990000,1392000,47,3.3,3,14.0,available,instock,20056,Daewoo,daewoo,1.0,Tiki Trading,40395.0,1882.0,Điện Gia Dụng,2026-08-15,True,14.0,False,2990000,46.55518394648829,0.4448160535117083,False,>1.5tr,30-50%,Nồi cơm điện,3
260429021,8782624401642,"Nồi cơm điện đa chức năng Daewoo DWRC-Y201 1L lòng nồi phủ Ceramic, với 7 chế độ nấu -Hàng chính hãng",987000,1890000,903000,48,4.0,2,8.0,available,instock,20056,Daewoo,daewoo,1.0,Tiki Trading,40395.0,1918.0,Nồi cơm điện tử,2026-08-15,True,8.0,False,1890000,47.77777777777778,0.22222222222222143,False,700k-1.5tr,30-50%,Nồi cơm điện,2
260571097,1393442712690,Nồi cơm điện đa chức năng Daewoo DWRC-210MW 1 Lít lòng nồi phủ Ceramic - Hàng chính hãng,996000,1890000,894000,47,0.0,0,2.0,available,instock,20056,Daewoo,daewoo,1.0,Tiki Trading,40395.0,1882.0,Điện Gia Dụng,2026-08-15,True,2.0,False,1890000,47.3015873015873,0.30158730158729696,False,700k-1.5tr,30-50%,Nồi cơm điện,0
260805888,5793606501255,Nồi cơm điện cao tần 5L Saiko IH-5500T Hàng Chính hãng,2480000,2480000,0,0,0.0,0,,available,backorder,145019,Saiko,saiko,20256.0,Telovietnam,19746.0,1882.0,Điện Gia Dụng,2026-08-15,False,0.0,False,2480000,0.0,0.0,False,>1.5tr,0%,Nồi cơm điện,0
260812277,2301002398998,"Máy Làm Sữa Hạt Đa Năng Mini UNIE UMB10 (Model New) 8 Chức Năng, Dung Tích 1L - Hàng Chính Hãng",1469000,2500000,1031000,41,5.0,5,21.0,available,backorder,577673,UNIE,unie,195742.0,Điện Máy Vymart,182775.0,1882.0,Điện Gia Dụng,2026-08-15,True,21.0,False,2500000,41.24,0.240000000000002,False,700k-1.5tr,30-50%,Máy làm sữa hạt,5
261988180,6967337489824,"Máy Làm Sữa Hạt Đa Năng Mini Unie UMB10 (Model New) 8 Chức Năng, Dung Tích 1L - Hàng Chính Hãng",1469000,2500000,1031000,41,4.8,5,8.0,available,backorder,577673,UNIE,unie,195742.0,Điện Máy Vymart,182775.0,1882.0,Điện Gia Dụng,2026-08-15,True,8.0,False,2500000,41.24,0.240000000000002,False,700k-1.5tr,30-50%,Máy làm sữa hạt,5
263079158,7840851318716,Máy Đánh Trứng Philips HR3745/00 (450W) - Hàng Chính Hãng,1169000,1499000,330000,22,5.0,2,22.0,available,instock,19018,Philips,philips,1.0,Tiki Trading,40395.0,2108.0,Máy đánh trứng,2026-08-15,True,22.0,False,1499000,22.01467645096731,0.014676450967311183,False,700k-1.5tr,20-30%,Máy đánh trứng,4
263084581,1540991729781,"MÁY ĐÁNH TRỨNG, TRỘN BỘT CẦM TAY WMF KULT S 300W hàng Chính hãng",1550000,1550000,0,0,0.0,0,,available,backorder,247725,WMF,wmf,20256.0,Telovietnam,19746.0,1882.0,Điện Gia Dụng,2026-08-15,False,0.0,False,1550000,0.0,0.0,False,>1.5tr,0%,Máy đánh trứng,0
263104016,3321143169743,Bếp nướng gas đa năng Namilux GM2520PS - Hàng chính hãng,1090000,1090000,0,0,0.0,0,,available,backorder,113919,NaMilux,namilux,69337.0,Home Star Store,64779.0,1882.0,Điện Gia Dụng,2026-08-15,False,0.0,False,1090000,0.0,0.0,False,700k-1.5tr,0%,Bếp điện/từ,0
263208137,6907944888636,Nồi Cơm Điện Tử Bear 3L Lòng Nồi 5 Lớp Đa Năng Nấu Cơm Nấu Cháo Hầm Hấp Hâm Nóng Hẹn Giờ Lên Đến 12 Tiếng SB-NC30A - HÀNG CHÍNH HÃNG,1017000,1990000,973000,49,5.0,2,6.0,available,instock,198523,Bear,bear,1.0,Tiki Trading,40395.0,5313.0,Nồi đa năng,2026-08-15,True,6.0,False,1990000,48.89447236180904,0.10552763819095645,False,700k-1.5tr,30-50%,Nồi cơm điện,2
263274083,7537331170801,Máy Pha Cà Phê Mini Bear Nhỏ Gọn Tiện Dụng Pha Trà Pha Coffee Tự Động Giữ Ấm Loại Bỏ Cặn SB-CF06A HÀNG CHÍNH HÃNG,890000,890000,0,0,5.0,1,4.0,available,backorder,198523,Bear,bear,20256.0,Telovietnam,19746.0,1882.0,Điện Gia Dụng,2026-08-15,True,4.0,False,890000,0.0,0.0,False,700k-1.5tr,0%,Máy pha cà phê,1
263274099,7520484270414,"Nồi Lẩu Đa Năng Bear 4,5L 6 Chức Năng Nấu Tiết Kiệm Điện Chống Dính Cao Cấp Chiên Nướng Lẩu Nấu Hầm Ninh SB-NL45K HÀNG CHÍNH HÃNG",1356000,2500000,1144000,46,4.5,2,29.0,available,instock,198523,Bear,bear,1.0,Tiki Trading,40395.0,1895.0,Nồi lẩu điện,2026-08-15,True,29.0,False,2500000,45.76,0.240000000000002,False,700k-1.5tr,30-50%,Nồi lẩu điện,2
263415768,6694929532282,Nồi cơm điện nắp rời 1.2L Hàng Chính Hãng,440000,440000,0,0,0.0,0,,available,backorder,51924,Bigsun,bigsun,338581.0,GIA DỤNG BIGSUN,326287.0,1882.0,Điện Gia Dụng,2026-08-15,False,0.0,False,440000,0.0,0.0,False,300-700k,0%,Nồi cơm điện,0
263486958,7733235416229,Nồi cơm điện tử áp suất kép Cuckoo CRP-ST1010FW (1.8L) (màu trắng) - Hàng Chính Hãng,5606000,7990000,2384000,30,5.0,1,4.0,available,backorder,20439,Cuckoo,cuckoo,29960.0,CUCKOO Store,29294.0,1882.0,Điện Gia Dụng,2026-08-15,True,4.0,False,7990000,29.837296620775973,0.1627033792240269,False,>1.5tr,20-30%,Nồi cơm điện,1
263488400,9030804681487,Nồi cơm điện tử áp suất kép Cuckoo CRP-ST1010FG (1.8L) - Hàng Chính Hãng,5606000,7990000,2384000,30,5.0,1,7.0,available,backorder,20439,Cuckoo,cuckoo,29960.0,CUCKOO Store,29294.0,1882.0,Điện Gia Dụng,2026-08-15,True,7.0,False,7990000,29.837296620775973,0.1627033792240269,False,>1.5tr,20-30%,Nồi cơm điện,1
263488604,4868925067649,Nồi cơm điện tử áp suất kép Cuckoo 1.08L CRP-ST0610FG - Lòng nồi phủ men Xwall độc quyền - Bảng điều khiển thông minh - Nhiều chế độ nấu ăn - Sản xuất tại Hàn- Hàng chính hãng Cuckoovina Quốc- Chính hàng Cuckoovina,4990000,6990000,2000000,29,5.0,1,5.0,available,backorder,20439,Cuckoo,cuckoo,29960.0,CUCKOO Store,29294.0,1882.0,Điện Gia Dụng,2026-08-15,True,5.0,False,6990000,28.612303290414882,0.3876967095851178,False,>1.5tr,20-30%,Nồi cơm điện,1
263515676,7475029439873,Nồi nấu nhanh NK07 nâu - Hàng chính hãng - Gốm sứ cao cấp  - Điện gia dụng,275000,275000,0,0,0.0,0,4.0,available,instock,280915,Trường An,truong-an,11176.0,Công Ty Phong Tiến,10899.0,1882.0,Điện Gia Dụng,2026-08-15,True,4.0,False,275000,0.0,0.0,False,100-300k,0%,Nồi/Chảo (khác),0
263517257,2077348895359,Nồi cơm điện tử áp suất cao tần Cuckoo 1.8L CRP-CHSS1009FN (Màu nâu) - Hàng chính hãng,9549000,11362000,1813000,16,0.0,0,,available,backorder,20439,Cuckoo,cuckoo,29960.0,CUCKOO Store,29294.0,1882.0,Điện Gia Dụng,2026-08-15,False,0.0,False,11362000,15.956697764478085,0.04330223552191548,False,>1.5tr,10-20%,Nồi cơm điện,0
263558488,9560356600300,Bình đun siêu tốc inox cao cấp tiết kiệm điện [Hàng Chính Hãng],150000,150000,0,0,0.0,0,,available,backorder,51924,Bigsun,bigsun,338581.0,GIA DỤNG BIGSUN,326287.0,1882.0,Điện Gia Dụng,2026-08-15,False,0.0,False,150000,0.0,0.0,False,100-300k,0%,Ấm đun nước/Bình siêu tốc,0
263564121,1707307605967,NỒI ÁP SUẤT ĐIỆN SEOUL TSU-300A Hàng chính hãng,1590000,1590000,0,0,5.0,1,4.0,available,backorder,891093,SEOUL,seoul,20256.0,Telovietnam,19746.0,1882.0,Điện Gia Dụng,2026-08-15,True,4.0,False,1590000,0.0,0.0,False,>1.5tr,0%,Nồi áp suất,1
263580135,7925404163031,Bếp điện từ Elmich ICE-1832,1333000,1859000,526000,28,5.0,7,29.0,available,instock,31627,Elmich,elmich,1.0,Tiki Trading,40395.0,2.0,Root,2026-08-15,True,29.0,False,1859000,28.294782140935986,0.2947821409359861,False,700k-1.5tr,20-30%,Bếp điện/từ,7
263586550,1005010264013,Máy làm sữa hạt Elmich CBE3902 mẫu mới 2023 điều khiển cảm ứng - Hàng chính hãng,2400000,3068000,668000,22,5.0,16,103.0,available,instock,31627,Elmich,elmich,1.0,Tiki Trading,40395.0,1882.0,Điện Gia Dụng,2026-08-15,True,103.0,False,3068000,21.773142112125164,0.22685788787483574,False,>1.5tr,20-30%,Máy làm sữa hạt,16
263752079,8593211984086,Máy xay hạt cà phê cao cấp Shardor CG836B - Công suất 150W - Hàng Nhập Khẩu,1480000,1480000,0,0,0.0,0,4.0,available,backorder,4675605,Shardor,shardor,112115.0,TỔNG KHO ĐIỆN MÁY - GIA DỤNG,103730.0,1882.0,Điện Gia Dụng,2026-08-15,True,4.0,False,1480000,0.0,0.0,False,700k-1.5tr,0%,Máy xay,0
263795961,8707709118387,Bếp Từ Công Nghiệp Kocher CI-3600F. Hàng Chính Hãng,6000000,6000000,0,0,0.0,0,,available,backorder,273635,Kocher,kocher,143120.0,AHA BẾP,132099.0,2.0,Root,2026-08-15,False,0.0,False,6000000,0.0,0.0,False,>1.5tr,0%,Bếp điện/từ,0
263795963,9397848207984,Bếp Từ Công Nghiệp Kocher CI-3500C . Hàng Chính Hãng,6100000,6100000,0,0,0.0,0,,available,backorder,273635,Kocher,kocher,143120.0,AHA BẾP,132099.0,2.0,Root,2026-08-15,False,0.0,False,6100000,0.0,0.0,False,>1.5tr,0%,Bếp điện/từ,0
263960485,7730267899477,Máy xay sinh tố cầm tay Bear BL-B35V1 - Hàng chính hãng,590000,590000,0,0,0.0,0,2.0,available,backorder,198523,Bear,bear,162514.0,Long Hưng Official Store,149585.0,1882.0,Điện Gia Dụng,2026-08-15,True,2.0,False,590000,0.0,0.0,False,300-700k,0%,Máy xay,0
263967937,1195253014306,Máy pha cà phê Bear SB-CF06A - Hàng chính hãng,890000,890000,0,0,0.0,0,,available,backorder,198523,Bear,bear,20256.0,Telovietnam,19746.0,24040.0,Máy pha cà phê gia đình,2026-08-15,False,0.0,False,890000,0.0,0.0,False,700k-1.5tr,0%,Máy pha cà phê,0
263968636,9497286941349,Nồi cơm điện tử Bear SB-NC30A - Hàng chính hãng,1590000,1590000,0,0,0.0,0,,available,backorder,198523,Bear,bear,162514.0,Long Hưng Official Store,149585.0,1882.0,Điện Gia Dụng,2026-08-15,False,0.0,False,1590000,0.0,0.0,False,>1.5tr,0%,Nồi cơm điện,0
263968727,6684602310558,Máy xay ăn dặm Bear QSJ-D02Q1 - Hàng chính hãng,790000,790000,0,0,1.0,1,2.0,available,backorder,198523,Bear,bear,162514.0,Long Hưng Official Store,149585.0,1882.0,Điện Gia Dụng,2026-08-15,True,2.0,False,790000,0.0,0.0,False,700k-1.5tr,0%,Máy xay,1
267176389,6898757099574,"Máy hút mùi Germatek GE-0508 (Hàng chính hãng, BH 36 tháng)",8500000,8500000,0,0,0.0,0,,available,backorder,8050969,GERMATEK,germatek,316126.0,GIA DỤNG INOX,303724.0,1882.0,Điện Gia Dụng,2026-08-15,False,0.0,False,8500000,0.0,0.0,False,>1.5tr,0%,Máy hút mùi,0
267630521,9244833350681,Máy pha cà phê BOSCH TKA8013 pha 10-15 tách/ lần Hàng chính hãng,2490000,2490000,0,0,0.0,0,1.0,available,backorder,25229,Bosch,bosch,20256.0,Telovietnam,19746.0,1882.0,Điện Gia Dụng,2026-08-15,True,1.0,False,2490000,0.0,0.0,False,>1.5tr,0%,Máy pha cà phê,0
270075472,5716358696089,Máy pha cà phê Delonghi EC9155.GR hàng chính hãng,29900000,29900000,0,0,0.0,0,,available,backorder,155511,DeLonghi,delonghi,20256.0,Telovietnam,19746.0,1882.0,Điện Gia Dụng,2026-08-15,False,0.0,False,29900000,0.0,0.0,False,>1.5tr,0%,Máy pha cà phê,0
270161132,6175684386955,Máy Làm Sữa Chua Bear SB-SC10C (8 Thố Sứ) - Bản Quốc Tế - Hàng chính hãng,1090000,1090000,0,0,0.0,0,,available,backorder,198523,Bear,bear,20256.0,Telovietnam,19746.0,1882.0,Điện Gia Dụng,2026-08-15,False,0.0,False,1090000,0.0,0.0,False,700k-1.5tr,0%,Máy làm sữa chua,0
270297454,5262831496952,"Máy Hút Chân Không Thực Phẩm TT68 Không Kén Túi, Ép Chân Không Khô và Ướt, Hàng Chính Hãng",1790000,1790000,0,0,5.0,1,26.0,available,backorder,7863833,HighTechGate,hightechgate,179711.0,ĐIỆN MÁY HTG,166747.0,1882.0,Điện Gia Dụng,2026-08-15,True,26.0,False,1790000,0.0,0.0,False,>1.5tr,0%,Máy hút chân không,1
270659988,6733700308899,Máy làm sữa hạt mini SEKA SK320 PRO - 1.2 lít - 800W - 5 chức năng - Hàng chính hãng,594000,1000000,406000,41,0.0,0,2.0,available,backorder,632677,SEKA,seka,360957.0,Seka Official Store,348665.0,1882.0,Điện Gia Dụng,2026-08-15,True,2.0,False,1000000,40.6,0.3999999999999986,False,300-700k,30-50%,Máy làm sữa hạt,0
270669092,2957300083719,(Hàng chính hãng) Máy pha cà phê điện cầm tay Outin Nano Portable Espresso Machine,4190000,4190000,0,0,5.0,3,4.0,available,backorder,8201370,outin,outin,341640.0,MAI Outdoors,329346.0,1882.0,Điện Gia Dụng,2026-08-15,True,4.0,False,4190000,0.0,0.0,False,>1.5tr,0%,Máy pha cà phê,3
270682688,8044025902278,Bếp Gas 2 Chiều NaMilux NH-P2915PS│Sử Dụng Được Lon Gas Mini Và Bình Gas Lớn (4-12 Kg)│Van Ngắt Gas An Toàn 2 Cấp (Double Safety)│Hàng Chính Hãng,369000,419000,50000,12,5.0,3,10.0,available,backorder,113919,NaMilux,namilux,240.0,NaMilux Official Store,198.0,1882.0,Điện Gia Dụng,2026-08-15,True,10.0,False,419000,11.933174224343675,0.06682577565632464,False,300-700k,10-20%,Bếp điện/từ,3
270702405,2353911426748,Nồi cơm điện tử Sharp 1.1 lít KS-COM110DV - Hàng chính hãng,1690000,1990000,300000,15,0.0,0,2.0,available,backorder,19912,Sharp,sharp,162514.0,Long Hưng Official Store,149585.0,1882.0,Điện Gia Dụng,2026-08-15,True,2.0,False,1990000,15.07537688442211,0.07537688442210921,False,>1.5tr,10-20%,Nồi cơm điện,0
270840043,9988712055929,Nồi cơm điện tử áp suất Cuckoo 1.8 lít CRP-R1000F màu đen - lòng nồi chống dính cao cấp phủ Xwall Diamond -Sản xuất tại Hàn Quốc - bản Quốc Tế tiếng Anh - Hàng chính hãng Cuckoo Việt Nam,4390000,5390000,1000000,19,5.0,3,7.0,available,backorder,20439,Cuckoo,cuckoo,29960.0,CUCKOO Store,29294.0,1882.0,Điện Gia Dụng,2026-08-15,True,7.0,False,5390000,18.552875695732837,0.4471243042671631,False,>1.5tr,10-20%,Nồi cơm điện,4
270993448,1238765259076,Bếp đôi điện từ hồng ngoại JUNGER CEJ-203-IF 4200W Không kén nồi Hàng Chính Hãng Bảo Hành 36 Tháng,12990000,12990000,0,0,5.0,1,1.0,available,backorder,401183,Junger,junger,333510.0,JUNGER OFFICIAL,321200.0,1882.0,Điện Gia Dụng,2026-08-15,True,1.0,False,12990000,0.0,0.0,False,>1.5tr,0%,Nồi/Chảo (khác),1
271192862,7983696028916,(Hàng chính hãng) Túi đựng máy pha cà phê Outin Protective Case,910000,910000,0,0,5.0,1,2.0,available,backorder,8201370,outin,outin,341640.0,MAI Outdoors,329346.0,1882.0,Điện Gia Dụng,2026-08-15,True,2.0,False,910000,0.0,0.0,False,700k-1.5tr,0%,Máy pha cà phê,1
271199608,1931759872579,"Máy làm sữa hạt Elmich CBE-3904OL, công suất 800W, 7 chế độ nấu được thiết lập sẵn, lưỡi dao 3 tầng 8 cánh giúp xay nhuyễn - Hàng chính hãng",1800000,2301000,501000,22,4.8,103,661.0,available,instock,31627,Elmich,elmich,1.0,Tiki Trading,40395.0,2025.0,Máy làm sữa đậu nành,2026-08-15,True,661.0,False,2301000,21.773142112125164,0.22685788787483574,False,>1.5tr,20-30%,Máy làm sữa hạt,103
271199618,3681042080026,Máy xay sinh tố cầm tay Elmich BLE 3889 (55W) - Hàng chính hãng,587000,959000,372000,39,4.1,16,161.0,available,instock,31627,Elmich,elmich,1.0,Tiki Trading,40395.0,24062.0,Máy xay sinh tố gia đình,2026-08-15,True,161.0,False,959000,38.79040667361836,0.2095933263816434,False,300-700k,30-50%,Máy xay,16
271260665,6790988734567,Máy xay hạt cà phê cao cấp CASO Barista Flavour Hàng chính hãng,3990000,3990000,0,0,0.0,0,,available,backorder,456363,Caso,caso,20256.0,Telovietnam,19746.0,1882.0,Điện Gia Dụng,2026-08-15,False,0.0,False,3990000,0.0,0.0,False,>1.5tr,0%,Máy xay,0
271271395,7714910797639,Bếp từ đôi độc quyền trên TIKI KF-FL9889II - Hàng chính hãng KAFF,15800000,15800000,0,0,0.0,0,,available,backorder,154221,KAFF,kaff,296453.0,KAFF Official,283798.0,1882.0,Điện Gia Dụng,2026-08-15,False,0.0,False,15800000,0.0,0.0,False,>1.5tr,0%,Bếp điện/từ,0
271289099,3956108987018,"Máy Làm Sữa Hạt, Máy Nấu Sữa Hạt OSTMARS Hàng Chính Hãng MINIIN 800ml - 8 Chức Năng Xay Nấu Tiện Lợi",459000,459000,0,0,4.5,43,256.0,available,backorder,5132069,MINIIN,miniin,134678.0,Smarthome29,124367.0,1882.0,Điện Gia Dụng,2026-08-15,True,256.0,False,459000,0.0,0.0,False,300-700k,0%,Khác / Chưa phân loại,43
271316754,3252827954439,"Nồi điện đa năng Locknlock Electric Multipot EJP134IVY - Tay cầm cách nhiệt - Nắp trong suốt - Chống dính - Đường kính 27cm - Dung tích 5L - 220V, 50Hz, 1350W - Hàng chính hãng",1318920,2274000,955080,42,4.7,20,76.0,available,instock,48077,LocknLock,locknlock,1.0,Tiki Trading,40395.0,1882.0,Điện Gia Dụng,2026-08-15,True,76.0,False,2274000,42.0,0.0,False,700k-1.5tr,30-50%,Nồi/Chảo (khác),20
271332826,1951155089107,"Mâm chia lửa XOÁY, đầu đốt dành cho bếp gas Rinnai LỚN, NHỎ có Đầu hâm SEN ĐỒNG hàng nhập khẩu - Điện lạnh Thuận Dung",55000,55000,0,0,5.0,1,4.0,available,backorder,5307993,Thuận Dung,thuan-dung,6878.0,VẬT TƯ ĐIỆN LẠNH THUẬN DUNG,6714.0,1882.0,Điện Gia Dụng,2026-08-15,True,4.0,False,55000,0.0,0.0,False,<100k,0%,Bếp điện/từ,1
271336915,4290815032886,"Kiềng bếp gas 5 chân + Khay mâm inox dùng cho các loại bếp dương kính, bếp đơn, bếp đôi hàng nhập khẩu - Điện lạnh Thuận Dung",29000,29000,0,0,0.0,0,2.0,available,backorder,5307993,Thuận Dung,thuan-dung,6878.0,VẬT TƯ ĐIỆN LẠNH THUẬN DUNG,6714.0,1882.0,Điện Gia Dụng,2026-08-15,True,2.0,False,29000,0.0,0.0,False,<100k,0%,Bếp điện/từ,0
271354938,2035268334345,"Nồi điện đa năng Locknlock Electric Multipot EJP124IVY - Tay cầm cách nhiệt - Nắp trong suốt - Chống dính - Đường kính 23cm - Dung tích 3L - 220V, 50Hz, 1000W - Màu ngà - Hàng chính hãng",960480,1656000,695520,42,4.8,41,401.0,available,instock,48077,LocknLock,locknlock,1.0,Tiki Trading,40395.0,5313.0,Nồi đa năng,2026-08-15,True,401.0,False,1656000,42.0,0.0,False,700k-1.5tr,30-50%,Nồi/Chảo (khác),41
271356501,1904355748505,"Bếp hồng ngoại mini Locknlock Mini infrared cooker EJI136IVY - Phù hợp tất cả loại nồi có đường kính 14cm - Mặt bếp bằng kính - Tự động tắt - 220V, 50Hz, 1300W - Hàng chính hãng",1242360,2142000,899640,42,4.6,11,55.0,available,instock,48077,LocknLock,locknlock,1.0,Tiki Trading,40395.0,1882.0,Điện Gia Dụng,2026-08-15,True,55.0,False,2142000,42.0,0.0,False,700k-1.5tr,30-50%,Bếp điện/từ,11
271365029,5181735161346,Máy pha cà phê Delonghi ICM15210.1 - Hàng chính hãng,1790000,1790000,0,0,0.0,0,4.0,available,backorder,155511,DeLonghi,delonghi,168717.0,KingHomeSG,155753.0,1882.0,Điện Gia Dụng,2026-08-15,True,4.0,False,1790000,0.0,0.0,False,>1.5tr,0%,Máy pha cà phê,0
271421776,7578697727055,Nồi lẩu đa năng Locknlock EJP154IVY (4.5 Lít - 1500W) - Hàng Chính Hãng,2588540,4463000,1874460,42,4.8,12,87.0,available,instock,48077,LocknLock,locknlock,1.0,Tiki Trading,40395.0,1882.0,Điện Gia Dụng,2026-08-15,True,87.0,False,4463000,42.0,0.0,False,>1.5tr,30-50%,Nồi lẩu điện,12
271600658,9219003359983,Máy Xay Sinh Tố Công Nghiệp Saiko BLG-2000S 2000W - 2L Hàng chính hãng,2380000,2380000,0,0,0.0,0,,available,backorder,145019,Saiko,saiko,20256.0,Telovietnam,19746.0,1882.0,Điện Gia Dụng,2026-08-15,False,0.0,False,2380000,0.0,0.0,False,>1.5tr,0%,Máy xay,0
271613407,7327633733230,"Máy Làm Sữa Hạt Cao Cấp SEKA E500 Chống Ồn, Chống Trào, Dung Tích 1.5L,10 Chức Năng (Model New) - Hàng Chính Hãng",954000,954000,0,0,0.0,0,1.0,available,backorder,632677,SEKA,seka,11119.0,GIA DỤNG VIỆT,10842.0,1882.0,Điện Gia Dụng,2026-08-15,True,1.0,False,954000,0.0,0.0,False,700k-1.5tr,0%,Máy làm sữa hạt,0
271665727,4594293702628,[New] Ấm đun siêu tốc KETTLE Hafele HS-K1705DB 535.43.548 - Hàng Chính Hãng,498000,935000,437000,47,5.0,1,6.0,available,instock,205197,HAFELE,hafele,1.0,Tiki Trading,40395.0,1882.0,Điện Gia Dụng,2026-08-15,True,6.0,False,935000,46.73796791443851,0.2620320855614935,False,300-700k,30-50%,Ấm đun nước/Bình siêu tốc,2
271733353,6943470801701,Máy làm sữa hạt Seka E500 - Có chống ồn - 1.5 lít - 9 Chức năng tiếng Việt - Hàng chính hãng,954000,954000,0,0,5.0,1,5.0,available,backorder,632677,SEKA,seka,11119.0,GIA DỤNG VIỆT,10842.0,1882.0,Điện Gia Dụng,2026-08-15,True,5.0,False,954000,0.0,0.0,False,700k-1.5tr,0%,Máy làm sữa hạt,2
271889604,6730678943262,Nồi Cơm Điện Locknlock Donggeurami Rice Cooker EJR334IVY (1.0L) - Hàng chính hãng,1398960,2412000,1013040,42,4.1,13,70.0,available,instock,48077,LocknLock,locknlock,1.0,Tiki Trading,40395.0,2.0,Root,2026-08-15,True,70.0,False,2412000,42.0,0.0,False,700k-1.5tr,30-50%,Nồi cơm điện,13
271959413,5028117677467,Máy xay hạt cà phê tự động tích hợp 34 chế độ xay thương hiệu cao cấp HiBREW G3 - Hàng Nhập Khẩu,3495000,3495000,0,0,0.0,0,,available,backorder,556975,HiBREW,hibrew,112115.0,TỔNG KHO ĐIỆN MÁY - GIA DỤNG,103730.0,1882.0,Điện Gia Dụng,2026-08-15,False,0.0,False,3495000,0.0,0.0,False,>1.5tr,0%,Máy xay,0
271975636,6676059560092,Máy Đánh Trứng Seka MD2210 Que Tạo Bọt Cafe Mini Cầm Tay Không Dây 3 Cấp Độ - Hàng Chính Hãng,145000,200000,55000,28,5.0,3,32.0,available,backorder,632677,SEKA,seka,195742.0,Điện Máy Vymart,182775.0,1882.0,Điện Gia Dụng,2026-08-15,True,32.0,False,200000,27.500000000000004,0.49999999999999645,False,100-300k,20-30%,Máy đánh trứng,4
272057342,4210621006926,Nồi Cơm Điện 1.2L Sunhouse MaMa SHD8265 - Màu Ngẫu Nhiên - Hàng Chính Hãng,955000,955000,0,0,0.0,0,,available,backorder,41048,Sunhouse,sunhouse,11119.0,GIA DỤNG VIỆT,10842.0,1882.0,Điện Gia Dụng,2026-08-15,False,0.0,False,955000,0.0,0.0,False,700k-1.5tr,0%,Nồi cơm điện,0
272162664,4085472650831,Ấm Siêu Tốc HAMM HKT-1741 (1.8 lít) - Hàng Chính Hãng,99000,99000,0,0,0.0,0,3.0,available,backorder,8208674,HAMM,hamm,11119.0,GIA DỤNG VIỆT,10842.0,1882.0,Điện Gia Dụng,2026-08-15,True,3.0,False,99000,0.0,0.0,False,<100k,0%,Ấm đun nước/Bình siêu tốc,0
272263510,5340539658859,"Máy pha cà phê espresso bán tự động, thương hiệu Mỹ HiBREW HÀNG CHÍNH HÃNG (Bảo hành chính hãng 1 năm) - H11",3769000,3769000,0,0,0.0,0,,available,backorder,556975,HiBREW,hibrew,112137.0,DC THẾ GIỚI PHỤ KIỆN CÔNG NGHỆ Ô TÔ,103749.0,1882.0,Điện Gia Dụng,2026-08-15,False,0.0,False,3769000,0.0,0.0,False,>1.5tr,0%,Máy pha cà phê,0
272270217,1667678239360,Máy nướng bánh Silvercrest SWEW 750D2 3in1 hàng chính hãng,1950000,1950000,0,0,0.0,0,1.0,available,backorder,212007,Steba,steba,20256.0,Telovietnam,19746.0,1882.0,Điện Gia Dụng,2026-08-15,True,1.0,False,1950000,0.0,0.0,False,>1.5tr,0%,Khác / Chưa phân loại,0
272270655,6906117157225,"HÀNG CHÍNH HÃNG - Máy pha cà phê espresso bán tự động, thương hiệu Mỹ HiBREW cao cấp - H11",3769000,3769000,0,0,5.0,2,8.0,available,backorder,556975,HiBREW,hibrew,208147.0,SIÊU THỊ ĐIỆN MÁY GIA DỤNG,195179.0,1882.0,Điện Gia Dụng,2026-08-15,True,8.0,False,3769000,0.0,0.0,False,>1.5tr,0%,Máy pha cà phê,2
272320221,5168290171517,"Nồi Hấp Điện 3 Tầng Công Suất Lớn,Dung Tích 10 Lít Hàng Chất Lượng, Giúp Tiệt Kiệm Thời Gian Cho Mọi Gia Đình - Hàng Chính Hãng MINIIN",322150,322150,0,0,4.0,1,2.0,available,backorder,5132069,MINIIN,miniin,203034.0,Gia Dụng Trí Vũ,190067.0,1882.0,Điện Gia Dụng,2026-08-15,True,2.0,False,322150,0.0,0.0,False,300-700k,0%,Nồi/Chảo (khác),2
272321843,4706018697328,"Máy thái rau củ quả đa năng 5 chế độ, thương hiệu Mỹ Camoca cao cấp VSQ-S5 - Hàng chính hãng (Bảo hành 12 tháng)",2000000,2000000,0,0,0.0,0,2.0,available,backorder,8209416,Camoca,camoca,112137.0,DC THẾ GIỚI PHỤ KIỆN CÔNG NGHỆ Ô TÔ,103749.0,1882.0,Điện Gia Dụng,2026-08-15,True,2.0,False,2000000,0.0,0.0,False,>1.5tr,0%,Khác / Chưa phân loại,0
272340245,4707029941278,"Nồi Điện Mini 2 Đa Chức Năng Kèm Lồng Hấp, Ca Mỳ Tay Cầm Nồi Bí Ngô 2 Tầng Nấu Cơm, Chiên, Xào, Rán Tiện Lợi - Hàng Chính Hãng MINIIN",199000,199000,0,0,5.0,1,6.0,available,backorder,5132069,MINIIN,miniin,134678.0,Smarthome29,124367.0,1882.0,Điện Gia Dụng,2026-08-15,True,6.0,False,199000,0.0,0.0,False,100-300k,0%,Nồi/Chảo (khác),1
272360974,9347267360171,Bình đun siêu tốc Toshiba KT-17SH2NV - 1.7L - Inox 304 - Hàng chính hãng,499000,590000,91000,15,5.0,3,16.0,available,backorder,18634,Toshiba,toshiba,345161.0,Gia Dụng Lạc Khải,332870.0,1882.0,Điện Gia Dụng,2026-08-15,True,16.0,False,590000,15.423728813559324,0.42372881355932357,False,300-700k,10-20%,Ấm đun nước/Bình siêu tốc,3
272392981,9616363830668,Nồi cơm điện tử Tiger JBV-S18W 1.8L - HÀNG CHÍNH HÃNG,2590000,2590000,0,0,0.0,0,9.0,available,backorder,79440,Tiger,tiger,18190.0,Điện máy Sài Gòn,17567.0,1882.0,Điện Gia Dụng,2026-08-15,True,9.0,False,2590000,0.0,0.0,False,>1.5tr,0%,Nồi cơm điện,0
272395731,8617101833647,Bếp điện từ Elmich ICE-1831 - Hàng chính hãng,1590000,1979000,389000,20,5.0,2,25.0,available,instock,31627,Elmich,elmich,1.0,Tiki Trading,40395.0,23808.0,Bếp điện từ đơn,2026-08-15,True,25.0,False,1979000,19.656392117230926,0.3436078827690743,False,>1.5tr,10-20%,Bếp điện/từ,2
272404420,1543421965683,Máy sấy bát tiệt trùng Midea MXV-ZLP80XC65-R - Hàng Chính Hãng,3290000,3290000,0,0,1.0,2,7.0,available,backorder,21541,Midea,midea,168717.0,KingHomeSG,155753.0,1882.0,Điện Gia Dụng,2026-08-15,True,7.0,False,3290000,0.0,0.0,False,>1.5tr,0%,Khác / Chưa phân loại,2
272404951,5073161133623,"Máy Làm Sữa Hạt, Máy Nấu Sữa Hạt Cối Thủy Tinh OSTMARS Hàng Chính Hãng MINIIN 1100ml - 8 Chức Năng Xay Nấu Tiện Lợi - TẶNG KEM 2 CHAI THỦY TINH ĐỰNG SỮA HẠT",424150,424150,0,0,4.3,3,35.0,available,backorder,5132069,MINIIN,miniin,203034.0,Gia Dụng Trí Vũ,190067.0,1882.0,Điện Gia Dụng,2026-08-15,True,35.0,False,424150,0.0,0.0,False,300-700k,0%,Khác / Chưa phân loại,5
272405194,6853153871752,Nồi Lẩu Nướng Vuông Đa Năng Dùng cho 4-6 người ăn lẩu nướng Chất Liệu Chống Dính Cao Cấp - Nồi lẩu Nướng 2 Trong 1 - Hàng Chính Hãng MINIIN,679150,679150,0,0,0.0,0,,available,backorder,5132069,MINIIN,miniin,203034.0,Gia Dụng Trí Vũ,190067.0,1882.0,Điện Gia Dụng,2026-08-15,False,0.0,False,679150,0.0,0.0,False,300-700k,0%,Nồi lẩu điện,0
272405457,2774417524651,Ấm siêu tốc 1.8L Nagakawa NAG0308 - Hàng chính hãng,189000,189000,0,0,0.0,0,,available,backorder,110935,Nagakawa,nagakawa,351293.0,ĐiệnMáyPhúcHưng,339001.0,1882.0,Điện Gia Dụng,2026-08-15,False,0.0,False,189000,0.0,0.0,False,100-300k,0%,Ấm đun nước/Bình siêu tốc,0
272409613,4681961266183,Máy xay sinh tố mini KUCHEN MB1212 - Hàng Chính Hãng,1200000,1200000,0,0,0.0,0,2.0,available,backorder,542729,Kuchen,kuchen,9652.0,Crep Protect VN,9454.0,1882.0,Điện Gia Dụng,2026-08-15,True,2.0,False,1200000,0.0,0.0,False,700k-1.5tr,0%,Máy xay,0
272428559,1063965927312,Ấm siêu tốc Elmich KEE 8457 - Hàng Chính Hãng,724000,1059000,335000,32,4.5,22,93.0,available,instock,31627,Elmich,elmich,1.0,Tiki Trading,40395.0,1882.0,Điện Gia Dụng,2026-08-15,True,93.0,False,1059000,31.633616619452315,0.3663833805476848,False,700k-1.5tr,30-50%,Ấm đun nước/Bình siêu tốc,22
272457382,9191349822075,Nồi Cơm Điện Nắp Gài Tiger JNP-1000- HÀNG CHÍNH HÃNG,2350000,2350000,0,0,4.0,1,2.0,available,backorder,79440,Tiger,tiger,18190.0,Điện máy Sài Gòn,17567.0,1882.0,Điện Gia Dụng,2026-08-15,True,2.0,False,2350000,0.0,0.0,False,>1.5tr,0%,Nồi cơm điện,1
272555420,2367073051209,Máy làm sữa hạt Elmich CBE 3902 (Mới) - Hàng Chính Hãng,2400000,3068000,668000,22,4.6,15,95.0,available,instock,31627,Elmich,elmich,1.0,Tiki Trading,40395.0,2025.0,Máy làm sữa đậu nành,2026-08-15,True,95.0,False,3068000,21.773142112125164,0.22685788787483574,False,>1.5tr,20-30%,Máy làm sữa hạt,15
272584011,2432668361276,"Nồi cơm điện mini HASUKA HSK-801 dung tích 1L, công suất 400W, thiết kế đơn giản hiện đại- Hàng chính hãng (BH 12 tháng)",1260000,1260000,0,0,0.0,0,,available,backorder,419255,HASUKA,hasuka,346472.0,Hasuka Official Store,334180.0,1882.0,Điện Gia Dụng,2026-08-15,False,0.0,False,1260000,0.0,0.0,False,700k-1.5tr,0%,Nồi cơm điện,0
272616035,2276185520438,"Nồi cơm điện nắp gài Toshiba RC-18JFM(H)VN - 1.8L - Lòng nồi dày 1.7mm, chống dính- công nghệ nhiệt 3D- Hàng chính hãng",669000,800000,131000,16,5.0,1,8.0,available,backorder,18634,Toshiba,toshiba,345161.0,Gia Dụng Lạc Khải,332870.0,1882.0,Điện Gia Dụng,2026-08-15,True,8.0,False,800000,16.375,0.375,False,300-700k,10-20%,Nồi cơm điện,2
272616598,9089576272064,"Nồi cơm nắp rời Toshiba RC-18MH1PV(F) 1.8 lít - Lòng nồi hợp kim nhôm chống dính - Hàng chính hãng, Bảo hành 12 tháng",579000,690000,111000,16,4.0,1,1.0,available,backorder,18634,Toshiba,toshiba,345161.0,Gia Dụng Lạc Khải,332870.0,1882.0,Điện Gia Dụng,2026-08-15,True,1.0,False,690000,16.08695652173913,0.08695652173912904,False,300-700k,10-20%,Nồi cơm điện,1
272616950,8048732029133,"Nồi chiên không dầu 7.4 lít Toshiba AF-74CS1SRVN(H) - Điều khiển cảm ứng, 12 chương trình nấu - Hàng chính hãng",2399000,2990000,591000,20,5.0,2,3.0,available,backorder,18634,Toshiba,toshiba,345161.0,Gia Dụng Lạc Khải,332870.0,1882.0,Điện Gia Dụng,2026-08-15,True,3.0,False,2990000,19.765886287625417,0.23411371237458312,False,>1.5tr,10-20%,Nồi chiên không dầu,2
272624378,6226854480494,Nồi Áp Suất Điện Olivo PC60 Ruột Inox 6L Thương Hiệu Mỹ Gồm 16 Chức Năng Công Suất 1000 W - Hàng Chính Hãng,2790000,2790000,0,0,0.0,0,2.0,available,backorder,4256753,OLIVO,olivo,20256.0,Telovietnam,19746.0,1882.0,Điện Gia Dụng,2026-08-15,True,2.0,False,2790000,0.0,0.0,False,>1.5tr,0%,Nồi áp suất,0
272634873,3230614312230,"Bình thủy điện TOSHIBA PLK-45SF(WT)VN - 4.5L - Xuất xứ Thái Lan - Hàng Chính hãng, bảo hành 12 tháng, chất lượng Nhật Bản",2299000,2690000,391000,15,0.0,0,1.0,available,backorder,18634,Toshiba,toshiba,345161.0,Gia Dụng Lạc Khải,332870.0,1882.0,Điện Gia Dụng,2026-08-15,True,1.0,False,2690000,14.535315985130111,0.46468401486988853,False,>1.5tr,10-20%,Bình giữ nhiệt,0
272739328,2123571276087,Máy xay sinh tố công nghiệp Uniblend One Touch - Hàng chính hãng,3350000,3350000,0,0,0.0,0,,available,backorder,5695771,Uniblend,uniblend,310368.0,Uniblend Official,297932.0,1882.0,Điện Gia Dụng,2026-08-15,False,0.0,False,3350000,0.0,0.0,False,>1.5tr,0%,Máy xay,0
272844143,3949054589217,NỒI LẨU ĐIỆN ZOJIRUSHI EP-PVQ30-BA DUNG TÍCH 3.0 LÍT Hàng chính hãng,4990000,4990000,0,0,0.0,0,2.0,available,backorder,40722,Zojirushi,zojirushi,20256.0,Telovietnam,19746.0,1882.0,Điện Gia Dụng,2026-08-15,True,2.0,False,4990000,0.0,0.0,False,>1.5tr,0%,Nồi lẩu điện,0
272881019,2902174649632,"Nồi cơm cao tần Toshiba RC-10IP1PV - 1.0L - Lòng nồi dày 3mm chống dính, Cảm ứng có màn hình hiển thị, Công nghệ cao tần IH 1300W + nhiệt 3D - Hàng chính hãng, bảo hành 12 tháng, chất lượng Nhật Bản",3379000,3990000,611000,15,0.0,0,,available,backorder,18634,Toshiba,toshiba,345161.0,Gia Dụng Lạc Khải,332870.0,1882.0,Điện Gia Dụng,2026-08-15,False,0.0,False,3990000,15.313283208020051,0.31328320802005116,False,>1.5tr,10-20%,Nồi cơm điện,0
272881368,6144094767030,"Nồi cơm cao tần Toshiba RC-18IP1PV - 1.8L - Lòng nồi dày 3mm chống dính, Công nghệ cao tần IH 1300W + nhiệt 3D, Chế độ điều chỉnh độ mềm của cơm, Hẹn giờ nấu- Hàng chính hãng, bảo hành 12 tháng",3959000,4690000,731000,16,5.0,1,1.0,available,backorder,18634,Toshiba,toshiba,345161.0,Gia Dụng Lạc Khải,332870.0,1882.0,Điện Gia Dụng,2026-08-15,True,1.0,False,4690000,15.5863539445629,0.4136460554371002,False,>1.5tr,10-20%,Nồi cơm điện,1
272881776,2821210756715,"Nồi cơm cao tần Toshiba RC-10IX1PV - 1.0L - Công nghệ cao tần IH 1000W + nhiệt 3D, Lòng nồi dày 3mm chống dính, Chế độ nấu đa dạng - Hàng chính hãng bảo hành 12 tháng, chất lượng Nhật Bản",2519000,2990000,471000,16,0.0,0,4.0,available,backorder,18634,Toshiba,toshiba,345161.0,Gia Dụng Lạc Khải,332870.0,1882.0,Điện Gia Dụng,2026-08-15,True,4.0,False,2990000,15.752508361204013,0.2474916387959869,False,>1.5tr,10-20%,Nồi cơm điện,0
272882455,4209803740507,"Nồi cơm cao tần Toshiba RC-18IX1PV - 1.8L - Công nghệ cao tần IH 1300W + nhiệt 3D, Lòng nồi dày 3mm chống dính, Chế độ nấu đa dạng - Hàng chính hãng bảo hành 12 tháng, chất lượng Nhật Bản",2699000,3390000,691000,20,0.0,0,3.0,available,backorder,18634,Toshiba,toshiba,345161.0,Gia Dụng Lạc Khải,332870.0,1882.0,Điện Gia Dụng,2026-08-15,True,3.0,False,3390000,20.383480825958703,0.3834808259587028,False,>1.5tr,10-20%,Nồi cơm điện,0
272882901,6072638249631,"Nồi cơm điện tử Toshiba 1.8 lít RC-18DR3PV(G) - Hàng chính hãng - Bảo hành chính hãng 12 tháng, Chất lượng Nhật Bản",2099000,2390000,291000,12,5.0,2,10.0,available,backorder,18634,Toshiba,toshiba,345161.0,Gia Dụng Lạc Khải,332870.0,1882.0,Điện Gia Dụng,2026-08-15,True,10.0,False,2390000,12.175732217573222,0.17573221757322166,False,>1.5tr,10-20%,Nồi cơm điện,2
272885802,6587277859642,Nồi cơm điện cao cấp Kalpen R5 dung tích 1.8L chuẩn Đức - Hàng chính hãng,1750000,1750000,0,0,0.0,0,1.0,available,backorder,5043913,kalpen,kalpen,125683.0,M2P Shop,116136.0,1882.0,Điện Gia Dụng,2026-08-15,True,1.0,False,1750000,0.0,0.0,False,>1.5tr,0%,Nồi cơm điện,0
272893990,3964112321212,Lò vi sóng Electrolux EMM23D22B 23 lít Hàng chính hãng,2990000,2990000,0,0,0.0,0,,available,backorder,19050,Electrolux,electrolux,292953.0,ĐIỆN MÁY TẤN TÀI,280276.0,1882.0,Điện Gia Dụng,2026-08-15,False,0.0,False,2990000,0.0,0.0,False,>1.5tr,0%,Lò vi sóng/nướng,0
272920533,4747424088032,Máy Nướng Bánh Mì - Máy Làm Bánh Hình Thú Cho Bé - Máy Nướng Bánh Làm Nóng Thức Ăn Cho Bữa Sáng Đa Năng Dễ Sử Dụng - Hàng Chính Hãng MINIIN,263200,263200,0,0,0.0,0,2.0,available,backorder,5132069,MINIIN,miniin,203034.0,Gia Dụng Trí Vũ,190067.0,1882.0,Điện Gia Dụng,2026-08-15,True,2.0,False,263200,0.0,0.0,False,100-300k,0%,Khác / Chưa phân loại,0
272929127,3729358196476,"Nồi cơm điện tử Toshiba RC-10NMFVN(WT) - 1.0L - Xuất xứ Thái Lan - Lòng nồi dày 4mm, 2 lớp chống dính trong và ngoài - Chế độ nấu tự động đa dạng - Hàng chính hãng, bảo hành 12 tháng, chất lượng Nhật Bản",2299000,2590000,291000,11,5.0,1,2.0,available,backorder,18634,Toshiba,toshiba,345161.0,Gia Dụng Lạc Khải,332870.0,1882.0,Điện Gia Dụng,2026-08-15,True,2.0,False,2590000,11.235521235521235,0.23552123552123483,False,>1.5tr,10-20%,Nồi cơm điện,1
272932778,5016563308241,"Nồi Lẩu Điện Đa Năng Mini Chống Dính Vân Đá Cao Cấp Công Suất 1000W, Nồi Điện Đa Năng Kèm Xửng Hấp Inox 28cm Dung Tích 4L Phù Hợp Cho Gia đình -Hàng Chính hãng MINIIN",169000,169000,0,0,3.7,3,27.0,available,backorder,5132069,MINIIN,miniin,134678.0,Smarthome29,124367.0,1882.0,Điện Gia Dụng,2026-08-15,True,27.0,False,169000,0.0,0.0,False,100-300k,0%,Nồi lẩu điện,3
272933218,3514890669402,"Nồi cơm điện tử Toshiba 1.8L RC-18NTFV(W) - Xuất xứ Thái lan - Lòng nồi hợp kim dày 4mm - Phù hợp cho gia đình 4-6 người - Hàng chính hãng - Bảo hành 12 tháng, chất lượng Nhật Bản",2559000,3050000,491000,16,0.0,0,6.0,available,backorder,18634,Toshiba,toshiba,345161.0,Gia Dụng Lạc Khải,332870.0,1882.0,Điện Gia Dụng,2026-08-15,True,6.0,False,3050000,16.098360655737707,0.09836065573770725,False,>1.5tr,10-20%,Nồi cơm điện,0
272940188,1182048073355,"Lò vi sóng Toshiba MW2-AG24PC(BK) 24L -Nấu, Hâm, Rã đông, Nướng, Cửa lò kính cường lực, Tay nắm nhựa cách nhiệt, Hàng chính hãng, Bảo hành 12 tháng",2699000,3290000,591000,18,0.0,0,,available,backorder,18634,Toshiba,toshiba,345161.0,Gia Dụng Lạc Khải,332870.0,1882.0,Điện Gia Dụng,2026-08-15,False,0.0,False,3290000,17.96352583586626,0.036474164133739606,False,>1.5tr,10-20%,Lò vi sóng/nướng,0
272967989,6784681173733,"Lò nướng Toshiba TL-MC35Z - Dung tích 35L - Công suất 1500W. Hàng chính hãng, bảo hành 12 tháng, chất lượng Nhật Bản",2299000,2790000,491000,18,0.0,0,2.0,available,backorder,18634,Toshiba,toshiba,345161.0,Gia Dụng Lạc Khải,332870.0,1882.0,Điện Gia Dụng,2026-08-15,True,2.0,False,2790000,17.598566308243726,0.4014336917562744,False,>1.5tr,10-20%,Lò vi sóng/nướng,0
273061355,8642832233325,"Bình thủy điện 3.6L Ladomax HA-1636 thiết kế 3 lớp giữ ấm, ruột bình inox 304, có 3 chế độ rót-Hàng chính hãng",990000,990000,0,0,0.0,0,,available,backorder,4514423,Ladomax,ladomax,33792.0,Gia Dụng NuHa,33089.0,1882.0,Điện Gia Dụng,2026-08-15,False,0.0,False,990000,0.0,0.0,False,700k-1.5tr,0%,Bình giữ nhiệt,0
273061800,1678616296939,"Siêu sắc thuốc tự động ngắt 3.3L Ladomax HA-8833 có chuông báo, thân tráng men, ấm tự chuyển sang chế độ hâm-Hàng chính hãng",445000,445000,0,0,0.0,0,,available,backorder,4514423,Ladomax,ladomax,33792.0,Gia Dụng NuHa,33089.0,1882.0,Điện Gia Dụng,2026-08-15,False,0.0,False,445000,0.0,0.0,False,300-700k,0%,Khác / Chưa phân loại,0
273134297,4619505446231,ẤM SIÊU TỐC BEAR 1.5L - HÀNG CHÍNH HÃNG,506000,550000,44000,8,0.0,0,4.0,available,backorder,198523,Bear,bear,236185.0,Minhlam Store,223217.0,1882.0,Điện Gia Dụng,2026-08-15,True,4.0,False,550000,8.0,0.0,False,300-700k,0-10%,Ấm đun nước/Bình siêu tốc,0
273165801,7086807681991,"Nồi cơm điện tử Panasonic SR-CP108NRAM 1Lít - Hàng Chính Hãng, Bảo hành 12 tháng , Chất lượng Nhật Bản",2490000,2490000,0,0,0.0,0,2.0,available,backorder,18804,Panasonic,panasonic,184067.0,Siêu Thị Điện Máy Từ Sơn,171102.0,1882.0,Điện Gia Dụng,2026-08-15,True,2.0,False,2490000,0.0,0.0,False,>1.5tr,0%,Nồi cơm điện,0
273165858,1549399349312,Máy xay sinh tố đa năng Panasonic MX-EX1561WRA - Công suất 450W - 1 cối xay thủy tinh 1.5L và 1 cối xay khô 50g - Lưỡi dao thép không gỉ - 2 tốc độ xay và nhồi - Hàng chính hãng - Bảo hành chính hãng 12 tháng,1129000,1415000,286000,20,0.0,0,,available,backorder,18804,Panasonic,panasonic,345161.0,Gia Dụng Lạc Khải,332870.0,1882.0,Điện Gia Dụng,2026-08-15,False,0.0,False,1415000,20.21201413427562,0.21201413427561988,False,700k-1.5tr,10-20%,Máy xay,0
273167415,6936564194672,Máy nướng bánh mì 2 ngăn  hàng nhập khẩu chính hãng.,989000,989000,0,0,0.0,0,2.0,available,backorder,5207367,COBI Home,cobi-home,40615.0,COBI HOME,39652.0,1882.0,Điện Gia Dụng,2026-08-15,True,2.0,False,989000,0.0,0.0,False,700k-1.5tr,0%,Khác / Chưa phân loại,0
273167679,3674617383733,Bình Thủy Điện Panasonic NC-BG3000CSY - Xuất xứ Thái Lan - Dung tích 3L - Công suất 700W - Ruột bình phủ carbon hạt nổi - Màn hình LCD hiện đại - Bảo Hành 12 Tháng - Hàng Chính Hãng,2559000,2990000,431000,14,5.0,1,1.0,available,backorder,18804,Panasonic,panasonic,345161.0,Gia Dụng Lạc Khải,332870.0,1882.0,Điện Gia Dụng,2026-08-15,True,1.0,False,2990000,14.414715719063546,0.41471571906354576,False,>1.5tr,10-20%,Bình giữ nhiệt,1
273168014,5100571996479,"Bình Thủy Điện Panasonic NC-EG4000CSY 4 Lít - Xuất xứ Thái Lan - Dung tích 4L, Công suất 700W, Ruột bình phủ carbon hạt nổi, Chức năng hẹn giờ và tẩy cặn- Hàng Chính Hãng - Bảo Hành 12 Tháng",2399000,2890000,491000,17,0.0,0,,available,backorder,18804,Panasonic,panasonic,345161.0,Gia Dụng Lạc Khải,332870.0,1882.0,Điện Gia Dụng,2026-08-15,False,0.0,False,2890000,16.98961937716263,0.010380622837370623,False,>1.5tr,10-20%,Bình giữ nhiệt,0
273168221,9963499132269,"Ấm đun siêu tốc retro COBI 1.7L - Thiết kế cổ điển, đun nước nhanh, tiện lợi - Hàng nhập khẩu chính hãng",899000,899000,0,0,0.0,0,,available,backorder,5207367,COBI Home,cobi-home,40615.0,COBI HOME,39652.0,1882.0,Điện Gia Dụng,2026-08-15,False,0.0,False,899000,0.0,0.0,False,700k-1.5tr,0%,Ấm đun nước/Bình siêu tốc,0
273169117,8872167791319,"Ấm đun siêu tốc thủy tinh COBI 1.5L - Kết hợp Bình pha trà, tiện lợi đa năng - Hàng nhập khẩu chính hãng",769000,769000,0,0,4.0,1,1.0,available,backorder,5207367,COBI Home,cobi-home,40615.0,COBI HOME,39652.0,1882.0,Điện Gia Dụng,2026-08-15,True,1.0,False,769000,0.0,0.0,False,700k-1.5tr,0%,Ấm đun nước/Bình siêu tốc,1
273169257,2947317402629,"Ấm đun nước điện cổ ngỗng COBI 0.8L - Đun nước nhanh, phù hợp pha cà phê, trà - Hàng nhập khẩu chính hãng",899000,899000,0,0,0.0,0,1.0,available,backorder,5207367,COBI Home,cobi-home,40615.0,COBI HOME,39652.0,1882.0,Điện Gia Dụng,2026-08-15,True,1.0,False,899000,0.0,0.0,False,700k-1.5tr,0%,Ấm đun nước/Bình siêu tốc,0
273175814,2793812521638,Nồi Lẩu Điện 4L Mishio MK328 có xửng hấp - Hàng chính hãng,599000,599000,0,0,0.0,0,4.0,available,backorder,51325,Mishio,mishio,160749.0,Mishio Kachi Official,148018.0,1882.0,Điện Gia Dụng,2026-08-15,True,4.0,False,599000,0.0,0.0,False,300-700k,0%,Nồi lẩu điện,0
273183254,4484188678093,"[Mẫu mới] Bếp điện từ đơn đặt âm, dương BENNIX 188iH công suất lớn 2200W HÀNG CHÍNH HÃNG",1450000,1450000,0,0,0.0,0,,available,backorder,421431,Bennix,bennix,297289.0,Tổng kho gia dụng 82,284720.0,1882.0,Điện Gia Dụng,2026-08-15,False,0.0,False,1450000,0.0,0.0,False,700k-1.5tr,0%,Bếp điện/từ,0
273191227,9320448973735,Nồi cơm điện Cuckoo 1.8 lít CR-1021 màu đỏ - bản quốc tế tiếng Anh - Hàng chính hãng Cuckoovina,2120000,2310000,190000,8,5.0,3,11.0,available,backorder,20439,Cuckoo,cuckoo,29960.0,CUCKOO Store,29294.0,1882.0,Điện Gia Dụng,2026-08-15,True,11.0,False,2310000,8.225108225108226,0.22510822510822592,False,>1.5tr,0-10%,Nồi cơm điện,3
273192136,4486610041345,Nồi cơm điện tử áp suất cao tần Cuckoo 1.08 lít CRP-DHXB0610FS màu bạc- hàng nội địa ngôn ngữ tiếng Hàn - Hàng chính hãng Cuckoovina,7590000,9900000,2310000,23,0.0,0,3.0,available,backorder,20439,Cuckoo,cuckoo,29960.0,CUCKOO Store,29294.0,1882.0,Điện Gia Dụng,2026-08-15,True,3.0,False,9900000,23.333333333333332,0.33333333333333215,False,>1.5tr,20-30%,Nồi cơm điện,0
273199856,9676447859110,Máy Ép Chậm Miệng Rộng Thế Hệ Mới MAGIC Eco AC-134 (200W) - Hàng chính hãng,1733000,2490000,757000,30,5.0,3,9.0,available,instock,165237,Magic,magic,1.0,Tiki Trading,40395.0,1882.0,Điện Gia Dụng,2026-08-15,True,9.0,False,2490000,30.40160642570281,0.40160642570280913,False,>1.5tr,20-30%,Máy ép,3
273232020,4883836287785,Nồi Lẩu Điện Đa Năng 2 Ngăn Chống Dính Chức Năng Tiện Dụng 5L 1360W - Hàng Chính Hãng MINIIN,399200,399200,0,0,0.0,0,,available,backorder,5132069,MINIIN,miniin,203034.0,Gia Dụng Trí Vũ,190067.0,1882.0,Điện Gia Dụng,2026-08-15,False,0.0,False,399200,0.0,0.0,False,300-700k,0%,Nồi lẩu điện,0
273244685,1373467055325,"Máy pha cà phê cầm tay Espresso mini 3 trong 1, thương hiệu HiBREW cao cấp H4A và H4B - HÀNG CHÍNH HÃNG",3642000,3642000,0,0,0.0,0,2.0,available,backorder,556975,HiBREW,hibrew,208147.0,SIÊU THỊ ĐIỆN MÁY GIA DỤNG,195179.0,1882.0,Điện Gia Dụng,2026-08-15,True,2.0,False,3642000,0.0,0.0,False,>1.5tr,0%,Máy pha cà phê,0
273249930,5739488821112,"Máy pha cà phê cầm tay Espresso mini 3 trong 1, thương hiệu Mỹ HiBREW cao cấp H4A và H4B - HÀNG CHÍNH HÃNG",3642000,3642000,0,0,0.0,0,,available,backorder,556975,HiBREW,hibrew,112137.0,DC THẾ GIỚI PHỤ KIỆN CÔNG NGHỆ Ô TÔ,103749.0,1882.0,Điện Gia Dụng,2026-08-15,False,0.0,False,3642000,0.0,0.0,False,>1.5tr,0%,Máy pha cà phê,0
273270266,2239503270897,"Lò vi sóng Toshiba MWP-MM20P(WH) - Dung tích 20 lít, 5 mức công suất, Kết hợp chống thấm 3 lớp, Kháng khuẩn bên trong lò - Hàng chính hãng - Bảo hành 12 tháng, chất lượng Nhật Bản",1359000,1890000,531000,28,4.8,18,59.0,available,backorder,18634,Toshiba,toshiba,345161.0,Gia Dụng Lạc Khải,332870.0,1882.0,Điện Gia Dụng,2026-08-15,True,59.0,False,1890000,28.095238095238095,0.0952380952380949,False,700k-1.5tr,20-30%,Lò vi sóng/nướng,18
273270716,9308319908810,"Lò vi sóng mặt gương Toshiba 25 lít MM-EM25PE(BM) - Công suất 800W - 11 mức công suất, Thực đơn tự động - Hàng chính hãng - Bảo hành 12 tháng chính hãng, chất lượng Nhật Bản",2159000,2690000,531000,20,0.0,0,,available,backorder,18634,Toshiba,toshiba,345161.0,Gia Dụng Lạc Khải,332870.0,1882.0,Điện Gia Dụng,2026-08-15,False,0.0,False,2690000,19.739776951672862,0.2602230483271377,False,>1.5tr,10-20%,Lò vi sóng/nướng,0
273271344,4387884228003,BẾP TỪ ĐÔI KOCHER DIB4-888 - HÀNG CHÍNH HÃNG,13400000,13400000,0,0,0.0,0,,available,backorder,273635,Kocher,kocher,143120.0,AHA BẾP,132099.0,1882.0,Điện Gia Dụng,2026-08-15,False,0.0,False,13400000,0.0,0.0,False,>1.5tr,0%,Bếp điện/từ,0
273271629,9744954739908,HÀNG CHÍNH HÃNG: Nồi cơm điện Tiger dung tích 1.8l JAX - S18W MADE IN JAPAN ,5690500,5990000,299500,5,0.0,0,,available,backorder,79440,Tiger,tiger,101716.0,GIA DỤNG TIỆN ÍCH MINH NGỌC,94260.0,1882.0,Điện Gia Dụng,2026-08-15,False,0.0,False,5990000,5.0,0.0,False,>1.5tr,0-10%,Nồi cơm điện,0
273272196,1693537567429,Máy Xay Sinh Tố Panasonic MX-MG53C1CRA - Công suất 700W- Dung tích 1.5L - Lưỡi dao thép không gỉ- cối xay thủy tinh/nhựa - Xay đá mịn - Hàng Chính Hãng - Bảo hành 12 tháng,1819000,2041000,222000,11,0.0,0,1.0,available,backorder,18804,Panasonic,panasonic,345161.0,Gia Dụng Lạc Khải,332870.0,1882.0,Điện Gia Dụng,2026-08-15,True,1.0,False,2041000,10.87702106810387,0.12297893189612985,False,>1.5tr,10-20%,Máy xay,0
273293592,7610429771028,Ấm đun nước Titanium Keith Ti3901 1000ml [Hàng chính hãng],1875000,1875000,0,0,0.0,0,,available,backorder,4630063,Keith Titanium,keith-titanium,161884.0,Quân Camp,149025.0,1882.0,Điện Gia Dụng,2026-08-15,False,0.0,False,1875000,0.0,0.0,False,>1.5tr,0%,Ấm đun nước/Bình siêu tốc,0
273308792,8676322906183,"Máy xay đa năng Hàng chính hãng Osaka,  Máy Xay Sinh Tố Cầm Tay Mini công suất 350w dung tích lơn , Lưỡi dao kép , xay thịt, đá, trái cây",135000,135000,0,0,4.6,5,15.0,available,backorder,143278,OSAKA,osaka,157145.0,Gia Thành Decor,144801.0,1882.0,Điện Gia Dụng,2026-08-15,True,15.0,False,135000,0.0,0.0,False,100-300k,0%,Máy xay,5
273310816,2796150178083,Máy Vắt Cam Lock&Lock EJJ231 (40W) - Hàng chính hãng,308560,532000,223440,42,4.7,3898,28814.0,available,instock,48077,LocknLock,locknlock,1.0,Tiki Trading,40395.0,1882.0,Điện Gia Dụng,2026-08-15,True,28814.0,False,532000,42.0,0.0,False,300-700k,30-50%,Khác / Chưa phân loại,3900
273312644,6818804050101,HÀNG CHÍNH HÃNG: Nồi cơm điện cao tần Tiger dung tích 1.8l JPM-H18V MADE IN JAPAN màu đen,14240500,14990000,749500,5,0.0,0,,available,backorder,79440,Tiger,tiger,101716.0,GIA DỤNG TIỆN ÍCH MINH NGỌC,94260.0,1882.0,Điện Gia Dụng,2026-08-15,False,0.0,False,14990000,5.0,0.0,False,>1.5tr,0-10%,Nồi cơm điện,0
273313533,5971721557060,"Nồi áp suất đáy từ Fujika/Media dùng cho bếp từ, bếp ga hàng chính hãng",420000,420000,0,0,0.0,0,6.0,available,backorder,198789,NK Media,nk-media,297289.0,Tổng kho gia dụng 82,284720.0,1882.0,Điện Gia Dụng,2026-08-15,True,6.0,False,420000,0.0,0.0,False,300-700k,0%,Nồi áp suất,0
273358160,4905213347515,Máy xay thịt 2 lưỡi dao kép Sunhouse SHD5403 300W - Hàng chính hãng,440020,449000,8980,2,0.0,0,4.0,available,backorder,41048,Sunhouse,sunhouse,173338.0,SMARTWATCH,160374.0,2.0,Root,2026-08-15,True,4.0,False,449000,2.0,0.0,False,300-700k,0-10%,Khác / Chưa phân loại,0
273358997,9556247644207,Bếp điện từ Elmich ICE 3879 - Hàng Chính Hãng,1315000,2199000,884000,40,5.0,44,172.0,available,instock,31627,Elmich,elmich,1.0,Tiki Trading,40395.0,23808.0,Bếp điện từ đơn,2026-08-15,True,172.0,False,2199000,40.20009095043201,0.20009095043201341,False,700k-1.5tr,30-50%,Bếp điện/từ,44
273365843,7981325475456,NỒI NẤU CHẬM INSTANT POT DUTCH OVEN 5.7L hàng chính hãng,4990000,4990000,0,0,0.0,0,,available,backorder,627983,INSTANT POT,instant-pot,20256.0,Telovietnam,19746.0,1882.0,Điện Gia Dụng,2026-08-15,False,0.0,False,4990000,0.0,0.0,False,>1.5tr,0%,Nồi/Chảo (khác),0
273371600,1401341326941,Nồi Lẩu Điện Đa Năng Sunhouse SHD4520 (3L) – Đỏ - Hàng chính hãng,455000,455000,0,0,0.0,0,,available,backorder,41048,Sunhouse,sunhouse,247324.0,Cửa hàng Phương Phương,234356.0,1882.0,Điện Gia Dụng,2026-08-15,False,0.0,False,455000,0.0,0.0,False,300-700k,0%,Nồi lẩu điện,0
273378892,9197905917611,"Lò vi sóng Panasonic NN-SM33NBYUE Dung tích 25L, công suất 900W, Khoang lò tráng men- Hàng chính hãng - Bảo hành chính hãng 12 tháng, Chất lượng nhật bản",3119000,3550000,431000,12,0.0,0,1.0,available,backorder,18804,Panasonic,panasonic,345161.0,Gia Dụng Lạc Khải,332870.0,1882.0,Điện Gia Dụng,2026-08-15,True,1.0,False,3550000,12.140845070422534,0.14084507042253414,False,>1.5tr,10-20%,Lò vi sóng/nướng,0
273379227,4273081734040,"Nồi cơm điện cao tần IR Cuchen CJR-NPA series (CJR-NPA1010RH 1.8L, CJR-NPA0610RH 1.08L) (Hàng chính hãng)",16500000,16500000,0,0,0.0,0,,available,backorder,45814,CUCHEN,cuchen,215271.0,CUCHEN Official Store,202303.0,1882.0,Điện Gia Dụng,2026-08-15,False,0.0,False,16500000,0.0,0.0,False,>1.5tr,0%,Nồi cơm điện,0
273379488,4401389976304,"Nồi cơm điện cao tần IH Cuchen CJH-TPM0601iP, CJH-TPM0602iP (Nhập khẩu chính hãng)",21299000,21299000,0,0,0.0,0,,available,backorder,45814,CUCHEN,cuchen,215271.0,CUCHEN Official Store,202303.0,1882.0,Điện Gia Dụng,2026-08-15,False,0.0,False,21299000,0.0,0.0,False,>1.5tr,0%,Nồi cơm điện,0
273379692,6206845607331,NỒI CƠM ĐIỆN CAO TẦN IH CUCHEN CJH-VEA0621S 1.08L Hàng chính hãng,9800000,9800000,0,0,0.0,0,,available,backorder,45814,CUCHEN,cuchen,215271.0,CUCHEN Official Store,202303.0,1882.0,Điện Gia Dụng,2026-08-15,False,0.0,False,9800000,0.0,0.0,False,>1.5tr,0%,Nồi cơm điện,0
273446019,4521906299219,CHÍNH HÃNG BEAR VIỆT NAM  Nồi Cơm Điện Thông Minh BEAR SB-NC16L Dung Tích 1.6 Lít Công Suất 400 W,1090000,1090000,0,0,0.0,0,,available,backorder,198523,Bear,bear,101716.0,GIA DỤNG TIỆN ÍCH MINH NGỌC,94260.0,1882.0,Điện Gia Dụng,2026-08-15,False,0.0,False,1090000,0.0,0.0,False,700k-1.5tr,0%,Nồi cơm điện,0
273455639,2924372717302,Bếp Lẩu - Nướng Không Khói EVS2│Chống Gió Siêu Việt│Vỉ Chống Dính Teflon Whitford│Hàng Chính Hãng,750000,819000,69000,8,0.0,0,1.0,available,backorder,113919,NaMilux,namilux,240.0,NaMilux Official Store,198.0,1882.0,Điện Gia Dụng,2026-08-15,True,1.0,False,819000,8.424908424908425,0.4249084249084252,False,700k-1.5tr,0-10%,Khác / Chưa phân loại,0
273462255,3944916987816,MÁY PHA ESPRESSO ĐA NĂNG B90 - Hàng Nhập Khẩu Chính Hãng,4390000,4390000,0,0,0.0,0,,available,backorder,5207367,COBI Home,cobi-home,40615.0,COBI HOME,39652.0,1882.0,Điện Gia Dụng,2026-08-15,False,0.0,False,4390000,0.0,0.0,False,>1.5tr,0%,Khác / Chưa phân loại,0
273499987,1191530132009,[HÀNG CHÍNH HÃNG] Tủ bàn lạnh 1m8 cánh inox Viner,33550000,33550000,0,0,0.0,0,,available,backorder,7878607,VinER,viner,310017.0,Viner,297579.0,1882.0,Điện Gia Dụng,2026-08-15,False,0.0,False,33550000,0.0,0.0,False,>1.5tr,0%,Khác / Chưa phân loại,0
273501459,2995126893402,[HÀNG CHÍNH HÃNG] Tủ bàn salad 1m5 cánh inox Viner,34925000,34925000,0,0,0.0,0,,available,backorder,7878607,VinER,viner,310017.0,Viner,297579.0,1882.0,Điện Gia Dụng,2026-08-15,False,0.0,False,34925000,0.0,0.0,False,>1.5tr,0%,Khác / Chưa phân loại,0
273502846,6903540557263,"Ấm siêu tốc mini Bennix 2 lớp cao cấp 0.6L, sôi nhanh, an toàn, bảo hành 24 tháng Hàng chính hãng",380000,380000,0,0,3.3,3,12.0,available,backorder,421431,Bennix,bennix,297289.0,Tổng kho gia dụng 82,284720.0,2.0,Root,2026-08-15,True,12.0,False,380000,0.0,0.0,False,300-700k,0%,Ấm đun nước/Bình siêu tốc,3
273507587,6538048381514,"BẾP TỪ ĐƠN KORENO CÔNG SUẤT LỚN 2800W, tặng nồi lẩu  SIÊU KHỎE, BẢO HÀNH 12 THÁNG HÀNG CHÍNH HÃNG",1390000,1390000,0,0,0.0,0,,available,backorder,222905,KORENO,koreno,297289.0,Tổng kho gia dụng 82,284720.0,2.0,Root,2026-08-15,False,0.0,False,1390000,0.0,0.0,False,700k-1.5tr,0%,Nồi lẩu điện,0
273509022,9495585555123,Máy ép trái cây H400 nhập khẩu hàn quốc,8470000,8470000,0,0,0.0,0,,available,backorder,41435,Kuvings,kuvings,20256.0,Telovietnam,19746.0,1882.0,Điện Gia Dụng,2026-08-15,False,0.0,False,8470000,0.0,0.0,False,>1.5tr,0%,Máy ép,0
273514210,6848893411203,"Máy làm sữa hạt Bear 600ml, 6 chức năng, xay nấu sữa hạt, xay sinh tố đa năng ANH LAM STORE - Hàng chính hãng",749000,789000,40000,5,3.0,2,8.0,available,backorder,198523,Bear,bear,236185.0,Minhlam Store,223217.0,1882.0,Điện Gia Dụng,2026-08-15,True,8.0,False,789000,5.069708491761723,0.06970849176172322,False,700k-1.5tr,0-10%,Máy làm sữa hạt,2
273514628,3646206846815,MÁY XAY ĐA NĂNG WMF KULT PRO MULTIFUNKTIONMIXER Hàng chính hãng,3990000,3990000,0,0,0.0,0,1.0,available,backorder,247725,WMF,wmf,20256.0,Telovietnam,19746.0,1882.0,Điện Gia Dụng,2026-08-15,True,1.0,False,3990000,0.0,0.0,False,>1.5tr,0%,Máy xay,0
273516226,6471303647681,Máy pha cà phê Delonghi ECAM12.122.B - 1450W - Hàng Chính Hãng,18990000,18990000,0,0,0.0,0,1.0,available,backorder,155511,DeLonghi,delonghi,20256.0,Telovietnam,19746.0,1882.0,Điện Gia Dụng,2026-08-15,True,1.0,False,18990000,0.0,0.0,False,>1.5tr,0%,Máy pha cà phê,0
273534266,7560681658219,Ấm Siêu Tốc Thủy Tinh 2.5L Công Suất Lớn 1500W - Ấm Đun Nước Pha Trà Siêu Nhanh - Bình Đun Siêu Tốc Cao Cấp Hàn Quốc - HÀNG CHÍNH HÃNG MINIIN,127200,127200,0,0,5.0,4,10.0,available,backorder,5132069,MINIIN,miniin,203034.0,Gia Dụng Trí Vũ,190067.0,1882.0,Điện Gia Dụng,2026-08-15,True,10.0,False,127200,0.0,0.0,False,100-300k,0%,Ấm đun nước/Bình siêu tốc,4
273541566,3898273876028,"Nồi lẩu điện đa năng Koreno 5 lít KN-857, Lòng nồi bằng inox 304 tháo rời được rễ vệ sinh hàng chính hãng bảo hành 12 tháng",890000,890000,0,0,0.0,0,2.0,available,backorder,222905,KORENO,koreno,297289.0,Tổng kho gia dụng 82,284720.0,1882.0,Điện Gia Dụng,2026-08-15,True,2.0,False,890000,0.0,0.0,False,700k-1.5tr,0%,Nồi lẩu điện,0
273561794,7145419161259,"Nồi nấu chậm, nấu cháo, chưng yến 1L Elmich SCE-8524OL - Hàng Chính Hãng",600000,767000,167000,22,5.0,98,901.0,available,instock,31627,Elmich,elmich,1.0,Tiki Trading,40395.0,1896.0,"Nồi tiềm, nồi nấu cháo",2026-08-15,True,901.0,False,767000,21.773142112125164,0.22685788787483574,False,300-700k,20-30%,Nồi/Chảo (khác),98
273562033,3538816715251,Bếp gas dương Rinnai RV-3715GL(FB) mặt bếp kính và kiềng bếp men - Hàng chính hãng.,2134000,2134000,0,0,0.0,0,1.0,available,backorder,49293,Rinnai,rinnai,349062.0,Rinnai Official,336770.0,1882.0,Điện Gia Dụng,2026-08-15,True,1.0,False,2134000,0.0,0.0,False,>1.5tr,0%,Bếp điện/từ,0
273562057,7035484372443,Bếp gas dương Rinnai RV-B274SR(EB) mặt bếp men và kiềng bếp men - Hàng chính hãng.,1947000,1947000,0,0,5.0,1,1.0,available,backorder,49293,Rinnai,rinnai,349062.0,Rinnai Official,336770.0,1882.0,Điện Gia Dụng,2026-08-15,True,1.0,False,1947000,0.0,0.0,False,>1.5tr,0%,Bếp điện/từ,1
273562071,4085197304582,Bếp từ đơn Rinnai RC-I200G điều khiển cảm ứng 2000W - Hàng chính hãng.,2728000,2728000,0,0,0.0,0,,available,backorder,49293,Rinnai,rinnai,349062.0,Rinnai Official,336770.0,1882.0,Điện Gia Dụng,2026-08-15,False,0.0,False,2728000,0.0,0.0,False,>1.5tr,0%,Bếp điện/từ,0
273562075,7196392524363,Bếp gas dương Rinnai RV-660(S) mặt bếp inox và kiềng bếp men - Hàng chính hãng.,1562000,1562000,0,0,0.0,0,,available,backorder,49293,Rinnai,rinnai,349062.0,Rinnai Official,336770.0,1882.0,Điện Gia Dụng,2026-08-15,False,0.0,False,1562000,0.0,0.0,False,>1.5tr,0%,Bếp điện/từ,0
273562079,3030548394366,Bếp gas dương Rinnai RV-740A(GF) mặt bếp men và kiềng bếp men - Hàng chính hãng.,1221000,1221000,0,0,0.0,0,2.0,available,backorder,49293,Rinnai,rinnai,349062.0,Rinnai Official,336770.0,1882.0,Điện Gia Dụng,2026-08-15,True,2.0,False,1221000,0.0,0.0,False,700k-1.5tr,0%,Bếp điện/từ,0
273562083,5416869207393,Bếp gas dương Rinnai RV-287(S)N mặt bếp inox và kiềng bếp men - Hàng chính hãng.,1133000,1133000,0,0,0.0,0,,available,backorder,49293,Rinnai,rinnai,349062.0,Rinnai Official,336770.0,1882.0,Điện Gia Dụng,2026-08-15,False,0.0,False,1133000,0.0,0.0,False,700k-1.5tr,0%,Bếp điện/từ,0
273562102,6589306461821,Bếp gas âm Rinnai RVB-220G(BG) mặt bếp kính và kiềng phủ men gang - Hàng chính hãng.,4994000,4994000,0,0,0.0,0,,available,backorder,49293,Rinnai,rinnai,349062.0,Rinnai Official,336770.0,1882.0,Điện Gia Dụng,2026-08-15,False,0.0,False,4994000,0.0,0.0,False,>1.5tr,0%,Bếp điện/từ,0
273562148,9689697966657,Bếp gas dương Rinnai RV-B271SB(EB) mặt bếp men và kiềng bếp men - Hàng chính hãng.,1991000,1991000,0,0,0.0,0,,available,backorder,49293,Rinnai,rinnai,349062.0,Rinnai Official,336770.0,1882.0,Điện Gia Dụng,2026-08-15,False,0.0,False,1991000,0.0,0.0,False,>1.5tr,0%,Bếp điện/từ,0
273562187,3285271248585,Bếp gas dương Rinnai RV-770(G) mặt bếp men và kiềng bếp men - Hàng chính hãng.,1562000,1562000,0,0,0.0,0,,available,backorder,49293,Rinnai,rinnai,349062.0,Rinnai Official,336770.0,1882.0,Điện Gia Dụng,2026-08-15,False,0.0,False,1562000,0.0,0.0,False,>1.5tr,0%,Bếp điện/từ,0
273562245,7974495013751,Bếp gas dương Rinnai RV-375(G)N mặt bếp men và kiềng bếp men - Hàng chính hãng.,1199000,1199000,0,0,0.0,0,1.0,available,backorder,49293,Rinnai,rinnai,349062.0,Rinnai Official,336770.0,1882.0,Điện Gia Dụng,2026-08-15,True,1.0,False,1199000,0.0,0.0,False,700k-1.5tr,0%,Bếp điện/từ,0
273562262,8766131345796,Bếp gas dương Rinnai RV-715Slim(GL-Bubble) mặt bếp kính và kiềng bếp men - Hàng chính hãng.,2871000,2871000,0,0,0.0,0,1.0,available,backorder,49293,Rinnai,rinnai,349062.0,Rinnai Official,336770.0,1882.0,Điện Gia Dụng,2026-08-15,True,1.0,False,2871000,0.0,0.0,False,>1.5tr,0%,Bếp điện/từ,0
273562279,5770375322400,Bếp gas dương Rinnai RV-365(G)N mặt bếp men và kiềng bếp men - Hàng chính hãng.,1177000,1177000,0,0,0.0,0,,available,backorder,49293,Rinnai,rinnai,349062.0,Rinnai Official,336770.0,1882.0,Điện Gia Dụng,2026-08-15,False,0.0,False,1177000,0.0,0.0,False,700k-1.5tr,0%,Bếp điện/từ,0
273562289,8859295083917,Bếp gas dương Rinnai RV-270(G)N mặt bếp men và kiềng bếp men - Hàng chính hãng.,968000,968000,0,0,0.0,0,,available,backorder,49293,Rinnai,rinnai,349062.0,Rinnai Official,336770.0,1882.0,Điện Gia Dụng,2026-08-15,False,0.0,False,968000,0.0,0.0,False,700k-1.5tr,0%,Bếp điện/từ,0
273582203,9080256465179,Bếp Nướng Điện DAMAS Electric Grill DK 7558 - Công suất 1500W mạnh mẽ - Thiết kế rãnh thoát dầu mỡ tiện dụng - Lớp phủ chống dính Greblon từ Đức - Hàng chính hãng,412000,590000,178000,30,4.3,12,718.0,available,backorder,4234729,Damas,damas,44857.0,DAMAS Official Store,43356.0,1882.0,Điện Gia Dụng,2026-08-15,True,718.0,False,590000,30.16949152542373,0.16949152542373014,False,300-700k,20-30%,Bếp điện/từ,12
273605633,1890734953411,"Máy pha cà phê cầm tay Espresso 3 trong 1 thương hiệu HiBREW cao cấp H4A công suất 80W, áp suất 60ml - Hàng chính hãng",3642000,3642000,0,0,0.0,0,1.0,available,backorder,556975,HiBREW,hibrew,256950.0,THẾ GIỚI ĐIỆN MÁY GIA DỤNG,243982.0,1882.0,Điện Gia Dụng,2026-08-15,True,1.0,False,3642000,0.0,0.0,False,>1.5tr,0%,Máy pha cà phê,0
273607253,7038061185582,"Nồi cơm điện mini cầm tay HASUKA HSK-802 dung tích 1.2L, công suất 500W - Lòng niêu phủ chống dính Ceramic - HÀNG CHÍNH HÃNG (BH 12 tháng)",1512000,1512000,0,0,0.0,0,,available,backorder,419255,HASUKA,hasuka,346472.0,Hasuka Official Store,334180.0,2.0,Root,2026-08-15,False,0.0,False,1512000,0.0,0.0,False,>1.5tr,0%,Nồi cơm điện,0
273609531,4314728397331,Nồi áp suất điện đa năng Elmich 6L PCE 1809OL - Hàng Chính Hãng,1589000,2033000,444000,22,4.7,20,117.0,available,instock,31627,Elmich,elmich,1.0,Tiki Trading,40395.0,1894.0,Nồi áp suất điện,2026-08-15,True,117.0,False,2033000,21.839645843580914,0.16035415641908557,False,>1.5tr,20-30%,Nồi áp suất,20
273609622,8708280330082,"Ấm siêu tốc thuỷ tinh Lebenlang LBE2819, dung tích 1800ml, bảo hành 2 năm - hàng chính hãng",399000,750000,351000,47,5.0,2,7.0,available,backorder,886169,Lebenlang,lebenlang,195742.0,Điện Máy Vymart,182775.0,1882.0,Điện Gia Dụng,2026-08-15,True,7.0,False,750000,46.800000000000004,0.19999999999999574,False,300-700k,30-50%,Ấm đun nước/Bình siêu tốc,2
273612979,2339646712412,"Nồi cơm điện HASUKA HSK-863 dung tích 3.2L, công suất 1200W- Thiết kế dễ sử dụng, lòng niêu chống dính Ceramic - Hàng chính hãng",2093000,2093000,0,0,0.0,0,,available,backorder,419255,HASUKA,hasuka,346472.0,Hasuka Official Store,334180.0,1882.0,Điện Gia Dụng,2026-08-15,False,0.0,False,2093000,0.0,0.0,False,>1.5tr,0%,Nồi cơm điện,0
273641747,7712513965483,"Nồi Nấu Cháo, Nấu Chậm Bear 0.8L thế hệ mới SB-NNC08, bản tiếng Việt - Hàng chính hãng",464000,830000,366000,44,4.7,6,68.0,available,instock,198523,Bear,bear,1.0,Tiki Trading,40395.0,2.0,Root,2026-08-15,True,68.0,False,830000,44.096385542168676,0.0963855421686759,False,300-700k,30-50%,Nồi/Chảo (khác),6
273647587,5643835981564,"Máy xay sinh tố HASUKA HSK-798 công suất 350W, 3 cối xay tiện dụng, dễ dàng vệ sinh - Hàng chính hãng (Bảo hành 12 tháng)",1806000,1806000,0,0,0.0,0,,available,backorder,419255,HASUKA,hasuka,346472.0,Hasuka Official Store,334180.0,1882.0,Điện Gia Dụng,2026-08-15,False,0.0,False,1806000,0.0,0.0,False,>1.5tr,0%,Máy xay,0
273657900,4135012410929,Nồi Cơm Điện Tử Cao Tần Giảm Đường Panasonic SR-HL151KRA 1.5 lít - Hàng chính hãng,4490000,4490000,0,0,0.0,0,1.0,available,backorder,18804,Panasonic,panasonic,184067.0,Siêu Thị Điện Máy Từ Sơn,171102.0,1882.0,Điện Gia Dụng,2026-08-15,True,1.0,False,4490000,0.0,0.0,False,>1.5tr,0%,Nồi cơm điện,0
273664094,2069076932008,"Lẩu điện đa năng HASUKA HSK-355 công suất 1500W, dung tích 5,5L chống dính, đa chức năng  nấu nướng (Bh 12 tháng) - HÀNG CHÍNH HÃNG",1530000,1530000,0,0,0.0,0,1.0,available,backorder,419255,HASUKA,hasuka,346472.0,Hasuka Official Store,334180.0,1882.0,Điện Gia Dụng,2026-08-15,True,1.0,False,1530000,0.0,0.0,False,>1.5tr,0%,Khác / Chưa phân loại,0
273668006,2901779465741,Máy pha cà phê Espresso chuyên nghiệp thương hiệu Mỹ HiBREW cao cấp H8A - Hàng Chính Hãng,5568000,5568000,0,0,0.0,0,,available,backorder,556975,HiBREW,hibrew,256950.0,THẾ GIỚI ĐIỆN MÁY GIA DỤNG,243982.0,1882.0,Điện Gia Dụng,2026-08-15,False,0.0,False,5568000,0.0,0.0,False,>1.5tr,0%,Máy pha cà phê,0
273672184,3822142849906,"Máy pha cà phê Espresso chuyên nghiệp, thương hiệu Mỹ HiBREW cao cấp H8A, 1250W, 19 Bar - Bảo hành 12 Tháng, Hàng chính hãng",5568000,5568000,0,0,0.0,0,,available,backorder,556975,HiBREW,hibrew,112137.0,DC THẾ GIỚI PHỤ KIỆN CÔNG NGHỆ Ô TÔ,103749.0,1882.0,Điện Gia Dụng,2026-08-15,False,0.0,False,5568000,0.0,0.0,False,>1.5tr,0%,Máy pha cà phê,0
273672264,1840948220812,"Bếp lẩu nướng đa năng HASUKA HSK-363LN công suất 1700W 2in1 nướng, lẩu đồng thời, lòng nồi chống dính Ceramic an toàn - HÀNG CHÍNH HÃNG",1330000,1330000,0,0,0.0,0,,available,backorder,419255,HASUKA,hasuka,346472.0,Hasuka Official Store,334180.0,1882.0,Điện Gia Dụng,2026-08-15,False,0.0,False,1330000,0.0,0.0,False,700k-1.5tr,0%,Nồi/Chảo (khác),0
273672578,9208213970139,"Bếp nướng điện HASUKA HSK-332 công suất 1600W cảm biến nhiệt thông minh, mặt nướng chống dính Ceramic an toàn - HÀNG CHÍNH HÃNG",1204000,1204000,0,0,0.0,0,,available,backorder,419255,HASUKA,hasuka,346472.0,Hasuka Official Store,334180.0,1882.0,Điện Gia Dụng,2026-08-15,False,0.0,False,1204000,0.0,0.0,False,700k-1.5tr,0%,Bếp điện/từ,0
273696764,6711366200634,"Nồi Nấu Cháo, Nấu Chậm Bear SUBE001 0,8L - Hàng chính hãng",492000,790000,298000,38,5.0,2,9.0,available,instock,198523,Bear,bear,1.0,Tiki Trading,40395.0,1882.0,Điện Gia Dụng,2026-08-15,True,9.0,False,790000,37.721518987341774,0.2784810126582258,False,300-700k,30-50%,Nồi/Chảo (khác),3
273703596,2156567989852,"Ấm siêu tốc HASUKA HSK-223, dung tích 2L, công suất 1850-2200W, màu sắc trang nhã hiện đại - HÀNG CHÍNH HÃNG",868000,868000,0,0,0.0,0,,available,backorder,419255,HASUKA,hasuka,346472.0,Hasuka Official Store,334180.0,1882.0,Điện Gia Dụng,2026-08-15,False,0.0,False,868000,0.0,0.0,False,700k-1.5tr,0%,Ấm đun nước/Bình siêu tốc,0
273707615,2722468996675,Bếp Hồng Ngoại Cảm Ứng Media MD-SV222 -không kén nồi Hàng Chính Hãng,620000,620000,0,0,0.0,0,1.0,available,backorder,198789,NK Media,nk-media,297289.0,Tổng kho gia dụng 82,284720.0,1882.0,Điện Gia Dụng,2026-08-15,True,1.0,False,620000,0.0,0.0,False,300-700k,0%,Bếp điện/từ,0
273725412,3958318946579,Nồi Cơm Điện Tử Áp Suất Cao Tần Mini 0.5L CRP-EHS0309F/WHGOVNCV- Bản Quốc Tế - Hàng chính hãng Cuckoovina,6393000,7490000,1097000,15,4.7,3,7.0,available,backorder,20439,Cuckoo,cuckoo,29960.0,CUCKOO Store,29294.0,1882.0,Điện Gia Dụng,2026-08-15,True,7.0,False,7490000,14.646194926568759,0.353805073431241,False,>1.5tr,10-20%,Nồi cơm điện,3
273744578,4268107771219,"Máy pha cà phê Tahawa TS620 - Máy pha cafe cho gia đình. Công suất : 800W, có vòi đánh sữa  - Công suất pha cà phê : 4 tách/lần - Bảo hành chính hãng 12 tháng. Hàng nhập khẩu chính hãng",2006000,2090000,84000,4,0.0,0,,available,backorder,749127,TAHAWA,tahawa,115692.0,TAHAWA NHẬT BẢN,106979.0,1882.0,Điện Gia Dụng,2026-08-15,False,0.0,False,2090000,4.019138755980861,0.0191387559808609,False,>1.5tr,0-10%,Máy pha cà phê,0
273767870,5010021086349,"Nồi lẩu, nướng đa năng Zojirushi EP-PVQ30-BA - Hàng chính hãng bảo hành 12 tháng",4990000,4990000,0,0,0.0,0,,available,backorder,40722,Zojirushi,zojirushi,20256.0,Telovietnam,19746.0,1882.0,Điện Gia Dụng,2026-08-15,False,0.0,False,4990000,0.0,0.0,False,>1.5tr,0%,Nồi lẩu điện,0
273792001,9149569596410,Nồi hấp 12 lít Bear SB-NH12L - Hàng Chính Hãng,961000,1700000,739000,43,5.0,10,42.0,available,instock,198523,Bear,bear,1.0,Tiki Trading,40395.0,1882.0,Điện Gia Dụng,2026-08-15,True,42.0,False,1700000,43.470588235294116,0.470588235294116,False,700k-1.5tr,30-50%,Nồi/Chảo (khác),11
273805331,4353423279384,"Nồi Nấu Cháo Chậm Seka Dung Tích 1L, Nồi Chưng Yến, Hầm Canh, Kho cá - Giao Màu Ngẫu Nhiên",525000,525000,0,0,5.0,3,13.0,available,backorder,4820811,PEAFLO,peaflo,115414.0,Gold,106729.0,1882.0,Điện Gia Dụng,2026-08-15,True,13.0,False,525000,0.0,0.0,False,300-700k,0%,Nồi/Chảo (khác),3
273827307,6563887245481,"Máy đánh trứng, đánh kem, nhào bột cầm tay 7 tốc độ - Hàng chính hãng",225000,225000,0,0,0.0,0,13.0,available,instock,4820811,PEAFLO,peaflo,115414.0,Gold,106729.0,1882.0,Điện Gia Dụng,2026-08-15,True,13.0,False,225000,0.0,0.0,False,100-300k,0%,Máy đánh trứng,0
273902793,4517280199434,"Nồi cơm điện áp suất kép cao tần Cuckoo 1.08L CRP-NHTR0610FB- Màu đen- công nghệ áp suất xi lanh hiện đại, giúp giảm tiếng ồn- Lòng nồi phủ men Xwall độc quyền- Bảo hành 2 năm - Hàng chính hãng Cuckoovina",11790000,13900000,2110000,15,0.0,0,2.0,available,backorder,20439,Cuckoo,cuckoo,29960.0,CUCKOO Store,29294.0,1882.0,Điện Gia Dụng,2026-08-15,True,2.0,False,13900000,15.179856115107915,0.17985611510791522,False,>1.5tr,10-20%,Nồi/Chảo (khác),0
273904473,6113682676410,"Nồi cơm điện áp suất kép cao tần Cuckoo 1.8L CRP-NHTR1010FGW- công nghệ áp suất xi lanh hiện đại, giúp giảm tiếng ồn- Lòng nồi phủ men Xwall độc quyền- Bảo hành 2 năm - Hàng chính hãng Cuckoovina",12990000,15500000,2510000,16,0.0,0,1.0,available,backorder,20439,Cuckoo,cuckoo,29960.0,CUCKOO Store,29294.0,1882.0,Điện Gia Dụng,2026-08-15,True,1.0,False,15500000,16.193548387096772,0.19354838709677225,False,>1.5tr,10-20%,Nồi/Chảo (khác),0
273905992,9183974181233,Lò vi sóng Toshiba MM-EM25PE(BM) 25 lít - Hàng Chính Hãng,1957000,2690000,733000,27,5.0,8,78.0,available,instock,18634,Toshiba,toshiba,1.0,Tiki Trading,40395.0,1882.0,Điện Gia Dụng,2026-08-15,True,78.0,False,2690000,27.249070631970262,0.24907063197026247,False,>1.5tr,20-30%,Lò vi sóng/nướng,8
273910966,6455506386236,Nồi cơm điện nắp gài 1L Panasonic SR-MVN10FRAX - Hàng Chính Hãng - Bảo hành 12 tháng chính hãng,1039000,1140000,101000,9,0.0,0,,available,backorder,18804,Panasonic,panasonic,345161.0,Gia Dụng Lạc Khải,332870.0,1882.0,Điện Gia Dụng,2026-08-15,False,0.0,False,1140000,8.859649122807017,0.1403508771929829,False,700k-1.5tr,0-10%,Nồi cơm điện,0
273912981,3573437219768,"Máy sấy thực phẩm chuyên nghiệp dung tích 100 lít, 16 khay thương hiệu Mỹ cao cấp Septree ST-02 - Hàng Nhập Khẩu",8161000,8161000,0,0,0.0,0,,available,backorder,234389,Septree,septree,112115.0,TỔNG KHO ĐIỆN MÁY - GIA DỤNG,103730.0,1882.0,Điện Gia Dụng,2026-08-15,False,0.0,False,8161000,0.0,0.0,False,>1.5tr,0%,Khác / Chưa phân loại,0
273913435,3812702626927,"Máy sấy thực phẩm chuyên nghiệp dung tích 100 lít, 16 khay. Thương hiệu Mỹ cao cấp Septree ST-02 - HÀNG NHẬP KHẨU",8161000,8161000,0,0,0.0,0,,available,backorder,234389,Septree,septree,208147.0,SIÊU THỊ ĐIỆN MÁY GIA DỤNG,195179.0,1882.0,Điện Gia Dụng,2026-08-15,False,0.0,False,8161000,0.0,0.0,False,>1.5tr,0%,Khác / Chưa phân loại,0
273914870,2146074201337,Máy ép chậm Hurom H400 - Bảo hành động cơ 10 năm - Hàng chính hãng,7750000,7750000,0,0,0.0,0,,available,backorder,542729,Kuchen,kuchen,9652.0,Crep Protect VN,9454.0,1882.0,Điện Gia Dụng,2026-08-15,False,0.0,False,7750000,0.0,0.0,False,>1.5tr,0%,Máy ép,0
273928802,2779243500592,[Hàng chính hãng] Bộ kit Nano Basket Plus 18g dành cho Máy pha cà phê Outin Nano,1280000,1280000,0,0,0.0,0,3.0,available,backorder,8201370,outin,outin,341640.0,MAI Outdoors,329346.0,1882.0,Điện Gia Dụng,2026-08-15,True,3.0,False,1280000,0.0,0.0,False,700k-1.5tr,0%,Máy pha cà phê,0
273929369,6322227682673,MÁY XAY THỊT ĐA NĂNG CỐI INOX DUNG TÍCH 2 LÍT,195000,195000,0,0,0.0,0,7.0,available,instock,4820811,PEAFLO,peaflo,115414.0,Gold,106729.0,1882.0,Điện Gia Dụng,2026-08-15,True,7.0,False,195000,0.0,0.0,False,100-300k,0%,Máy xay,0
273931220,7098736267799,Máy làm sữa hạt mini Kalpen H3 H4 dung tích 1000ml công suất 1150W menu 12 chương trình chuẩn Đức - Hàng chính hãng,1499000,1499000,0,0,0.0,0,1.0,available,backorder,5043913,kalpen,kalpen,125683.0,M2P Shop,116136.0,1882.0,Điện Gia Dụng,2026-08-15,True,1.0,False,1499000,0.0,0.0,False,700k-1.5tr,0%,Máy làm sữa hạt,0
273959385,1666417721712,Nồi Cơm Điện Mishio MK233 size 0.8L nấu cơm ngon - Hàng chính hãng,679000,679000,0,0,4.8,9,30.0,available,backorder,51325,Mishio,mishio,160749.0,Mishio Kachi Official,148018.0,1882.0,Điện Gia Dụng,2026-08-15,True,30.0,False,679000,0.0,0.0,False,300-700k,0%,Nồi cơm điện,9
273985752,1737553615011,"Máy Pha Cà Phê Espresso PCF05 chuyên nghiệp họng pha kim loại 58mm thương mại, tùy chỉnh cafe DIY tự động toàn diện, hàng chính hãng",6590000,6590000,0,0,5.0,1,,available,backorder,8095661,HIGH TECH GATE,high-tech-gate,179711.0,ĐIỆN MÁY HTG,166747.0,1882.0,Điện Gia Dụng,2026-08-15,False,0.0,False,6590000,0.0,0.0,False,>1.5tr,0%,Máy pha cà phê,1
273991866,8841785389800,"Máy đánh trứng cầm tay Bear DDQ-B01F7 - 5 mức độ, Chống rung - Bảo hành 18 tháng, Hàng chính hãng",451000,595000,144000,24,0.0,0,,available,backorder,198523,Bear,bear,236185.0,Minhlam Store,223217.0,1882.0,Điện Gia Dụng,2026-08-15,False,0.0,False,595000,24.201680672268907,0.20168067226890685,False,300-700k,20-30%,Máy đánh trứng,0
274021615,2028319889853,Máy xay nấu đa năng Bluestone BLB-6033 - Hàng chính hãng,2899000,2899000,0,0,0.0,0,,available,backorder,18977,Bluestone,bluestone,162514.0,Long Hưng Official Store,149585.0,1882.0,Điện Gia Dụng,2026-08-15,False,0.0,False,2899000,0.0,0.0,False,>1.5tr,0%,Máy xay,0
274069716,4691261168108,Nồi áp suất điện tử Elmich PCE-8571 - Hàng chính hãng,1800000,2301000,501000,22,4.0,13,67.0,available,instock,31627,Elmich,elmich,1.0,Tiki Trading,40395.0,1894.0,Nồi áp suất điện,2026-08-15,True,67.0,False,2301000,21.773142112125164,0.22685788787483574,False,>1.5tr,20-30%,Nồi áp suất,13
274096294,7502991891410,Máy sấy bát diệt khuẩn UV Kalpen DD99 dung tích 58L chuẩn Đức - Hàng chính hãng,2899000,2899000,0,0,4.0,1,6.0,available,backorder,5043913,kalpen,kalpen,125683.0,M2P Shop,116136.0,1882.0,Điện Gia Dụng,2026-08-15,True,6.0,False,2899000,0.0,0.0,False,>1.5tr,0%,Khác / Chưa phân loại,1
274107123,6580385328987,Nồi chiên không dầu điện tử Philips HD9285/90 Size XXL Wifi Connected - Hàng Chính Hãng,6990000,6990000,0,0,0.0,0,,available,instock,19018,Philips,philips,138278.0,AM MART,127693.0,2.0,Root,2026-08-15,False,0.0,False,6990000,0.0,0.0,False,>1.5tr,0%,Nồi chiên không dầu,0
274124083,9852657894920,Bếp từ Nagakawa NAG0704 hàng chính hãng ,1114000,1114000,0,0,0.0,0,,available,backorder,110935,Nagakawa,nagakawa,351293.0,ĐiệnMáyPhúcHưng,339001.0,1882.0,Điện Gia Dụng,2026-08-15,False,0.0,False,1114000,0.0,0.0,False,700k-1.5tr,0%,Bếp điện/từ,0
274145160,4565118772060,"Bếp từ đơn Midea MIC 221 2200W mặt kính pha lê sang trọng, công nghệ từ trường 3D, mâm nhiệt lớn làm nóng trong 5s, cảm ứng hiện đại, có hẹn giờ, tự ngắt khi bỏ nồi, bảo vệ quá nhiệt (TẶNG NỒI LẨU) - Hàng chính hãng",1248520,1274000,25480,2,5.0,1,1.0,available,backorder,21541,Midea,midea,173338.0,SMARTWATCH,160374.0,1882.0,Điện Gia Dụng,2026-08-15,True,1.0,False,1274000,2.0,0.0,False,700k-1.5tr,0-10%,Nồi lẩu điện,1
274159835,1253614748492,"Nồi Cơm Điện Lock&Lock Bianco Nemo Rice Cooker 1.2L EJR384IVY  6 Chế Độ, Giữ Ấm 24h, màn hình LCD - Hàng Chính Hãng",1754000,2550000,796000,31,0.0,0,3.0,available,backorder,48077,LocknLock,locknlock,195742.0,Điện Máy Vymart,182775.0,1882.0,Điện Gia Dụng,2026-08-15,True,3.0,False,2550000,31.215686274509803,0.21568627450980316,False,>1.5tr,30-50%,Nồi cơm điện,0
274252396,1690518699700,[CỬA HÀNG CHÍNH HÃNG] Máy làm kem tươi cao cấp 2 máy nén dạng bàn,66000000,66000000,0,0,0.0,0,,available,backorder,637923,Fushimavina,fushimavina,351921.0,Fushima Vina,339629.0,1882.0,Điện Gia Dụng,2026-08-15,False,0.0,False,66000000,0.0,0.0,False,>1.5tr,0%,Khác / Chưa phân loại,0
274323755,4721601573450,Lò vi sóng có nướng Sharp R-G251TV-SL 25 lít - Hàng chính hãng - Bảo hành 12 tháng,2599000,3290000,691000,21,0.0,0,1.0,available,backorder,19912,Sharp,sharp,345161.0,Gia Dụng Lạc Khải,332870.0,1882.0,Điện Gia Dụng,2026-08-15,True,1.0,False,3290000,21.003039513677813,0.003039513677812522,False,>1.5tr,20-30%,Lò vi sóng/nướng,0
274324223,8015702823482,Lò vi sóng cơ không nướng Sharp R-211TV-BK 21 lít - Hàng chính hãng - Bảo hành 12 tháng,1819000,2290000,471000,21,5.0,1,5.0,available,backorder,19912,Sharp,sharp,345161.0,Gia Dụng Lạc Khải,332870.0,1882.0,Điện Gia Dụng,2026-08-15,True,5.0,False,2290000,20.56768558951965,0.43231441048034824,False,>1.5tr,20-30%,Lò vi sóng/nướng,1
274328210,3758661933925,Lò vi sóng có nướng Sharp R-G211TV-BK 21 lít - Hàng chính hãng - Bảo hành 12 tháng,2179000,2690000,511000,19,5.0,1,2.0,available,backorder,19912,Sharp,sharp,345161.0,Gia Dụng Lạc Khải,332870.0,1882.0,Điện Gia Dụng,2026-08-15,True,2.0,False,2690000,18.996282527881043,0.0037174721189572324,False,>1.5tr,10-20%,Lò vi sóng/nướng,1
274363974,1223597982611,Nồi hấp điện đa năng Bear SB-NH12L - Hàng chính hãng - Chỉ giao HCM,1550000,1550000,0,0,0.0,0,1.0,available,backorder,198523,Bear,bear,20256.0,Telovietnam,19746.0,1882.0,Điện Gia Dụng,2026-08-15,True,1.0,False,1550000,0.0,0.0,False,>1.5tr,0%,Nồi/Chảo (khác),0
274401046,1422488949754,Máy ép trái cây LJ-80 - Hàng Chính Hãng,26862000,26862000,0,0,0.0,0,,available,backorder,718215,Lamaca,lamaca,19606.0,Siêu thị máy pha cà phê,19101.0,1882.0,Điện Gia Dụng,2026-08-15,False,0.0,False,26862000,0.0,0.0,False,>1.5tr,0%,Máy ép,0
274401713,7169592558416,Máy pha cà phê hàng chính hãng Beko CEP5152B,2690000,2690000,0,0,0.0,0,,available,backorder,74591,Beko,beko,202074.0,Homecoffee Yêu chất cà phê,189107.0,1882.0,Điện Gia Dụng,2026-08-15,False,0.0,False,2690000,0.0,0.0,False,>1.5tr,0%,Máy pha cà phê,0
274401966,1344751810577,Nồi nấu chậm Bennix Thái Lan BN-68KC-G dung tích 3L nắp kính - Hàng chính hãng,1450000,1450000,0,0,0.0,0,,available,backorder,421431,Bennix,bennix,125683.0,M2P Shop,116136.0,1882.0,Điện Gia Dụng,2026-08-15,False,0.0,False,1450000,0.0,0.0,False,700k-1.5tr,0%,Nồi/Chảo (khác),0
274429670,3893650866331,"Máy rã đông thực phẩm lạnh 4 trong 1 dung tích lớn, Máy tiệt trùng, khử trùng rau củ quả - Hàng Chính Hãng",499000,499000,0,0,0.0,0,10.0,available,backorder,5351035,FTAKY,ftaky,57800.0,Siêu Thị NaNo,54661.0,1882.0,Điện Gia Dụng,2026-08-15,True,10.0,False,499000,0.0,0.0,False,300-700k,0%,Khác / Chưa phân loại,0
274453833,7964178307710,"PRC-12SLJT_W Nồi cơm điện Korea King (có chức năng tách đường, dung tích 1.2L, công suất 400 W, mặt kính trắng)-Hàng chính hãng",2700000,2700000,0,0,0.0,0,,available,backorder,19765,Korea King,korea-king,187653.0,Korea King Official Store,174687.0,1882.0,Điện Gia Dụng,2026-08-15,False,0.0,False,2700000,0.0,0.0,False,>1.5tr,0%,Nồi cơm điện,0
274460418,8953075745239,"Máy ép chậm trái cây Masuto MS Healthy ép nguyên quả kiệt bã dung tích 0,6l, Ép hoa quả, làm nước detox, làm kem - Hàng chính hãng",1764000,1764000,0,0,0.0,0,2.0,available,backorder,545391,Masuto,masuto,173338.0,SMARTWATCH,160374.0,1882.0,Điện Gia Dụng,2026-08-15,True,2.0,False,1764000,0.0,0.0,False,>1.5tr,0%,Máy ép,0
274541112,3664563904753,"Máy Đánh Trứng, Tạo Bọt MIxer Mini Cầm Tay 3 Tốc Độ Dùng Pin - Giao Màu Ngẫu Nhiên",135000,135000,0,0,4.2,12,129.0,available,instock,4820811,PEAFLO,peaflo,115414.0,Gold,106729.0,1882.0,Điện Gia Dụng,2026-08-15,True,129.0,False,135000,0.0,0.0,False,100-300k,0%,Máy đánh trứng,12
274541135,7412283967097,"Máy Đánh Trứng, Đánh Sữa Và Tạo Bọt Cafe Cầm Tay Di Động 3 Tốc Độ Sử Dụng Pin Sạc Cao Cấp - Giao màu ngẫu nhiên",139000,139000,0,0,4.5,45,427.0,available,instock,4820811,PEAFLO,peaflo,108828.0,Tiện ích 1708,100733.0,1882.0,Điện Gia Dụng,2026-08-15,True,427.0,False,139000,0.0,0.0,False,100-300k,0%,Máy đánh trứng,45
274566979,1579839025672,Nồi cơm cao tần Tefal 1.8 lít RK818A68 - Hàng Chính Hãng - Bảo Hành 12 Tháng,2990000,2990000,0,0,0.0,0,,available,backorder,19813,Tefal,tefal,20256.0,Telovietnam,19746.0,1882.0,Điện Gia Dụng,2026-08-15,False,0.0,False,2990000,0.0,0.0,False,>1.5tr,0%,Nồi cơm điện,0
274573227,4211121116252,Máy xay sinh tố chân không 3 trong 1 Kuvings SV-400MB (1.55L) - Hàng chính hãng,11299000,17990000,6691000,37,0.0,0,,available,backorder,41435,Kuvings,kuvings,78755.0,Bepnhatoi,73403.0,1882.0,Điện Gia Dụng,2026-08-15,False,0.0,False,17990000,37.1928849360756,0.19288493607560042,False,>1.5tr,30-50%,Máy xay,0
274573315,3352468517538,Máy xay sinh tố chạy pin 400ml Mishio MK371 cầm tay mang đi mọi nơi dễ dàng - Hàng chính hãng,399000,399000,0,0,5.0,1,7.0,available,backorder,51325,Mishio,mishio,160749.0,Mishio Kachi Official,148018.0,1882.0,Điện Gia Dụng,2026-08-15,True,7.0,False,399000,0.0,0.0,False,300-700k,0%,Máy xay,1
274588048,7393450052044,Máy xay đa năng SILVERCREST Hàng chính hãng,1790000,1790000,0,0,0.0,0,1.0,available,backorder,157145,Silvercrest,silvercrest,20256.0,Telovietnam,19746.0,1882.0,Điện Gia Dụng,2026-08-15,True,1.0,False,1790000,0.0,0.0,False,>1.5tr,0%,Máy xay,0
274595832,1910700334682,Máy xay sinh tố Braun JB1050BK - Hàng chính hãng,1490000,1490000,0,0,0.0,0,,available,backorder,48649,Braun,braun,162514.0,Long Hưng Official Store,149585.0,1882.0,Điện Gia Dụng,2026-08-15,False,0.0,False,1490000,0.0,0.0,False,700k-1.5tr,0%,Máy xay,0
274604246,3811761279641,LÒ HẤP NƯỚNG TOSHIBA 20 LÍT MS3-STQ20SE-BK - Hàng chính hãng,6599000,6599000,0,0,0.0,0,1.0,available,backorder,18634,Toshiba,toshiba,2716.0,dienmaysaigon.com,2671.0,1882.0,Điện Gia Dụng,2026-08-15,True,1.0,False,6599000,0.0,0.0,False,>1.5tr,0%,Khác / Chưa phân loại,0
274618109,6925411562928,Máy vắt cam Philips HR2738/00 - Hàng chính hãng,1190000,1190000,0,0,0.0,0,1.0,available,backorder,19018,Philips,philips,162514.0,Long Hưng Official Store,149585.0,1882.0,Điện Gia Dụng,2026-08-15,True,1.0,False,1190000,0.0,0.0,False,700k-1.5tr,0%,Khác / Chưa phân loại,0
274634466,6527161730764,[HÀNG CHÍNH HÃNG] Tủ sấy bát Viner 1 cánh 1 lớp,13800000,13800000,0,0,0.0,0,,available,backorder,7878607,VinER,viner,310017.0,Viner,297579.0,1882.0,Điện Gia Dụng,2026-08-15,False,0.0,False,13800000,0.0,0.0,False,>1.5tr,0%,Khác / Chưa phân loại,0
274635748,1011258919567,Vỉ nướng điện Zojirushi EA-KFQ20-BA Hàng chính hãng,4500000,4500000,0,0,0.0,0,,available,backorder,40722,Zojirushi,zojirushi,20256.0,Telovietnam,19746.0,1882.0,Điện Gia Dụng,2026-08-15,False,0.0,False,4500000,0.0,0.0,False,>1.5tr,0%,Khác / Chưa phân loại,0
274668331,1768129408847,Lò vi sóng Sharp 32 lít R-C932XVN-BST-Hàng chính hãng,5027000,5027000,0,0,0.0,0,,available,backorder,19912,Sharp,sharp,2716.0,dienmaysaigon.com,2671.0,1882.0,Điện Gia Dụng,2026-08-15,False,0.0,False,5027000,0.0,0.0,False,>1.5tr,0%,Lò vi sóng/nướng,0
274668440,5428844497134,Lò vi sóng Toshiba 23 lít ER-SS23(W1)VN-Hàng chính hãng,2275000,2275000,0,0,0.0,0,,available,backorder,18634,Toshiba,toshiba,2716.0,dienmaysaigon.com,2671.0,1882.0,Điện Gia Dụng,2026-08-15,False,0.0,False,2275000,0.0,0.0,False,>1.5tr,0%,Lò vi sóng/nướng,0
274668585,8038054690668,Lò Vi Sóng Toshiba MWP-MM20P(WH)-Hàng chính hãng,1990000,1990000,0,0,0.0,0,,available,backorder,18634,Toshiba,toshiba,292953.0,ĐIỆN MÁY TẤN TÀI,280276.0,1882.0,Điện Gia Dụng,2026-08-15,False,0.0,False,1990000,0.0,0.0,False,>1.5tr,0%,Lò vi sóng/nướng,0
274668735,6070519243300,Lò vi sóng Toshiba 20 lít ER-SM20(W1)VN-Hàng chính hãng,1779000,1779000,0,0,0.0,0,,available,backorder,18634,Toshiba,toshiba,2716.0,dienmaysaigon.com,2671.0,1882.0,Điện Gia Dụng,2026-08-15,False,0.0,False,1779000,0.0,0.0,False,>1.5tr,0%,Lò vi sóng/nướng,0
274669590,7480999335771,Máy ép trái cây Philips HR1811/71-Hàng chính hãng,1235000,1235000,0,0,0.0,0,,available,backorder,19018,Philips,philips,2716.0,dienmaysaigon.com,2671.0,1882.0,Điện Gia Dụng,2026-08-15,False,0.0,False,1235000,0.0,0.0,False,700k-1.5tr,0%,Máy ép,0
274679207,9806134272126,Nồi cơm điện nắp rời Alaska 1.5 lít CR-15-Hàng chính hãng,658000,658000,0,0,0.0,0,,available,backorder,22042,Alaska,alaska,2716.0,dienmaysaigon.com,2671.0,1882.0,Điện Gia Dụng,2026-08-15,False,0.0,False,658000,0.0,0.0,False,300-700k,0%,Nồi cơm điện,0
274679625,8148009781508,NỒI CƠM ĐIỆN TỬ TIGER 1.0L JBX-A10W-Hàng chính hãng,2206000,2206000,0,0,0.0,0,,available,backorder,79440,Tiger,tiger,2716.0,dienmaysaigon.com,2671.0,1882.0,Điện Gia Dụng,2026-08-15,False,0.0,False,2206000,0.0,0.0,False,>1.5tr,0%,Nồi cơm điện,0
274686354,7560396434234,"Máy Làm Sữa Hạt Đa Năng BlueStone BLB-6028 -1,75 Lít - (900-1000W) -11 Chương trình - Lưỡi 6 cánh - Bảo hành 24 tháng - Hàng chính hãng",1597000,2790000,1193000,43,5.0,5,12.0,available,instock,18977,Bluestone,bluestone,1.0,Tiki Trading,40395.0,1882.0,Điện Gia Dụng,2026-08-15,True,12.0,False,2790000,42.75985663082437,0.24014336917562673,False,>1.5tr,30-50%,Máy làm sữa hạt,7
274686485,7792329283481,"Máy Làm Sữa Hạt Đa Năng BlueStone BLB-6029 -1,75 Lít - (900W) - 8 Chương trình - Lưỡi 6 cánh - Bảo hành 24 tháng - Hàng chính hãng",2299000,3099000,800000,26,0.0,0,,available,backorder,18977,Bluestone,bluestone,253296.0,BLUESTONE OFFICIAL STORE,240328.0,2025.0,Máy làm sữa đậu nành,2026-08-15,False,0.0,False,3099000,25.81477896095515,0.1852210390448512,False,>1.5tr,20-30%,Máy làm sữa hạt,0
274719109,5614217850184,"Máy làm đá viên siêu tốc, chỉ trong 6 phút thương hiệu Nga cao cấp DSP KD8001 - Hàng Nhập Khẩu",2009000,2009000,0,0,0.0,0,1.0,available,backorder,583007,DSP,dsp,112115.0,TỔNG KHO ĐIỆN MÁY - GIA DỤNG,103730.0,1882.0,Điện Gia Dụng,2026-08-15,True,1.0,False,2009000,0.0,0.0,False,>1.5tr,0%,Khác / Chưa phân loại,0
274719497,4777645958950,Máy làm đá viên siêu tốc chỉ trong 6 phút thương hiệu cao cấp DSP KD8001 - Hàng Chính Hãng,2009000,2009000,0,0,0.0,0,1.0,available,backorder,583007,DSP,dsp,256950.0,THẾ GIỚI ĐIỆN MÁY GIA DỤNG,243982.0,1882.0,Điện Gia Dụng,2026-08-15,True,1.0,False,2009000,0.0,0.0,False,>1.5tr,0%,Khác / Chưa phân loại,0
274728176,9919507266532,"Máy ép dầu thực vật chuyên nghiệp nâng cấp hoàn toàn, dùng trong gia đình hoặc nhà hàng, khách sạn. Thương hiệu Mỹ cao cấp Septree - T3. HÀNG CHÍNH HÃNG",10599000,10599000,0,0,0.0,0,,available,backorder,234389,Septree,septree,208147.0,SIÊU THỊ ĐIỆN MÁY GIA DỤNG,195179.0,1882.0,Điện Gia Dụng,2026-08-15,False,0.0,False,10599000,0.0,0.0,False,>1.5tr,0%,Máy ép,0
274735711,3892398864976,Máy Làm Sữa Hạt 2GOOD Sona I8 Chuyên Dụng Tự Động 100% - Thương Hiệu Malaysia Tự Vệ Sinh Gồm Nhiều Chế Độ Nấu Dung Tích 1.2 Lít Công Suất 1000 W - Hàng Chính Hãng,3407000,5500000,2093000,38,0.0,0,1.0,available,backorder,212371,2Good,2good,195742.0,Điện Máy Vymart,182775.0,1882.0,Điện Gia Dụng,2026-08-15,True,1.0,False,5500000,38.054545454545455,0.054545454545454675,False,>1.5tr,30-50%,Máy làm sữa hạt,0
274735759,5765560118439,Bình Thủy Điện Giữ Nhiệt Thông Minh Bear SB-BTD5L Khử Clo Dung Tích 5 Lít Công Suất 1350 W - Hàng Chính Hãng,1790000,1790000,0,0,0.0,0,1.0,available,backorder,198523,Bear,bear,20256.0,Telovietnam,19746.0,1882.0,Điện Gia Dụng,2026-08-15,True,1.0,False,1790000,0.0,0.0,False,>1.5tr,0%,Bình giữ nhiệt,0
274754046,2102814206334,MÁY LUỘC TRỨNG WMF STELIO EIERKOCHER Hàng chính hãng,1990000,1990000,0,0,0.0,0,2.0,available,backorder,247725,WMF,wmf,20256.0,Telovietnam,19746.0,1882.0,Điện Gia Dụng,2026-08-15,True,2.0,False,1990000,0.0,0.0,False,>1.5tr,0%,Khác / Chưa phân loại,0
274760279,3110814131595,BẾP GAS ĐÔI MẶT KÍNH CAO CẤP WINDO - 962GL- Hàng Chính Hãng,649000,649000,0,0,0.0,0,,available,backorder,531635,WINDO,windo,69337.0,Home Star Store,64779.0,1882.0,Điện Gia Dụng,2026-08-15,False,0.0,False,649000,0.0,0.0,False,300-700k,0%,Bếp điện/từ,0
274760298,5146079048450,BẾP GAS ĐÔI MẶT KÍNH CAO CẤP WINDO - 678GL- Hàng Chính Hãng,659000,659000,0,0,0.0,0,,available,backorder,531635,WINDO,windo,69337.0,Home Star Store,64779.0,1882.0,Điện Gia Dụng,2026-08-15,False,0.0,False,659000,0.0,0.0,False,300-700k,0%,Bếp điện/từ,0
274770218,6858683241615,Máy Làm Sữa Hạt SEKA SK320 PRO - Hàng Chính Hãng,572000,1000000,428000,43,0.0,0,6.0,available,backorder,632677,SEKA,seka,195742.0,Điện Máy Vymart,182775.0,1882.0,Điện Gia Dụng,2026-08-15,True,6.0,False,1000000,42.8,0.20000000000000284,False,300-700k,30-50%,Máy làm sữa hạt,0
274780980,9325823663877,"MÁY XAY THỊT WMF KULT X, HÀNG ĐỨC Hàng chính hãng",1550000,1550000,0,0,0.0,0,3.0,available,backorder,247725,WMF,wmf,20256.0,Telovietnam,19746.0,1882.0,Điện Gia Dụng,2026-08-15,True,3.0,False,1550000,0.0,0.0,False,>1.5tr,0%,Máy xay,0
274792804,7703934416945,Máy Xay Mini Russell Hobbs Desire 24660-56 200W 1L Màu Đỏ Nhập Đức Hàng Chính Hãng,1290000,1290000,0,0,0.0,0,3.0,available,backorder,40587,RUSSELL HOBBS,russell-hobbs,20256.0,Telovietnam,19746.0,1882.0,Điện Gia Dụng,2026-08-15,True,3.0,False,1290000,0.0,0.0,False,700k-1.5tr,0%,Máy xay,0
274792966,2201205234311,MÁY NƯỚNG BÁNH MÌ Russell Hobbs 26431-56 NHập Đức Hàng Chính hãng,3490000,3490000,0,0,0.0,0,1.0,available,backorder,40587,RUSSELL HOBBS,russell-hobbs,20256.0,Telovietnam,19746.0,1882.0,Điện Gia Dụng,2026-08-15,True,1.0,False,3490000,0.0,0.0,False,>1.5tr,0%,Khác / Chưa phân loại,0
274792988,7679738421821,Ấm Siêu Tốc Russell Hobbs Distinctions 26421-70 Nhập Đức Hàng Chính Hãng,2790000,2790000,0,0,0.0,0,,available,backorder,40587,RUSSELL HOBBS,russell-hobbs,20256.0,Telovietnam,19746.0,1882.0,Điện Gia Dụng,2026-08-15,False,0.0,False,2790000,0.0,0.0,False,>1.5tr,0%,Ấm đun nước/Bình siêu tốc,0
274793000,1877656037176,Bình đun siêu tốc Philips 1.7 lít HD9395/90 - Hàng chính hãng,892333,1399000,506667,36,4.5,13,67.0,available,instock,19018,Philips,philips,1.0,Tiki Trading,40395.0,1882.0,Điện Gia Dụng,2026-08-15,True,67.0,False,1399000,36.216368834882054,0.21636883488205427,False,700k-1.5tr,30-50%,Ấm đun nước/Bình siêu tốc,15
274793028,9039552764735,NỒI HẤP ĐIỆN ĐA NĂNG Russell Hobbs 19270-56 Nhập Đức Hàng Chính Hãng,2490000,2490000,0,0,4.3,3,11.0,available,backorder,40587,RUSSELL HOBBS,russell-hobbs,20256.0,Telovietnam,19746.0,1882.0,Điện Gia Dụng,2026-08-15,True,11.0,False,2490000,0.0,0.0,False,>1.5tr,0%,Nồi/Chảo (khác),3
274793176,7563051831399,Máy pha cafe nhỏ giọt Russell Hobbs 25610-56 Hàng Chính Hãng,7990000,7990000,0,0,0.0,0,2.0,available,backorder,40587,RUSSELL HOBBS,russell-hobbs,20256.0,Telovietnam,19746.0,1882.0,Điện Gia Dụng,2026-08-15,True,2.0,False,7990000,0.0,0.0,False,>1.5tr,0%,Máy pha cà phê,0
274796764,5291587380454,"NỒI NẤU CHẬM RUSSELL HOBBS 3,5 LIT - CHALKBOARD Nhập Đức Hàng chính hãng",2490000,2490000,0,0,0.0,0,8.0,available,backorder,40587,RUSSELL HOBBS,russell-hobbs,20256.0,Telovietnam,19746.0,1882.0,Điện Gia Dụng,2026-08-15,True,8.0,False,2490000,0.0,0.0,False,>1.5tr,0%,Nồi/Chảo (khác),0
274796834,8689844867497,Ấm đun siêu tốc mini Russell Hobbs 24994-70 Colours Plus+ Nhập Đức Hàng Chính Hãng,2090000,2090000,0,0,0.0,0,,available,backorder,40587,RUSSELL HOBBS,russell-hobbs,20256.0,Telovietnam,19746.0,1882.0,Điện Gia Dụng,2026-08-15,False,0.0,False,2090000,0.0,0.0,False,>1.5tr,0%,Ấm đun nước/Bình siêu tốc,0
274797687,4808499197234,Nồi cơm điện Sunhouse SHD8611R 1.8 Lít- Hàng chính hãng,725000,725000,0,0,0.0,0,1.0,available,backorder,41048,Sunhouse,sunhouse,261657.0,giadung 01 store,248697.0,2.0,Root,2026-08-15,True,1.0,False,725000,0.0,0.0,False,700k-1.5tr,0%,Khác / Chưa phân loại,0
274801306,6708176892513,Nồi cơm điện tử đa năng 3L Bear SB-NC30B - Hàng chính hãng,1051000,1890000,839000,44,5.0,3,11.0,available,instock,198523,Bear,bear,1.0,Tiki Trading,40395.0,2.0,Root,2026-08-15,True,11.0,False,1890000,44.39153439153439,0.3915343915343925,False,700k-1.5tr,30-50%,Nồi cơm điện,3
274851787,1521878953537,Bếp điện từ Smaragd MUNICH Hàng chính hãng,3990000,3990000,0,0,0.0,0,1.0,available,backorder,510565,Smaragd,smaragd,20256.0,Telovietnam,19746.0,1882.0,Điện Gia Dụng,2026-08-15,True,1.0,False,3990000,0.0,0.0,False,>1.5tr,0%,Bếp điện/từ,0
274851845,6061951126209,BẾP ĐIỆN TỪ SMARAGD HANOVER Hàng chính hãng,5990000,5990000,0,0,0.0,0,,available,backorder,510565,Smaragd,smaragd,20256.0,Telovietnam,19746.0,1882.0,Điện Gia Dụng,2026-08-15,False,0.0,False,5990000,0.0,0.0,False,>1.5tr,0%,Bếp điện/từ,0
274854258,7006565599783,Bếp từ đơn KAFF KF-330I (2200W) - Hàng chính hãng,3080000,3080000,0,0,0.0,0,,available,backorder,154221,KAFF,kaff,296453.0,KAFF Official,283798.0,1882.0,Điện Gia Dụng,2026-08-15,False,0.0,False,3080000,0.0,0.0,False,>1.5tr,0%,Bếp điện/từ,0
274863970,2970509633935,Máy nướng bánh mỳ Taurus My Toast II Legend Hàng chính hãng,1190000,1190000,0,0,5.0,1,1.0,available,backorder,279507,Taurus,taurus,20256.0,Telovietnam,19746.0,1882.0,Điện Gia Dụng,2026-08-15,True,1.0,False,1190000,0.0,0.0,False,700k-1.5tr,0%,Khác / Chưa phân loại,1
274868028,7858005995890,"Máy xay đá bào, đá tuyết mịn 4 lưỡi, 2 nắp Mitomo MBD - 500 MAX HÀNG CHÍNH HÃNG - BẢO HÀNH 3 NĂM",1359000,1359000,0,0,4.0,2,3.0,available,backorder,5191837,Mitomo,mitomo,123800.0,MITOMO ELECTRONIC,114406.0,1882.0,Điện Gia Dụng,2026-08-15,True,3.0,False,1359000,0.0,0.0,False,700k-1.5tr,0%,Máy xay,2
274869944,5159273336028,Nồi hấp đa năng  Bear SB-NH12L-12L - Hàng chính hãng,1690000,1690000,0,0,0.0,0,,available,backorder,198523,Bear,bear,20256.0,Telovietnam,19746.0,1882.0,Điện Gia Dụng,2026-08-15,False,0.0,False,1690000,0.0,0.0,False,>1.5tr,0%,Nồi/Chảo (khác),0
274878545,6365259864599,Máy đánh trứng Taurus công suất 500W Hàng chính hãng,990000,990000,0,0,0.0,0,2.0,available,backorder,279507,Taurus,taurus,20256.0,Telovietnam,19746.0,1882.0,Điện Gia Dụng,2026-08-15,True,2.0,False,990000,0.0,0.0,False,700k-1.5tr,0%,Máy đánh trứng,0
274879792,1630869119626,Máy Xay Sinh Tố Cầm Tay Taurus BAPI 1000 ROCKET PLUS Hàng chính hãng,1490000,1490000,0,0,0.0,0,,available,backorder,279507,Taurus,taurus,20256.0,Telovietnam,19746.0,1882.0,Điện Gia Dụng,2026-08-15,False,0.0,False,1490000,0.0,0.0,False,700k-1.5tr,0%,Máy xay,0
274880632,8660426470676,Ấm siêu tốc Taurus Selene KE2201X 1.7 Lít Hàng chính hãng,750000,750000,0,0,0.0,0,,available,backorder,279507,Taurus,taurus,20256.0,Telovietnam,19746.0,1882.0,Điện Gia Dụng,2026-08-15,False,0.0,False,750000,0.0,0.0,False,700k-1.5tr,0%,Ấm đun nước/Bình siêu tốc,0
274883953,8871420597911,Máy đánh trứng trộn bột Taurus BK500X Hàng chính hãng,2990000,2990000,0,0,0.0,0,1.0,available,backorder,279507,Taurus,taurus,20256.0,Telovietnam,19746.0,1882.0,Điện Gia Dụng,2026-08-15,True,1.0,False,2990000,0.0,0.0,False,>1.5tr,0%,Máy đánh trứng,0
274883955,5720145489502, Máy đánh trứng trộn bột Taurus Mixing Chef 1200W hàng chính hãng,4900000,4900000,0,0,0.0,0,,available,backorder,279507,Taurus,taurus,20256.0,Telovietnam,19746.0,1882.0,Điện Gia Dụng,2026-08-15,False,0.0,False,4900000,0.0,0.0,False,>1.5tr,0%,Máy đánh trứng,0
274890410,5060462296000,Máy xay sinh tố PHILIPS HR2041 /10 | 450W |xay nhuyễn trong 45s - Hàng Chính Hãng,859000,859000,0,0,0.0,0,,available,backorder,19018,Philips,philips,354109.0,Philips Home Appliances Official,341817.0,1882.0,Điện Gia Dụng,2026-08-15,False,0.0,False,859000,0.0,0.0,False,700k-1.5tr,0%,Máy xay,0
274890588,9448131064658,Bình đun siêu tốc PHILIPS HD9303 /03 1.2L - Hàng Chính Hãng,630000,630000,0,0,0.0,0,,available,backorder,19018,Philips,philips,354109.0,Philips Home Appliances Official,341817.0,1882.0,Điện Gia Dụng,2026-08-15,False,0.0,False,630000,0.0,0.0,False,300-700k,0%,Ấm đun nước/Bình siêu tốc,0
274892034,7272346824588,Máy nướng bánh sandwich Grill & Toast Taurus 968424 Hàng chính hãng,1490000,1490000,0,0,4.5,2,3.0,available,backorder,279507,Taurus,taurus,20256.0,Telovietnam,19746.0,1882.0,Điện Gia Dụng,2026-08-15,True,3.0,False,1490000,0.0,0.0,False,700k-1.5tr,0%,Khác / Chưa phân loại,2
274904514,7605654548422,"Máy Xay Sinh Tố Cầm Tay, Máy Xay Sinh Tố Mini Đa Năng, Tiện Dụng - Hàng Nhập Khẩu",299000,299000,0,0,0.0,0,14.0,available,backorder,737237,HT SYS,ht-sys,78619.0,Muasam247,73281.0,1882.0,Điện Gia Dụng,2026-08-15,True,14.0,False,299000,0.0,0.0,False,100-300k,0%,Máy xay,0
274907348,6277164394537,Nồi Chiên Không Dầu cao cấp Philips HD9880/90 XXL Connected |2000W - Hàng Chính Hãng ,8990000,8990000,0,0,0.0,0,,available,backorder,19018,Philips,philips,20256.0,Telovietnam,19746.0,1882.0,Điện Gia Dụng,2026-08-15,False,0.0,False,8990000,0.0,0.0,False,>1.5tr,0%,Nồi chiên không dầu,0
274907474,7986296202785,Nồi Cơm Điện Tử 0.8 lít Philips HD3170/66 - Hàng Chính Hãng,1290000,1290000,0,0,4.0,1,1.0,available,backorder,19018,Philips,philips,354109.0,Philips Home Appliances Official,341817.0,1882.0,Điện Gia Dụng,2026-08-15,True,1.0,False,1290000,0.0,0.0,False,700k-1.5tr,0%,Nồi cơm điện,1
274907645,1424825632598,Bình đun nước siêu tốc Philips HD9395/90 - Hàng Chính Hãng,1190000,1190000,0,0,0.0,0,,available,backorder,19018,Philips,philips,184067.0,Siêu Thị Điện Máy Từ Sơn,171102.0,1882.0,Điện Gia Dụng,2026-08-15,False,0.0,False,1190000,0.0,0.0,False,700k-1.5tr,0%,Khác / Chưa phân loại,0
274949029,5581973080331,"Máy khử khuẩn thực phẩm, rửa thực phẩm đa năng Tahawa COH15-C6B- Hàng chính hãng - Bảo Hành 2 Năm",6633000,7050000,417000,6,0.0,0,2.0,available,backorder,749127,TAHAWA,tahawa,115692.0,TAHAWA NHẬT BẢN,106979.0,1882.0,Điện Gia Dụng,2026-08-15,True,2.0,False,7050000,5.914893617021277,0.08510638297872308,False,>1.5tr,0-10%,Khác / Chưa phân loại,0
274958895,3066280747077,"Bếp hồng ngoại mini LocknLock Bianco EJI136IVY, Hàng chính hãng, Dùng được nhiều loại nồi, dễ điều chỉnh - JoyMall",1242360,2142000,899640,42,0.0,0,3.0,available,backorder,8126075,Lock&Lock,lock-lock,38510.0,JoyMall LocknLock Chính Hãng,37780.0,1882.0,Điện Gia Dụng,2026-08-15,True,3.0,False,2142000,42.0,0.0,False,700k-1.5tr,30-50%,Bếp điện/từ,0
274959180,7335577593317,"Nồi điện đa năng Bianco LocknLock EJP134IVY (5 lít), EJP124IVY (3 lít), Hàng Chính Hãng, Nấu nhanh, Phủ men sứ - JoyMall",960480,1656000,695520,42,5.0,2,12.0,available,backorder,8126075,Lock&Lock,lock-lock,38510.0,JoyMall LocknLock Chính Hãng,37780.0,5313.0,Nồi đa năng,2026-08-15,True,12.0,False,1656000,42.0,0.0,False,700k-1.5tr,30-50%,Nồi/Chảo (khác),2
274962250,5461426599313,"Lẩu điện Kangaroo KG50EH1, dung tích 5L, công suất 1500W, cấu trúc đĩa truyền nhiệt giúp truyền nhiệt nhanh và đều - Hàng chính hãng",655000,1250000,595000,48,5.0,7,60.0,available,instock,19589,Kangaroo,kangaroo,1.0,Tiki Trading,40395.0,2.0,Root,2026-08-15,True,60.0,False,1250000,47.599999999999994,0.4000000000000057,False,300-700k,30-50%,Khác / Chưa phân loại,7
274962252,7514160566376,"Lẩu điện Kangaroo KG40EH1, dung tích 4L, công suất 1300W, cấu trúc đĩa truyền nhiệt giúp truyền nhiệt nhanh và đều, an toàn tự ngắt khi quá nhiệt  - Hàng chính hãng",542000,937000,395000,42,5.0,5,56.0,available,instock,19589,Kangaroo,kangaroo,1.0,Tiki Trading,40395.0,2.0,Root,2026-08-15,True,56.0,False,937000,42.15581643543223,0.15581643543222867,False,300-700k,30-50%,Khác / Chưa phân loại,5
274962254,5811188782941,"Lẩu điện Kangaroo KG45EH1, dung tích 4.5L, công suất 1300W, cấu trúc đĩa truyền nhiệt giúp truyền nhiệt nhanh và đều - Hàng chính hãng",688000,1150000,462000,40,5.0,1,5.0,available,instock,19589,Kangaroo,kangaroo,1.0,Tiki Trading,40395.0,2.0,Root,2026-08-15,True,5.0,False,1150000,40.17391304347826,0.1739130434782581,False,300-700k,30-50%,Khác / Chưa phân loại,1
274965975,7508882711384,"Nồi cơm điện cao tần Kangaroo model KGR12IH1, dung tích 1.2L, công suất 1100W, công nghệ IH hiện đại, nhiệt tỏa đều, làm nóng nhanh, 19 chức năng nấu tự động được cài đặt sẵn - Hàng chính hãng",1554000,3100000,1546000,50,5.0,4,12.0,available,instock,19589,Kangaroo,kangaroo,1.0,Tiki Trading,40395.0,2.0,Root,2026-08-15,True,12.0,False,3100000,49.87096774193549,0.12903225806451246,False,>1.5tr,30-50%,Nồi cơm điện,4
274965982,3649173525637,"Nồi cơm điện cao tần Kangaroo model KG18RIH2, dung tích 1.8L, công suất 1300W, công nghệ gia nhiệt IH, cho nhiệt tỏa đều, nhanh  - Hàng chính hãng",1648000,4034000,2386000,59,5.0,1,7.0,available,instock,19589,Kangaroo,kangaroo,1.0,Tiki Trading,40395.0,2.0,Root,2026-08-15,True,7.0,False,4034000,59.147248388696084,0.14724838869608448,False,>1.5tr,>50%,Nồi cơm điện,1
274966786,4485478129968,Bếp điện từ đơn model KG20IC1 - Hàng chính hãng,1110000,1890000,780000,41,0.0,0,5.0,available,instock,19589,Kangaroo,kangaroo,1.0,Tiki Trading,40395.0,2.0,Root,2026-08-15,True,5.0,False,1890000,41.269841269841265,0.26984126984126533,False,700k-1.5tr,30-50%,Bếp điện/từ,0
274966788,2637296095505,Bếp điện từ đơn model KG20IC3 - Hàng chính hãng,1221000,1990000,769000,39,0.0,0,4.0,available,instock,19589,Kangaroo,kangaroo,1.0,Tiki Trading,40395.0,2.0,Root,2026-08-15,True,4.0,False,1990000,38.64321608040201,0.35678391959798716,False,700k-1.5tr,30-50%,Bếp điện/từ,0
274966789,2618265752004,Bếp điện từ đơn model KG20IC2 - Hàng chính hãng,1308000,1950000,642000,33,0.0,0,,available,instock,19589,Kangaroo,kangaroo,1.0,Tiki Trading,40395.0,2.0,Root,2026-08-15,False,0.0,False,1950000,32.92307692307692,0.0769230769230802,False,700k-1.5tr,30-50%,Bếp điện/từ,0
274966790,8791462373992,Bếp điện từ đơn model KG18IC1 - Hàng chính hãng,938000,1450000,512000,35,5.0,2,15.0,available,instock,19589,Kangaroo,kangaroo,1.0,Tiki Trading,40395.0,2.0,Root,2026-08-15,True,15.0,False,1450000,35.310344827586206,0.3103448275862064,False,700k-1.5tr,30-50%,Bếp điện/từ,2
274972231,4912358886959,Lò vi sóng Sharp R-211TV-BK 21 lít  - Hàng chính hãng,1767000,1767000,0,0,0.0,0,1.0,available,backorder,19912,Sharp,sharp,2716.0,dienmaysaigon.com,2671.0,1882.0,Điện Gia Dụng,2026-08-15,True,1.0,False,1767000,0.0,0.0,False,>1.5tr,0%,Lò vi sóng/nướng,0
274987518,1319989000680,Máy xay thịt 2L Bear SB-MA02L 2L (300W) - Hàng chính hãng,441000,850000,409000,48,5.0,1,9.0,available,instock,198523,Bear,bear,1.0,Tiki Trading,40395.0,2.0,Root,2026-08-15,True,9.0,False,850000,48.11764705882353,0.117647058823529,False,300-700k,30-50%,Máy xay,1
274987525,6495322033416,Nồi lẩu đa năng Bear SB-NL25L (1000W) - Hàng chính hãng,1190000,1190000,0,0,0.0,0,,available,backorder,198523,Bear,bear,20256.0,Telovietnam,19746.0,2.0,Root,2026-08-15,False,0.0,False,1190000,0.0,0.0,False,700k-1.5tr,0%,Nồi lẩu điện,0
274988808,8568496723116,Lò vi sóng Toshiba 24 lít MW2-AG24PC(BK) - Hàng chính hãng - Nấu - Hâm - Rã đông - Nướng -  Chức năng nấu nhanh tiện dụng,2762000,2762000,0,0,0.0,0,,available,backorder,18634,Toshiba,toshiba,2716.0,dienmaysaigon.com,2671.0,1882.0,Điện Gia Dụng,2026-08-15,False,0.0,False,2762000,0.0,0.0,False,>1.5tr,0%,Lò vi sóng/nướng,0
274989524,4813622447450,Máy Ép Chậm Hurom H410 - Mẫu 2024 - Bảo Hành động cơ 10 năm - Hàng chính hãng,8500000,8500000,0,0,5.0,1,1.0,available,backorder,542729,Kuchen,kuchen,9652.0,Crep Protect VN,9454.0,1882.0,Điện Gia Dụng,2026-08-15,True,1.0,False,8500000,0.0,0.0,False,>1.5tr,0%,Máy ép,1
274990850,9099971426840,Nồi lẩu Bear SB-NL05F 5L (1500W) - Hàng chính hãng,724000,1350000,626000,46,4.8,4,26.0,available,instock,198523,Bear,bear,1.0,Tiki Trading,40395.0,2.0,Root,2026-08-15,True,26.0,False,1350000,46.370370370370374,0.3703703703703738,False,700k-1.5tr,30-50%,Nồi lẩu điện,4
274990851,6532572705639,"Nồi Nấu Cháo, Nấu Chậm 1.5L Bear SB-NNC15 (120W) - Hàng chính hãng",950000,950000,0,0,0.0,0,,available,backorder,198523,Bear,bear,20256.0,Telovietnam,19746.0,2.0,Root,2026-08-15,False,0.0,False,950000,0.0,0.0,False,700k-1.5tr,0%,Nồi/Chảo (khác),0
274990852,6036574511080,"Nồi Nấu Cháo, Nấu chậm 1.6L Bear SB-NNC16 270W - Hàng chính hãng",735000,1290000,555000,43,5.0,13,69.0,available,instock,198523,Bear,bear,1.0,Tiki Trading,40395.0,2.0,Root,2026-08-15,True,69.0,False,1290000,43.02325581395349,0.02325581395349019,False,700k-1.5tr,30-50%,Nồi/Chảo (khác),13
275042894,6626257591566,Nồi Hấp Đa Năng BlueStone MPB-7235 15 Lít 1500W - Hàng Chính Hãng,975000,975000,0,0,0.0,0,,available,backorder,18977,Bluestone,bluestone,362770.0,Casalux Store,350467.0,1882.0,Điện Gia Dụng,2026-08-15,False,0.0,False,975000,0.0,0.0,False,700k-1.5tr,0%,Nồi/Chảo (khác),0
275043087,9555152628260,"Máy Trộn Thực Phẩm Làm Bánh SM02 Đa Năng 3 Trong 1, Có Nắp Tiếp Liệu, Thố Inox 304 Dung Tích 5.5 Lít, Hàng Chính Hãng",2690000,2690000,0,0,0.0,0,1.0,available,backorder,7863833,HighTechGate,hightechgate,179711.0,ĐIỆN MÁY HTG,166747.0,1882.0,Điện Gia Dụng,2026-08-15,True,1.0,False,2690000,0.0,0.0,False,>1.5tr,0%,Khác / Chưa phân loại,0
275043102,6891790317443,Máy Làm Sữa Hạt Đa Năng BlueStone BLB-6036 1.75 Lít 1000W - Hàng Chính Hãng,1676000,3289000,1613000,49,5.0,1,7.0,available,instock,18977,Bluestone,bluestone,1.0,Tiki Trading,40395.0,1882.0,Điện Gia Dụng,2026-08-15,True,7.0,False,3289000,49.04226208574035,0.04226208574034729,False,>1.5tr,30-50%,Máy làm sữa hạt,2
275063209,1902678458314,Bếp từ đơn Hafele HS-I2711B 536.61.890 | Công suất 2000W |  HÀNG CHÍNH HÃNG,837000,1490000,653000,44,5.0,4,11.0,available,instock,205197,HAFELE,hafele,1.0,Tiki Trading,40395.0,1882.0,Điện Gia Dụng,2026-08-15,True,11.0,False,1490000,43.8255033557047,0.17449664429530287,False,700k-1.5tr,30-50%,Bếp điện/từ,4
275069005,4654464805508,Máy ép trái cây Promix FJ-04 1000W Hàng chính hãng,2990000,2990000,0,0,1.0,1,1.0,available,backorder,718799,Promix,promix,20256.0,Telovietnam,19746.0,1882.0,Điện Gia Dụng,2026-08-15,True,1.0,False,2990000,0.0,0.0,False,>1.5tr,0%,Máy ép,1
275069385,8815410090081,Máy ép chậm Promix SJ-06 Hàng chính hãng,3290000,3290000,0,0,0.0,0,,available,backorder,718799,Promix,promix,20256.0,Telovietnam,19746.0,1882.0,Điện Gia Dụng,2026-08-15,False,0.0,False,3290000,0.0,0.0,False,>1.5tr,0%,Máy ép,0
275075679,7554480857454,"Máy Nướng Bánh Hình Thú Ngộ Nghĩnh Magic Bullet, Máy Làm Bánh Quy Nướng Cao Cấp Hàng Chính Hãng",299000,299000,0,0,0.0,0,2.0,available,backorder,5351035,FTAKY,ftaky,57800.0,Siêu Thị NaNo,54661.0,1882.0,Điện Gia Dụng,2026-08-15,True,2.0,False,299000,0.0,0.0,False,100-300k,0%,Khác / Chưa phân loại,0
275075683,8012228989113,"Máy xay nấu đa năng, làm sữa hạt Panasonic MX-HG6401KRA, cối thủy tinh - Hàng chính hãng",2929000,3990000,1061000,27,0.0,0,,available,backorder,18804,Panasonic,panasonic,345161.0,Gia Dụng Lạc Khải,332870.0,1882.0,Điện Gia Dụng,2026-08-15,False,0.0,False,3990000,26.591478696741856,0.4085213032581443,False,>1.5tr,20-30%,Máy xay,0
275078968,9372550628094,Máy rang hạt cà phê công nghệ gia nhiệt không khí chuyên nghiệp Cafemasy CCR-305D cao cấp - Hàng Chính Hãng,4466000,4466000,0,0,0.0,0,,available,backorder,8241000,Cafemasy,cafemasy,256950.0,THẾ GIỚI ĐIỆN MÁY GIA DỤNG,243982.0,1882.0,Điện Gia Dụng,2026-08-15,False,0.0,False,4466000,0.0,0.0,False,>1.5tr,0%,Khác / Chưa phân loại,0
275083918,9191354828041,Bếp từ đôi Chefs EH-MIX366 - Hàng chính hãng,21500000,21500000,0,0,0.0,0,,available,backorder,152700,Chef's,chef-s,63066.0,Siêu Thị Bếp Vũ Sơn,59280.0,2.0,Root,2026-08-15,False,0.0,False,21500000,0.0,0.0,False,>1.5tr,0%,Bếp điện/từ,0
275086570,6708737621853,Bếp từ đôi Chefs IH2000- Hàng chính hãng,1512000,1512000,0,0,0.0,0,,available,backorder,152700,Chef's,chef-s,63066.0,Siêu Thị Bếp Vũ Sơn,59280.0,2.0,Root,2026-08-15,False,0.0,False,1512000,0.0,0.0,False,>1.5tr,0%,Bếp điện/từ,0
275086573,2982719461040,Bếp từ đôi Chefs IH20- Hàng chính hãng,1415000,1415000,0,0,0.0,0,,available,backorder,152700,Chef's,chef-s,63066.0,Siêu Thị Bếp Vũ Sơn,59280.0,2.0,Root,2026-08-15,False,0.0,False,1415000,0.0,0.0,False,700k-1.5tr,0%,Bếp điện/từ,0
275108583,6470229837944,Bếp Từ Eurosun EU-T210PRO - Hàng chính hãng,10935000,10935000,0,0,0.0,0,,available,backorder,185807,Eurosun,eurosun,63066.0,Siêu Thị Bếp Vũ Sơn,59280.0,2.0,Root,2026-08-15,False,0.0,False,10935000,0.0,0.0,False,>1.5tr,0%,Bếp điện/từ,0
275113395,2379750429416,Bếp Gas Hồng Ngoại Eurosun EU-GN08 - Hàng chính hãng,3517500,3517500,0,0,0.0,0,,available,backorder,185807,Eurosun,eurosun,63066.0,Siêu Thị Bếp Vũ Sơn,59280.0,1882.0,Điện Gia Dụng,2026-08-15,False,0.0,False,3517500,0.0,0.0,False,>1.5tr,0%,Bếp điện/từ,0
275113398,4820110014914,Bếp gas âm Eurosun EU-GN09 - Hàng chính hãng,3517000,3517000,0,0,0.0,0,,available,backorder,185807,Eurosun,eurosun,63066.0,Siêu Thị Bếp Vũ Sơn,59280.0,2.0,Root,2026-08-15,False,0.0,False,3517000,0.0,0.0,False,>1.5tr,0%,Bếp điện/từ,0
275113401,6248806575182,Bếp gas âm Eurosun EU-GA287 - Hàng chính hãng,3510000,3510000,0,0,0.0,0,,available,backorder,185807,Eurosun,eurosun,63066.0,Siêu Thị Bếp Vũ Sơn,59280.0,2.0,Root,2026-08-15,False,0.0,False,3510000,0.0,0.0,False,>1.5tr,0%,Bếp điện/từ,0
275113407,3412669511357,Bếp gas âm Eurosun EU-GA278 - Hàng chính hãng,5242500,5242500,0,0,0.0,0,,available,backorder,185807,Eurosun,eurosun,63066.0,Siêu Thị Bếp Vũ Sơn,59280.0,2.0,Root,2026-08-15,False,0.0,False,5242500,0.0,0.0,False,>1.5tr,0%,Bếp điện/từ,0
275114517,1664841839345,Lò nướng Chefs EH-BO600B - Hàng chính hãng,10320000,10320000,0,0,0.0,0,,available,backorder,152700,Chef's,chef-s,63066.0,Siêu Thị Bếp Vũ Sơn,59280.0,2.0,Root,2026-08-15,False,0.0,False,10320000,0.0,0.0,False,>1.5tr,0%,Lò vi sóng/nướng,0
275115208,2026584294014,Lò Vi sóng kết hợp lò nướng Eurosun MWO-T26EUR - Hàng chính hãng,4785000,4785000,0,0,0.0,0,,available,backorder,185807,Eurosun,eurosun,63066.0,Siêu Thị Bếp Vũ Sơn,59280.0,2.0,Root,2026-08-15,False,0.0,False,4785000,0.0,0.0,False,>1.5tr,0%,Lò vi sóng/nướng,0
275148557,3305504545432,Nồi chiên không dầu thủy tinh Mishio MK373 - Dung tích 7 lít lòng nồi không bong tróc gỉ sét - Hàng chính hãng,999000,999000,0,0,5.0,1,15.0,available,backorder,51325,Mishio,mishio,160749.0,Mishio Kachi Official,148018.0,8123.0,Nồi chiên,2026-08-15,True,15.0,False,999000,0.0,0.0,False,700k-1.5tr,0%,Nồi chiên không dầu,1
275154851,7526448693451,"Nồi chiên không dầu Airfryer Philips  series 1000  NA130/00 6,2 lít - Hàng chính hãng",2490000,2490000,0,0,0.0,0,,available,backorder,19018,Philips,philips,20256.0,Telovietnam,19746.0,1882.0,Điện Gia Dụng,2026-08-15,False,0.0,False,2490000,0.0,0.0,False,>1.5tr,0%,Nồi chiên không dầu,0
275156813,8463952938176,Ấm siêu tốc GUGKDD ST29 công suất 1500w giúp đun nước siêu nhanh - Giao màu ngẫu nhiên,165000,165000,0,0,0.0,0,1.0,available,backorder,4820811,PEAFLO,peaflo,115414.0,Gold,106729.0,1882.0,Điện Gia Dụng,2026-08-15,True,1.0,False,165000,0.0,0.0,False,100-300k,0%,Ấm đun nước/Bình siêu tốc,0
275170522,3432298539524,"Nồi Áp Suất Điện Philips HD2237/66, Dung Tích 6Lit -  Công Suất 1300W, Hàng Chính Hãng",2990000,2990000,0,0,0.0,0,,available,backorder,19018,Philips,philips,20256.0,Telovietnam,19746.0,2.0,Root,2026-08-15,False,0.0,False,2990000,0.0,0.0,False,>1.5tr,0%,Nồi áp suất,0
275170531,3806423756059,"Nồi Áp Suất Điện Tử Philips HD2136/66, 5Lit - 980W, Hàng Chính Hãng",2400000,2400000,0,0,0.0,0,,available,backorder,19018,Philips,philips,20256.0,Telovietnam,19746.0,2.0,Root,2026-08-15,False,0.0,False,2400000,0.0,0.0,False,>1.5tr,0%,Nồi áp suất,0
275188831,5967810416115,Máy sấy tiệt trùng bát đĩa HeimChef HTD-3300 Hàng chính hãng,3990000,3990000,0,0,0.0,0,3.0,available,backorder,5517369,Heim chef,heim-chef,20256.0,Telovietnam,19746.0,1882.0,Điện Gia Dụng,2026-08-15,True,3.0,False,3990000,0.0,0.0,False,>1.5tr,0%,Khác / Chưa phân loại,0
275188852,6236441849385, Máy sấy và tiệt trùng chén bát Heim Chef HTD600 hàng chính hãng,3390000,3390000,0,0,0.0,0,6.0,available,backorder,5517369,Heim chef,heim-chef,20256.0,Telovietnam,19746.0,1882.0,Điện Gia Dụng,2026-08-15,True,6.0,False,3390000,0.0,0.0,False,>1.5tr,0%,Khác / Chưa phân loại,0
275199425,6814283495150,Nồi hấp đa năng Bluestone MPB-7235 - Hàng chính hãng,1490000,1699000,209000,12,0.0,0,1.0,available,backorder,18977,Bluestone,bluestone,162514.0,Long Hưng Official Store,149585.0,1882.0,Điện Gia Dụng,2026-08-15,True,1.0,False,1699000,12.301353737492644,0.3013537374926436,False,700k-1.5tr,10-20%,Nồi/Chảo (khác),0
275201218,4816198738470,Nồi áp suất Bluestone 5 lít PCB-5648 - Hàng chính hãng,1799000,1999000,200000,10,0.0,0,,available,backorder,18977,Bluestone,bluestone,162514.0,Long Hưng Official Store,149585.0,1882.0,Điện Gia Dụng,2026-08-15,False,0.0,False,1999000,10.005002501250624,0.005002501250624292,False,>1.5tr,0-10%,Nồi áp suất,0
275213070,1028862698951,Máy Pha Cafe RUSSEL HOBBS Espresso Distinctions 26451-56 1350W Màu Xanh Biển hàng chính hãng,6990000,6990000,0,0,0.0,0,2.0,available,backorder,40587,RUSSELL HOBBS,russell-hobbs,20256.0,Telovietnam,19746.0,1882.0,Điện Gia Dụng,2026-08-15,True,2.0,False,6990000,0.0,0.0,False,>1.5tr,0%,Máy pha cà phê,0
275234619,5761939774113,Máy Ép Chậm - Máy Ép Hoa Qủa Hongxinggg Ép Kiệt Dễ Dàng Sử Dụng - Hàng nhập khẩu,665000,665000,0,0,5.0,1,1.0,available,backorder,8226775,X LINH CHI STORE,x-linh-chi-store,261657.0,giadung 01 store,248697.0,1882.0,Điện Gia Dụng,2026-08-15,True,1.0,False,665000,0.0,0.0,False,300-700k,0%,Máy ép,1
275235170,2519071151955,Máy Ép Chậm Cỡ Lớn CAMEL Ép Rau Củ Hoa Quả - Hàng nhập khẩu,775000,775000,0,0,2.5,2,7.0,available,backorder,8226775,X LINH CHI STORE,x-linh-chi-store,261657.0,giadung 01 store,248697.0,1882.0,Điện Gia Dụng,2026-08-15,True,7.0,False,775000,0.0,0.0,False,700k-1.5tr,0%,Máy ép,2
275242477,8311520898292,"Máy Xay Sinh Tố, Máy Xay Đa Năng Nhật Bản 4 Lưỡi Công Suất 350W Dung Tích 750ml",175000,175000,0,0,3.8,9,27.0,available,backorder,4820811,PEAFLO,peaflo,115414.0,Gold,106729.0,1882.0,Điện Gia Dụng,2026-08-15,True,27.0,False,175000,0.0,0.0,False,100-300k,0%,Máy xay,9
275264193,5313718298204,Máy xay cầm tay SILVERCREST SSM 350 A1 Hàng chính hãng,990000,990000,0,0,0.0,0,,available,backorder,157145,Silvercrest,silvercrest,20256.0,Telovietnam,19746.0,2850.0,Máy xay cầm tay,2026-08-15,False,0.0,False,990000,0.0,0.0,False,700k-1.5tr,0%,Máy xay,0
275268423,1309957434435,Máy xay cầm tay không dây KitchenAid - màu đỏ siêu đẹp Hàng chính hãng,3790000,3790000,0,0,0.0,0,,available,backorder,47507,KitchenAid,kitchenaid,20256.0,Telovietnam,19746.0,1882.0,Điện Gia Dụng,2026-08-15,False,0.0,False,3790000,0.0,0.0,False,>1.5tr,0%,Máy xay,0
275271268,1404763211166,Máy Xay Tiêu Hạt Cafe Hạt Khô Gia Vị Đa Năng Công Suất 250W 8 Lưỡi Dao Cực Bén Chất Liệu Cối Inox - Hàng nhập khẩu,155000,155000,0,0,5.0,1,19.0,available,instock,4820811,PEAFLO,peaflo,115414.0,Gold,106729.0,1882.0,Điện Gia Dụng,2026-08-15,True,19.0,False,155000,0.0,0.0,False,100-300k,0%,Máy xay,1
275271315,7438080133254,Máy Xay Hạt Tiêu Hạt Cafe Hạt Khô Gia Vị Đa Năng Công Suất 250w 8 Lưỡi Dao Cực Bén Chất Liệu Cối Inox - Hàng Nhập Khẩu,175000,175000,0,0,4.5,10,57.0,available,instock,4820811,PEAFLO,peaflo,108828.0,Tiện ích 1708,100733.0,1882.0,Điện Gia Dụng,2026-08-15,True,57.0,False,175000,0.0,0.0,False,100-300k,0%,Máy xay,10
275285955,6573691242818,Máy hút mùi Eurosun EH-90AF79 Hàng Chính Hãng,8700000,8700000,0,0,0.0,0,,available,backorder,185807,Eurosun,eurosun,63066.0,Siêu Thị Bếp Vũ Sơn,59280.0,1882.0,Điện Gia Dụng,2026-08-15,False,0.0,False,8700000,0.0,0.0,False,>1.5tr,0%,Máy hút mùi,0
275289280,1268495789443,Máy Hút Mùi 60CF19S Hàng chính hãng,2835000,2835000,0,0,0.0,0,,available,backorder,185807,Eurosun,eurosun,63066.0,Siêu Thị Bếp Vũ Sơn,59280.0,2.0,Root,2026-08-15,False,0.0,False,2835000,0.0,0.0,False,>1.5tr,0%,Máy hút mùi,0
275294279,1485307754834,Máy Xay Thịt Đa Năng Cối Inox 2 Lít Dao Thép 4 Lưỡi,215000,215000,0,0,4.3,3,41.0,available,instock,4820811,PEAFLO,peaflo,108828.0,Tiện ích 1708,100733.0,1882.0,Điện Gia Dụng,2026-08-15,True,41.0,False,215000,0.0,0.0,False,100-300k,0%,Máy xay,3
275300741,1123745233121,[Hàng chính hãng] Máy pha cà phê espresso DeLonghi Stilosa EC230.BK,3585000,6150109,2565109,42,4.0,1,7.0,available,backorder,155511,DeLonghi,delonghi,355771.0,DeLonghi Official Store,343479.0,1882.0,Điện Gia Dụng,2026-08-15,True,7.0,False,6150109,41.70835020972799,0.291649790272011,False,>1.5tr,30-50%,Máy pha cà phê,1
275302668,2325674382029,[Hàng chính hãng] Máy pha cà phê espresso DeLonghi Icona Vintage ECOV311 (BG/GR),7415000,9161345,1746345,19,5.0,1,3.0,available,backorder,155511,DeLonghi,delonghi,355771.0,DeLonghi Official Store,343479.0,1882.0,Điện Gia Dụng,2026-08-15,True,3.0,False,9161345,19.062102780759812,0.06210278075981179,False,>1.5tr,10-20%,Máy pha cà phê,1
275303038,7799285021158,[Hàng chính hãng] Ấm đun nước siêu tốc DeLonghi Icona Metallics KBOT2001 (BG/ GY),3455000,3838909,383909,10,0.0,0,,available,backorder,155511,DeLonghi,delonghi,355771.0,DeLonghi Official Store,343479.0,1882.0,Điện Gia Dụng,2026-08-15,False,0.0,False,3838909,10.000471488123317,0.00047148812331698764,False,>1.5tr,0-10%,Ấm đun nước/Bình siêu tốc,0
275303434,4162946688103,[Hàng chính hãng] Máy nướng bánh mì DeLonghi Icona Vintage CTOV2103 (BG/ GR),3325000,3700473,375473,10,0.0,0,1.0,available,backorder,155511,DeLonghi,delonghi,355771.0,DeLonghi Official Store,343479.0,1882.0,Điện Gia Dụng,2026-08-15,True,1.0,False,3700473,10.146621796727066,0.1466217967270662,False,>1.5tr,0-10%,Khác / Chưa phân loại,0
275307613,3271744215219,[Hàng chính hãng] Nồi chiên không dầu đa năng DeLonghi FH2394.BK,6105000,8482909,2377909,28,0.0,0,,available,backorder,155511,DeLonghi,delonghi,355771.0,DeLonghi Official Store,343479.0,1882.0,Điện Gia Dụng,2026-08-15,False,0.0,False,8482909,28.031763632027644,0.031763632027644206,False,>1.5tr,20-30%,Nồi chiên không dầu,0
275307807,1903238025659,[Hàng chính hãng] Nồi chiên không dầu đa năng DeLonghi FH1394/2,7295000,10819637,3524637,33,0.0,0,1.0,available,backorder,155511,DeLonghi,delonghi,355771.0,DeLonghi Official Store,343479.0,1882.0,Điện Gia Dụng,2026-08-15,True,1.0,False,10819637,32.57629622879215,0.4237037712078475,False,>1.5tr,30-50%,Nồi chiên không dầu,0
275320230,5768919902038,Nồi cơm điện nắp gài Sunhouse Happy Time HTD8521P (1.8 Lít) - Hàng nhập khẩu,475000,475000,0,0,0.0,0,1.0,available,backorder,41048,Sunhouse,sunhouse,261657.0,giadung 01 store,248697.0,1882.0,Điện Gia Dụng,2026-08-15,True,1.0,False,475000,0.0,0.0,False,300-700k,0%,Nồi cơm điện,0
275322752,9551391024431,[Hàng chính hãng] Máy pha cà phê drip DeLonghi ICM12011.BK,1845000,1950873,105873,5,5.0,2,7.0,available,backorder,155511,DeLonghi,delonghi,355771.0,DeLonghi Official Store,343479.0,1882.0,Điện Gia Dụng,2026-08-15,True,7.0,False,1950873,5.426955009372727,0.426955009372727,False,>1.5tr,0-10%,Máy pha cà phê,2
275354604,9960774003117,Máy Nướng Bánh Mì Sandwich Đa Năng Dễ Sử Dụng - Hàng nhập khẩu,335000,335000,0,0,0.0,0,4.0,available,instock,8240097,ratoff-ars,ratoff-ars,100773.0,Smart Trading,93413.0,1882.0,Điện Gia Dụng,2026-08-15,True,4.0,False,335000,0.0,0.0,False,300-700k,0%,Khác / Chưa phân loại,0
275358610,6961831407428,"MÁY HÚT CHÂN KHÔNG KÈM HÀN MIỆNG TÚI, TẶNG KÈM 10 TÚI HÚT, AN TOÀN KHI SỬ DỤNG HÀNG CHÍNH HÃNG",712000,950000,238000,25,5.0,1,2.0,available,backorder,5166975,Anh Lam Store,anh-lam-store,236185.0,Minhlam Store,223217.0,1882.0,Điện Gia Dụng,2026-08-15,True,2.0,False,950000,25.05263157894737,0.05263157894736992,False,700k-1.5tr,20-30%,Máy hút chân không,3
275370250,2087772981604,"Máy Xay Hạt Khô Thành Bột Đa Năng 6 Lưỡi Dao Mạnh Mẽ, Công Suất 300 W - Hàng Chính Hãng",145000,145000,0,0,5.0,1,11.0,available,backorder,8205594,ASSTAR,asstar,106295.0,Chim sẻ đi nắng,98437.0,1882.0,Điện Gia Dụng,2026-08-15,True,11.0,False,145000,0.0,0.0,False,100-300k,0%,Máy xay,1
275376247,7061619350283,Máy Nướng Bánh Mì Sandwich Làm Nóng Thức Ăn Cho Bữa Sáng Đa Năng Dễ Sử Dụng - Hàng Chính Hãng,332000,450000,118000,26,0.0,0,1.0,available,backorder,5166975,Anh Lam Store,anh-lam-store,236185.0,Minhlam Store,223217.0,1882.0,Điện Gia Dụng,2026-08-15,True,1.0,False,450000,26.222222222222225,0.22222222222222499,False,300-700k,20-30%,Khác / Chưa phân loại,0
275376449,8931948635614,"Nồi điện, lẩu điện, chảo điện mini đa năng 2L gián hấp chiên xào (kèm khay hấp và tay cầm) - Hàng chính hãng",237000,350000,113000,32,5.0,9,59.0,available,backorder,5166975,Anh Lam Store,anh-lam-store,236185.0,Minhlam Store,223217.0,1895.0,Nồi lẩu điện,2026-08-15,True,59.0,False,350000,32.285714285714285,0.2857142857142847,False,100-300k,30-50%,Nồi/Chảo (khác),11
275376580,9036304285692,Máy Nướng Bánh Mì Sandwich Làm Nóng Thức Ăn Cho Bữa Sáng Đa Năng Dễ Sử Dụng - Hàng Nhập Khẩu,356000,450000,94000,21,0.0,0,14.0,available,backorder,5166975,Anh Lam Store,anh-lam-store,236185.0,Minhlam Store,223217.0,1882.0,Điện Gia Dụng,2026-08-15,True,14.0,False,450000,20.88888888888889,0.11111111111111072,False,300-700k,20-30%,Khác / Chưa phân loại,0
275376592,1660923656144,Nồi cơm điện cuckoo CR-389 1.8L Hàng chính hãng,414000,450000,36000,8,3.5,2,10.0,available,backorder,5166975,Anh Lam Store,anh-lam-store,236185.0,Minhlam Store,223217.0,1882.0,Điện Gia Dụng,2026-08-15,True,10.0,False,450000,8.0,0.0,False,300-700k,0-10%,Nồi cơm điện,2
275376631,8529397313291,"Máy hâm nước pha sữa, đun nước Misuta Anh Lam Store cao cấp 2023 có điều chỉnh và giữ nhiệt độ liên tục thông minh - Hàng chính hãng",522000,550000,28000,5,0.0,0,4.0,available,backorder,5166975,Anh Lam Store,anh-lam-store,236185.0,Minhlam Store,223217.0,1882.0,Điện Gia Dụng,2026-08-15,True,4.0,False,550000,5.090909090909091,0.09090909090909083,False,300-700k,0-10%,Khác / Chưa phân loại,0
275376664,2700971050528,Máy Xay Đồ Ăn Dặm Cho Bé 6 Lưỡi Cối Thuỷ Tinh Hàng Nội Địa Trung Bản Cao Cấp Siêu Mịn Tiện Dụng - Hàng Chính Hãng,318000,350000,32000,9,1.0,1,3.0,available,backorder,5166975,Anh Lam Store,anh-lam-store,236185.0,Minhlam Store,223217.0,1882.0,Điện Gia Dụng,2026-08-15,True,3.0,False,350000,9.142857142857142,0.14285714285714235,False,300-700k,0-10%,Máy xay,1
275376744,3731181784631,"Bếp từ đơn cảm ứng TẶNG KÈM NỒI có chức năng hẹn giờ, cài đặt thời gian nấu, truyền nhiệt tốt, tiết kiệm điện - Hàng Chính Hãng",375000,550000,175000,32,4.3,9,62.0,available,backorder,5166975,Anh Lam Store,anh-lam-store,236185.0,Minhlam Store,223217.0,23808.0,Bếp điện từ đơn,2026-08-15,True,62.0,False,550000,31.818181818181817,0.18181818181818343,False,300-700k,30-50%,Bếp điện/từ,9
275401725,1229402631620,"Máy sấy thực phẩm gia đình 5 khay Septree DBC-05A hẹn giờ sấy khô tự ngắt, hàng chính hãng",2390000,2390000,0,0,4.7,14,68.0,available,backorder,234389,Septree,septree,179711.0,ĐIỆN MÁY HTG,166747.0,1882.0,Điện Gia Dụng,2026-08-15,True,68.0,False,2390000,0.0,0.0,False,>1.5tr,0%,Khác / Chưa phân loại,14
275405381,8546366149504,"Máy Sấy Thực Phẩm Inox HTG 8 khay DBC08-A01 Sấy Khô Hoa Quả, Thịt, Đồ Ăn, Tia UV Khử Khuẩn, Hẹn Giờ, Hàng Chính Hãng",3790000,3790000,0,0,0.0,0,3.0,available,backorder,8095661,HIGH TECH GATE,high-tech-gate,179711.0,ĐIỆN MÁY HTG,166747.0,1882.0,Điện Gia Dụng,2026-08-15,True,3.0,False,3790000,0.0,0.0,False,>1.5tr,0%,Khác / Chưa phân loại,0
275408350,2252832376974,Nồi Cơm Điện Cuckoo 3.0 lít CR-1755- Lòng nồi chống dính- Hàng chính hãng Cuckoovina- Bảo hành 2 năm,2490000,2490000,0,0,5.0,1,3.0,available,backorder,20439,Cuckoo,cuckoo,29960.0,CUCKOO Store,29294.0,1882.0,Điện Gia Dụng,2026-08-15,True,3.0,False,2490000,0.0,0.0,False,>1.5tr,0%,Nồi cơm điện,1
275408692,8406879586710,Dụng cụ đánh vảy cá inox 23.3x3.5cm PaKaSa - Hàng chính hãng,29000,58000,29000,50,0.0,0,2.0,available,instock,5033337,PaKaSa,pakasa,137411.0,Phụ Kiện Store 76,126883.0,1882.0,Điện Gia Dụng,2026-08-15,True,2.0,False,58000,50.0,0.0,False,<100k,30-50%,Khác / Chưa phân loại,0
275418577,9957838867605,Ấm Siêu Tốc Sharp Thái Lan Cao Cấp 1.8L EK-18VP - giao mầu ngẫu nhiên,595000,595000,0,0,0.0,0,1.0,available,backorder,19912,Sharp,sharp,247324.0,Cửa hàng Phương Phương,234356.0,1882.0,Điện Gia Dụng,2026-08-15,True,1.0,False,595000,0.0,0.0,False,300-700k,0%,Ấm đun nước/Bình siêu tốc,0
275420944,8709761227985,MÁY LÀM SỮA CHUA HY LẠP CỦA VONSHEF ‎2000018 Hàng chính hãng,2490000,2490000,0,0,0.0,0,1.0,available,backorder,4640171,VonShef,vonshef,20256.0,Telovietnam,19746.0,1882.0,Điện Gia Dụng,2026-08-15,True,1.0,False,2490000,0.0,0.0,False,>1.5tr,0%,Máy làm sữa chua,0
275426507,5682677167166,Nhiệt Kế Đo Nhiệt Độ Thức Ăn - Hàng chính hãng ,59000,118000,59000,50,5.0,3,35.0,available,instock,5033337,PaKaSa,pakasa,137411.0,Phụ Kiện Store 76,126883.0,1882.0,Điện Gia Dụng,2026-08-15,True,35.0,False,118000,50.0,0.0,False,<100k,30-50%,Khác / Chưa phân loại,3
275428240,5462771590627,"Bếp Điện Từ Đôi LocknLock EJI326WHT - Nhỏ Gọn, Mặt Kính, Khóa An Toàn, Hẹn Giờ - Hàng chính hãng",2449000,3500000,1051000,30,5.0,3,13.0,available,backorder,48077,LocknLock,locknlock,195742.0,Điện Máy Vymart,182775.0,1882.0,Điện Gia Dụng,2026-08-15,True,13.0,False,3500000,30.028571428571425,0.028571428571424917,False,>1.5tr,20-30%,Bếp điện/từ,3
275439035,6638462899570,Nồi Cơm Điện Thương Mại Dung Tích Lớn JNO-B36W 3.6 lít - Hàng chính hãng,11990000,11990000,0,0,0.0,0,,available,backorder,79440,Tiger,tiger,165778.0,TIGER OFFICIAL FLAGSHIP STORE,152771.0,1882.0,Điện Gia Dụng,2026-08-15,False,0.0,False,11990000,0.0,0.0,False,>1.5tr,0%,Nồi cơm điện,0
275439652,4588695555940,Ron cao su dành cho nồi áp suất điện từ 3L đến 6L- Hàng nhập khẩu,97900,97900,0,0,0.0,0,6.0,available,backorder,20306,Rainy,rainy,132610.0,gia dụng mai trang,122475.0,1882.0,Điện Gia Dụng,2026-08-15,True,6.0,False,97900,0.0,0.0,False,<100k,0%,Nồi áp suất,0
275439717,3123148346367,Nồi Cơm Điện Tử Cao Tần Tiger JPK-W10W 1 lít - Hàng chính hãng,9949000,11060000,1111000,10,0.0,0,,available,backorder,79440,Tiger,tiger,292953.0,ĐIỆN MÁY TẤN TÀI,280276.0,1882.0,Điện Gia Dụng,2026-08-15,False,0.0,False,11060000,10.045207956600361,0.04520795660036114,False,>1.5tr,0-10%,Nồi cơm điện,0
275439740,5122014669314,Nồi Cơm Điện Tử Cao Tần Tiger JPC-W18W 1.8 lít - Hàng chính hãng,12649000,13850000,1201000,9,0.0,0,,available,backorder,79440,Tiger,tiger,292953.0,ĐIỆN MÁY TẤN TÀI,280276.0,1882.0,Điện Gia Dụng,2026-08-15,False,0.0,False,13850000,8.671480144404333,0.3285198555956672,False,>1.5tr,0-10%,Nồi cơm điện,0
275457714,9056880916915,"Nồi Tiềm Yến, Nấu Cháo, Soup, hầm chậm... bằng điện 0,7Lít GX 07A (nắp kính hồng)- hàng nhập khẩu",240900,240900,0,0,5.0,1,9.0,available,backorder,20306,Rainy,rainy,132610.0,gia dụng mai trang,122475.0,1882.0,Điện Gia Dụng,2026-08-15,True,9.0,False,240900,0.0,0.0,False,100-300k,0%,Nồi/Chảo (khác),1
275458768,3703250235409,Ấm đun siêu tốc OP-47 dung tích 5L (Inox 304)- Hàng nhập khẩu,713900,713900,0,0,0.0,0,,available,backorder,20306,Rainy,rainy,132610.0,gia dụng mai trang,122475.0,1882.0,Điện Gia Dụng,2026-08-15,False,0.0,False,713900,0.0,0.0,False,700k-1.5tr,0%,Ấm đun nước/Bình siêu tốc,0
275460847,4317334574457,Ấm siêu tốc JK 78 dung tích 1.8L Màu ngẫu nhiên- Hàng nhập khẩu,284900,284900,0,0,0.0,0,,available,backorder,20306,Rainy,rainy,132610.0,gia dụng mai trang,122475.0,1882.0,Điện Gia Dụng,2026-08-15,False,0.0,False,284900,0.0,0.0,False,100-300k,0%,Ấm đun nước/Bình siêu tốc,0
275469625,4370278030298,"Ruột phích 2 LÍT (RF-2035) , Ruột bình giữ nhiệt, Ruột bình thủy Rạng Đông- HÀNG CHÍNH HÃNG",108900,108900,0,0,5.0,1,9.0,available,backorder,193677,Rạng Đông,rang-dong,132610.0,gia dụng mai trang,122475.0,1882.0,Điện Gia Dụng,2026-08-15,True,9.0,False,108900,0.0,0.0,False,100-300k,0%,Bình giữ nhiệt,1
275482242,4892891339997,Ấm sắc thuốc Trường An TA37L Báo động Nâu - Hàng chính hãng,585000,585000,0,0,0.0,0,2.0,available,instock,280915,Trường An,truong-an,11176.0,Công Ty Phong Tiến,10899.0,1882.0,Điện Gia Dụng,2026-08-15,True,2.0,False,585000,0.0,0.0,False,300-700k,0%,Khác / Chưa phân loại,0
275489646,6159542906590,"Nồi Chảo Lẩu Điện Vuông Đa Năng - DTCLD01, Giao mầu ngẫu nhiên - Hàng nhập khẩu",435000,435000,0,0,0.0,0,2.0,available,backorder,8226775,X LINH CHI STORE,x-linh-chi-store,261657.0,giadung 01 store,248697.0,1882.0,Điện Gia Dụng,2026-08-15,True,2.0,False,435000,0.0,0.0,False,300-700k,0%,Nồi/Chảo (khác),0
275494224,7259135926298,Nồi chiên không dầu Philips 4.2 lít NA220/00  - Hàng chính hãng,1743000,2399000,656000,27,5.0,3,29.0,available,instock,19018,Philips,philips,1.0,Tiki Trading,40395.0,8123.0,Nồi chiên,2026-08-15,True,29.0,False,2399000,27.344726969570655,0.3447269695706545,False,>1.5tr,20-30%,Nồi chiên không dầu,4
275494225,6151034622840,Nồi chiên không dầu Philips 6.2 lít NA230/00  - Hàng chính hãng,2041000,2999000,958000,32,5.0,20,86.0,available,instock,19018,Philips,philips,1.0,Tiki Trading,40395.0,8123.0,Nồi chiên,2026-08-15,True,86.0,False,2999000,31.94398132710904,0.05601867289096063,False,>1.5tr,30-50%,Nồi chiên không dầu,20
275494237,2915461849539,Nồi chiên không dầu Philips 6.2 lít NA130/00  - Hàng chính hãng,1469000,2099000,630000,30,4.8,27,120.0,available,instock,19018,Philips,philips,1.0,Tiki Trading,40395.0,8123.0,Nồi chiên,2026-08-15,True,120.0,False,2099000,30.014292520247736,0.014292520247735752,False,700k-1.5tr,20-30%,Nồi chiên không dầu,27
275507004,6113047092783,Máy làm sữa hạt Gume MSB-02 hàng chính hãng,1290000,1290000,0,0,5.0,1,6.0,available,backorder,8198737,Gume,gume,20256.0,Telovietnam,19746.0,1882.0,Điện Gia Dụng,2026-08-15,True,6.0,False,1290000,0.0,0.0,False,700k-1.5tr,0%,Máy làm sữa hạt,1
275512776,5563158656758,"Máy xay cầm tay Elmich BLE-8666, công suất 1000W, thiết kế cầm tay dễ sử dụng, lưỡi dao bằng thép không gỉ siêu bền, đảm bảo an toàn tuyệt đối cho sức khỏe  - Hàng chính hãng",1172000,1499000,327000,22,4.5,2,25.0,available,instock,31627,Elmich,elmich,1.0,Tiki Trading,40395.0,2850.0,Máy xay cầm tay,2026-08-15,True,25.0,False,1499000,21.81454302868579,0.1854569713142098,False,700k-1.5tr,20-30%,Máy xay,3
275512780,7139637885018,"Máy ép chậm Elmich JEE-8758, công suất 240W, bảo toàn dưỡng chất, giữ trọn hương vị, ép kiệt bã tới 98% - Hàng Chính Hãng",2560000,3273000,713000,22,4.2,6,23.0,available,instock,31627,Elmich,elmich,1.0,Tiki Trading,40395.0,67133.0,Máy ép chậm,2026-08-15,True,23.0,False,3273000,21.784295753131683,0.21570424686831657,False,>1.5tr,20-30%,Máy ép,6
275512782,7750022713261,"Máy xay thịt, xay thực phẩm cho bé Elmich CHE-8665, 6 lưỡi inox 304 - An toàn tuyệt đối - Hàng chính hãng",566000,723000,157000,22,5.0,24,154.0,available,instock,31627,Elmich,elmich,1.0,Tiki Trading,40395.0,2850.0,Máy xay cầm tay,2026-08-15,True,154.0,False,723000,21.715076071922546,0.28492392807745404,False,300-700k,20-30%,Máy xay,24
275512801,6385715599960,Máy ép chậm Elmich JEE-8723 công suất 250W - Hàng chính hãng,1963000,2510000,547000,22,0.0,0,13.0,available,instock,31627,Elmich,elmich,1.0,Tiki Trading,40395.0,67133.0,Máy ép chậm,2026-08-15,True,13.0,False,2510000,21.792828685258964,0.20717131474103567,False,>1.5tr,20-30%,Máy ép,0
275513120,3540237079982,Ấm siêu tốc GUME GMEK - 031 Hàng chính hãng,790000,790000,0,0,4.5,2,4.0,available,backorder,8198737,Gume,gume,20256.0,Telovietnam,19746.0,1882.0,Điện Gia Dụng,2026-08-15,True,4.0,False,790000,0.0,0.0,False,700k-1.5tr,0%,Ấm đun nước/Bình siêu tốc,2
275513384,3693748989242,"Ấm đun siêu tốc Daewoo 1.7L DWK-17DGT Hàng Chính Hãng điều khiển cảm ứng, chỉnh nhiều mức nhiệt, bảo hành 2 năm",562000,990000,428000,43,5.0,18,53.0,available,instock,20056,Daewoo,daewoo,1.0,Tiki Trading,40395.0,1882.0,Điện Gia Dụng,2026-08-15,True,53.0,False,990000,43.23232323232323,0.23232323232323182,False,300-700k,30-50%,Ấm đun nước/Bình siêu tốc,18
275513556,5296774907005,"Ấm đun siêu tốc Daewoo 1L DWK-GN10LCD Hàng Chính Hãng chỉnh nhiều mức nhiệt, bảo hành 2 năm",862000,1390000,528000,38,4.7,10,64.0,available,instock,20056,Daewoo,daewoo,1.0,Tiki Trading,40395.0,1882.0,Điện Gia Dụng,2026-08-15,True,64.0,False,1390000,37.985611510791365,0.01438848920863478,False,700k-1.5tr,30-50%,Ấm đun nước/Bình siêu tốc,13
275513762,4485059885037,"Ấm đun nước siêu tốc Elmich 1,7L KEE 1774 P - Hàng chính hãng",736000,959000,223000,23,5.0,12,57.0,available,instock,31627,Elmich,elmich,1.0,Tiki Trading,40395.0,1931.0,Bình đun siêu tốc,2026-08-15,True,57.0,False,959000,23.2533889468196,0.25338894681960156,False,700k-1.5tr,20-30%,Ấm đun nước/Bình siêu tốc,12
275514094,3362363864798,Ấm Đun Nước Điện TIGER PCG-G10 Dung Tích 1 Lít - Hàng chính hãng,2420000,2420000,0,0,0.0,0,1.0,available,backorder,79440,Tiger,tiger,165778.0,TIGER OFFICIAL FLAGSHIP STORE,152771.0,1882.0,Điện Gia Dụng,2026-08-15,True,1.0,False,2420000,0.0,0.0,False,>1.5tr,0%,Ấm đun nước/Bình siêu tốc,0
275515112,5075273721539,Nồi áp suất Elmich PCE-1805 dung tích 2.5L - Hàng Chính Hãng,1133000,1449000,316000,22,4.8,238,209.0,available,instock,31627,Elmich,elmich,1.0,Tiki Trading,40395.0,1882.0,Điện Gia Dụng,2026-08-15,True,209.0,False,1449000,21.808143547273982,0.19185645272601803,False,700k-1.5tr,20-30%,Nồi áp suất,238
275518877,5502036066430,"Máy Xay Nấu Đa Năng Olivo CB2000, 980w - 1000w, Lưỡi Dao 10 Cánh, Hàng chính hãng",2290000,2290000,0,0,0.0,0,,available,backorder,4256753,OLIVO,olivo,20256.0,Telovietnam,19746.0,2.0,Root,2026-08-15,False,0.0,False,2290000,0.0,0.0,False,>1.5tr,0%,Máy xay,0
275518893,5596200205734,"Nồi Chiên Hơi Nước OLIVO SF16 PRO - 56 Chức Năng, Dung Tích 16L, Công Suất 2800W, Hàng Chính Hãng",5490000,5490000,0,0,0.0,0,2.0,available,backorder,4256753,OLIVO,olivo,20256.0,Telovietnam,19746.0,2.0,Root,2026-08-15,True,2.0,False,5490000,0.0,0.0,False,>1.5tr,0%,Nồi/Chảo (khác),0
275518899,1737760528486,"Nồi Chiên Không Dầu Philips NA230/00, Mặt Kính Nhìn Thực Phẩm, 6.2 lít - 1700W, Hàng Chính Hãng",3190000,3190000,0,0,0.0,0,1.0,available,backorder,19018,Philips,philips,20256.0,Telovietnam,19746.0,2.0,Root,2026-08-15,True,1.0,False,3190000,0.0,0.0,False,>1.5tr,0%,Nồi chiên không dầu,0
275529046,6178315716623,Máy xay cafe mini đa năng siêu tiện dụng cầm tay (COFFEE GRINDER) - Hàng chính hãng,199920,274000,74080,27,0.0,0,8.0,available,instock,5033337,PaKaSa,pakasa,137411.0,Phụ Kiện Store 76,126883.0,1882.0,Điện Gia Dụng,2026-08-15,True,8.0,False,274000,27.036496350364963,0.03649635036496335,False,100-300k,20-30%,Máy xay,0
275541785,8302740013330,"Nồi Cơm Điện Hàn Quốc SHARP 1L-1.2L-1.8L, Nồi Nhỏ Cao Cấp Dành Cho Sinh Viên - Hàng nhập khẩu, giao mầu ngẫu nhiên",345000,345000,0,0,4.5,4,22.0,available,backorder,19912,Sharp,sharp,247324.0,Cửa hàng Phương Phương,234356.0,1882.0,Điện Gia Dụng,2026-08-15,True,22.0,False,345000,0.0,0.0,False,300-700k,0%,Nồi cơm điện,4
275567759,8765965932504,"Máy Hút Chân Không thực phẩm hàn miệng túi Vacuum Sealer dùng cho gia đình, hút khỏe, hết khí + Tặng 10 túi - Hàng nhập khẩu",119000,119000,0,0,4.8,4,32.0,available,backorder,5266547,XM,xm,173338.0,SMARTWATCH,160374.0,1882.0,Điện Gia Dụng,2026-08-15,True,32.0,False,119000,0.0,0.0,False,100-300k,0%,Máy hút chân không,4
275588009,8460070720598,[CỬA HÀNG CHÍNH HÃNG] Bếp từ công nghiệp đôi 8KWx2 mặt lõm Fushimavina,48400000,48400000,0,0,0.0,0,,available,backorder,637923,Fushimavina,fushimavina,351921.0,Fushima Vina,339629.0,1882.0,Điện Gia Dụng,2026-08-15,False,0.0,False,48400000,0.0,0.0,False,>1.5tr,0%,Bếp điện/từ,0
275588114,8823055842701,"Máy pha cà phê 6 trong 1, Espresso, Viên Nén Nespresso, Nescafe Dolcegusto, Kcup, Túi ESE POD và Trà thương hiệu Mỹ HiBREW H1B - Hàng Chính Hãng",4801000,4801000,0,0,0.0,0,,available,backorder,556975,HiBREW,hibrew,256950.0,THẾ GIỚI ĐIỆN MÁY GIA DỤNG,243982.0,1882.0,Điện Gia Dụng,2026-08-15,False,0.0,False,4801000,0.0,0.0,False,>1.5tr,0%,Máy pha cà phê,0
275591754,1738748525834,[CỬA HÀNG CHÍNH HÃNG] Bếp từ công nghiệp đôi 15KWx2 mặt lõm Fushimavina,63800000,63800000,0,0,0.0,0,,available,backorder,637923,Fushimavina,fushimavina,351921.0,Fushima Vina,339629.0,1882.0,Điện Gia Dụng,2026-08-15,False,0.0,False,63800000,0.0,0.0,False,>1.5tr,0%,Bếp điện/từ,0
275592898,7009567006650,[CỬA HÀNG CHÍNH HÃNG] Bếp từ công nghiệp 3.5KW mặt phẳng Viner,8800000,8800000,0,0,0.0,0,1.0,available,backorder,7878607,VinER,viner,310017.0,Viner,297579.0,1882.0,Điện Gia Dụng,2026-08-15,True,1.0,False,8800000,0.0,0.0,False,>1.5tr,0%,Bếp điện/từ,0
275593492,5877615658319,[CỬA HÀNG CHÍNH HÃNG] Bếp từ công nghiệp 5KW mặt phẳng Viner,12100000,12100000,0,0,0.0,0,,available,backorder,7878607,VinER,viner,310017.0,Viner,297579.0,1882.0,Điện Gia Dụng,2026-08-15,False,0.0,False,12100000,0.0,0.0,False,>1.5tr,0%,Bếp điện/từ,0
275594525,1472882149190,[CỬA HÀNG CHÍNH HÃNG] Bếp từ công nghiệp đơn 8KW mặt lõm Viner,26950000,26950000,0,0,0.0,0,,available,backorder,7878607,VinER,viner,310017.0,Viner,297579.0,1882.0,Điện Gia Dụng,2026-08-15,False,0.0,False,26950000,0.0,0.0,False,>1.5tr,0%,Bếp điện/từ,0
275596706,9635278791821,"Nồi Nấu Cháo, Nấu Chậm Bear 1L SB-NNC10 Hàng chính hãng",990000,990000,0,0,0.0,0,,available,backorder,198523,Bear,bear,20256.0,Telovietnam,19746.0,1882.0,Điện Gia Dụng,2026-08-15,False,0.0,False,990000,0.0,0.0,False,700k-1.5tr,0%,Nồi/Chảo (khác),0
275600558,2397997345518,Máy ép chậm Kangaroo KG200SJD1 - Hàng Chính Hãng,1390000,2603000,1213000,47,0.0,0,1.0,available,instock,19589,Kangaroo,kangaroo,1.0,Tiki Trading,40395.0,2.0,Root,2026-08-15,True,1.0,False,2603000,46.60007683442182,0.39992316557817986,False,700k-1.5tr,30-50%,Máy ép,0
275600667,8512660778622,Máy đánh trứng Philips HR3705/20 - Hàng Chính Hãng,890000,890000,0,0,0.0,0,,available,backorder,19018,Philips,philips,20256.0,Telovietnam,19746.0,2.0,Root,2026-08-15,False,0.0,False,890000,0.0,0.0,False,700k-1.5tr,0%,Máy đánh trứng,0
275602310,3394596177721,[CỬA HÀNG CHÍNH HÃNG] Bếp từ công nghiệp đơn 30KW Viner (xào trực tiếp),47300000,47300000,0,0,0.0,0,,available,backorder,7878607,VinER,viner,310017.0,Viner,297579.0,1882.0,Điện Gia Dụng,2026-08-15,False,0.0,False,47300000,0.0,0.0,False,>1.5tr,0%,Bếp điện/từ,0
275604485,5502060106605,Nồi cơm điện nắp rời Sharp KSH-D55V/D77V/D1010V - 5Lit / 7Lit / 10Lit - Hàng chính hãng - Bảo hành 12 tháng,2379000,3190000,811000,25,0.0,0,,available,backorder,19912,Sharp,sharp,345161.0,Gia Dụng Lạc Khải,332870.0,1882.0,Điện Gia Dụng,2026-08-15,False,0.0,False,3190000,25.42319749216301,0.42319749216300906,False,>1.5tr,20-30%,Nồi cơm điện,0
275604717,4822365686838,"Nồi cơm nắp gài Sharp 1.8 lít KS-183TJV - Công nghệ nấu 3D, Công suất 700W - Hàng chính hãng - Bảo hành 12 tháng",729000,890000,161000,18,0.0,0,,available,backorder,19912,Sharp,sharp,345161.0,Gia Dụng Lạc Khải,332870.0,1882.0,Điện Gia Dụng,2026-08-15,False,0.0,False,890000,18.089887640449437,0.08988764044943665,False,700k-1.5tr,10-20%,Nồi cơm điện,0
275609049,4290278446473,Nồi chiên không dầu hơi nước Bluestone 24 lít AFB-5895 - Hàng chính hãng,5999000,8999000,3000000,33,0.0,0,,available,backorder,18977,Bluestone,bluestone,162514.0,Long Hưng Official Store,149585.0,1882.0,Điện Gia Dụng,2026-08-15,False,0.0,False,8999000,33.3370374486054,0.3370374486054004,False,>1.5tr,30-50%,Nồi chiên không dầu,0
275611385,1195498881672,"Máy pha cà phê 6 trong 1, Espresso, Viên Nén Nespresso, Nescafe Dolcegusto, Kcup, Túi ESE POD và Trà. Thương hiệu Mỹ cao cấp HiBREW - H1B. HÀNG CHÍNH HÃNG",4802000,4802000,0,0,0.0,0,,available,backorder,556975,HiBREW,hibrew,208147.0,SIÊU THỊ ĐIỆN MÁY GIA DỤNG,195179.0,1882.0,Điện Gia Dụng,2026-08-15,False,0.0,False,4802000,0.0,0.0,False,>1.5tr,0%,Máy pha cà phê,0
275612868,8917708114495,"MÁY LÀM BÁNH WAFFLE BOMANN WA 1365 CB, KHUÔN HÌNH TỔ ONG Hàng chính hãng",2090000,2090000,0,0,0.0,0,4.0,available,backorder,8246755,BOMANN,bomann,20256.0,Telovietnam,19746.0,1882.0,Điện Gia Dụng,2026-08-15,True,4.0,False,2090000,0.0,0.0,False,>1.5tr,0%,Khác / Chưa phân loại,0
275613315,1950172668988,Máy Pha Cà Phê 6 Trong 1 HiBREW H1B Thương Hiệu Mỹ Pha Nóng-Lạnh Áp suất 20 Bar - Hàng Nhập Khẩu (Bảo Hành 12 Tháng),4801000,4801000,0,0,0.0,0,2.0,available,backorder,556975,HiBREW,hibrew,112137.0,DC THẾ GIỚI PHỤ KIỆN CÔNG NGHỆ Ô TÔ,103749.0,1882.0,Điện Gia Dụng,2026-08-15,True,2.0,False,4801000,0.0,0.0,False,>1.5tr,0%,Máy pha cà phê,0
275618326,4270014849043,Bình đun siêu tốc Sharp 1 lít EKJ-10DVPS-RD - Hàng Chính Hãng,440000,440000,0,0,0.0,0,,available,backorder,19912,Sharp,sharp,184067.0,Siêu Thị Điện Máy Từ Sơn,171102.0,2.0,Root,2026-08-15,False,0.0,False,440000,0.0,0.0,False,300-700k,0%,Ấm đun nước/Bình siêu tốc,0
275623989,6026961040087,Bình đun siêu tốc Philips 1.7 lít HD9339/80 - Hàng Chính Hãng,1390000,1390000,0,0,0.0,0,,available,backorder,19018,Philips,philips,20256.0,Telovietnam,19746.0,2.0,Root,2026-08-15,False,0.0,False,1390000,0.0,0.0,False,700k-1.5tr,0%,Ấm đun nước/Bình siêu tốc,0
275628852,6022772091560,Dây điện trở nấu nước sôi - Hàng nhập khẩu,66000,66000,0,0,4.5,2,5.0,available,backorder,20306,Rainy,rainy,132610.0,gia dụng mai trang,122475.0,1882.0,Điện Gia Dụng,2026-08-15,True,5.0,False,66000,0.0,0.0,False,<100k,0%,Khác / Chưa phân loại,2
275638074,4260044485316,Máy xay sinh tố Philips HR3041/00 - Hàng Chính Hãng,2193000,3000000,807000,27,0.0,0,,available,backorder,19018,Philips,philips,12063.0,Điện Máy Phú Sĩ,11732.0,2.0,Root,2026-08-15,False,0.0,False,3000000,26.900000000000002,0.09999999999999787,False,>1.5tr,20-30%,Máy xay,0
275646555,8177195722264,Nồi nấu đa năng Ohella Master Multicooker MC01 Hàng chính hãng,4890000,4890000,0,0,0.0,0,2.0,available,backorder,5517377,Ohella,ohella,20256.0,Telovietnam,19746.0,1882.0,Điện Gia Dụng,2026-08-15,True,2.0,False,4890000,0.0,0.0,False,>1.5tr,0%,Nồi/Chảo (khác),0
275662212,5861786512857,Nồi Cơm Điện Philips Dòng 1000 Series Philips HD3008/30 - Hàng Chính Hãng,990000,990000,0,0,0.0,0,,available,backorder,19018,Philips,philips,20256.0,Telovietnam,19746.0,1882.0,Điện Gia Dụng,2026-08-15,False,0.0,False,990000,0.0,0.0,False,700k-1.5tr,0%,Nồi cơm điện,0
275676389,7245473599978,Máy ép trái cây Panasonic MJ-CB600SRA - Hàng Chính Hãng,3290000,3290000,0,0,0.0,0,,available,backorder,18804,Panasonic,panasonic,184067.0,Siêu Thị Điện Máy Từ Sơn,171102.0,2.0,Root,2026-08-15,False,0.0,False,3290000,0.0,0.0,False,>1.5tr,0%,Máy ép,0
275678021,8709627110739,Set Máy làm sữa chua và pho mai ROICHEN Hàn Quốc Hàng chính hãng,550000,550000,0,0,0.0,0,,available,backorder,5465099,Roichen,roichen,20256.0,Telovietnam,19746.0,1882.0,Điện Gia Dụng,2026-08-15,False,0.0,False,550000,0.0,0.0,False,300-700k,0%,Máy làm sữa chua,0
275689653,5745120892223,PADR-MK-GB3WRA - MÁY ĐÁNH TRỨNG PANASONIC PADR-MK-GB3WRA - Hàng chính hãng,1250000,1250000,0,0,0.0,0,,available,backorder,18804,Panasonic,panasonic,184067.0,Siêu Thị Điện Máy Từ Sơn,171102.0,1882.0,Điện Gia Dụng,2026-08-15,False,0.0,False,1250000,0.0,0.0,False,700k-1.5tr,0%,Máy đánh trứng,0
275695215,4150278435755,CR18 - NỒI CƠM ĐIỆN NẮP RỜI ALASKA CR18 - Hàng chính hãng,789000,900000,111000,12,0.0,0,,available,backorder,22042,Alaska,alaska,218.0,Gia Khang,178.0,1882.0,Điện Gia Dụng,2026-08-15,False,0.0,False,900000,12.333333333333334,0.3333333333333339,False,700k-1.5tr,10-20%,Nồi cơm điện,0
275695277,1096866635779,JPW-G10W-HD / JPW-G18W-HD - NỒI CƠM ĐIỆN TỬ CAO TẦN TIGER JPW-G10W-HD / JPW-G18W-HD - Hàng chính hãng,6829000,9999000,3170000,32,0.0,0,,available,backorder,79440,Tiger,tiger,58532.0,Trương Thiên Long,55298.0,1882.0,Điện Gia Dụng,2026-08-15,False,0.0,False,9999000,31.703170317031702,0.2968296829682977,False,>1.5tr,30-50%,Nồi cơm điện,0
275697850,6212379503408,[HÀNG CHÍNH HÃNG] Máy làm kem tươi 2 máy nén dạng đứng Viner,66000000,66000000,0,0,0.0,0,,available,backorder,7878607,VinER,viner,310017.0,Viner,297579.0,1882.0,Điện Gia Dụng,2026-08-15,False,0.0,False,66000000,0.0,0.0,False,>1.5tr,0%,Khác / Chưa phân loại,0
275706284,3281429812523,Nồi chiên không dầu Panasonic NF-CC150WRA màn hình kép - Hàng chính hãng,3229000,3229000,0,0,0.0,0,,available,instock,18804,Panasonic,panasonic,138278.0,AM MART,127693.0,1882.0,Điện Gia Dụng,2026-08-15,False,0.0,False,3229000,0.0,0.0,False,>1.5tr,0%,Nồi chiên không dầu,0
275706841,1684391674516,Nồi chiên không dầu Philips NA130/00 6.2L(imei) - Hàng Chính Hãng,2490000,2490000,0,0,0.0,0,,available,backorder,19018,Philips,philips,20256.0,Telovietnam,19746.0,2.0,Root,2026-08-15,False,0.0,False,2490000,0.0,0.0,False,>1.5tr,0%,Nồi chiên không dầu,0
275708571,9340500168688,Ấm thuỷ giữ nhiệt 1.7 Lít Mishio MK385 inox 304 - hàng chính hãng,639000,639000,0,0,4.5,2,,available,backorder,51325,Mishio,mishio,160749.0,Mishio Kachi Official,148018.0,1931.0,Bình đun siêu tốc,2026-08-15,False,0.0,False,639000,0.0,0.0,False,300-700k,0%,Khác / Chưa phân loại,2
275710226,6341076958758,"Ấm đun siêu tốc Masuto 1,7L MS Nami 2 lớp, giữ nhiệt, chống bỏng an toàn, inox 304 nguyên khối - Hàng chính hãng",769000,769000,0,0,0.0,0,1.0,available,backorder,545391,Masuto,masuto,173338.0,SMARTWATCH,160374.0,1882.0,Điện Gia Dụng,2026-08-15,True,1.0,False,769000,0.0,0.0,False,700k-1.5tr,0%,Ấm đun nước/Bình siêu tốc,0
275728931,7706618212578,[CỬA HÀNG CHÍNH HÃNG] Máy làm kem tươi cao cấp 3 máy nén dạng bàn,50000000,50000000,0,0,0.0,0,,available,backorder,637923,Fushimavina,fushimavina,351921.0,Fushima Vina,339629.0,1882.0,Điện Gia Dụng,2026-08-15,False,0.0,False,50000000,0.0,0.0,False,>1.5tr,0%,Khác / Chưa phân loại,0
275729060,9628409612403,[CỬA HÀNG CHÍNH HÃNG] Máy làm kem tươi cao cấp 3 máy nén dạng đứng,50000000,50000000,0,0,0.0,0,,available,backorder,637923,Fushimavina,fushimavina,351921.0,Fushima Vina,339629.0,1882.0,Điện Gia Dụng,2026-08-15,False,0.0,False,50000000,0.0,0.0,False,>1.5tr,0%,Khác / Chưa phân loại,0
275732755,7043384487734,"Máy Làm Sữa Hạt, Máy Nấu Sữa Hạt Đa Chức Năng, Dung Tích 800ml, Hẹn Giờ 12 Tiếng, Giữ Nhiệt 4h - Hàng Nhập Khẩu",599000,599000,0,0,0.0,0,2.0,available,backorder,8205594,ASSTAR,asstar,106295.0,Chim sẻ đi nắng,98437.0,1882.0,Điện Gia Dụng,2026-08-15,True,2.0,False,599000,0.0,0.0,False,300-700k,0%,Máy làm sữa hạt,0
275746821,3218791836014,Nồi hấp điện Cuisinart STM-3000HK Hàng chính hãng,7690000,7690000,0,0,5.0,1,2.0,available,backorder,277977,Cuisinart,cuisinart,20256.0,Telovietnam,19746.0,1882.0,Điện Gia Dụng,2026-08-15,True,2.0,False,7690000,0.0,0.0,False,>1.5tr,0%,Nồi/Chảo (khác),1
275750848,7339251648343,"Lò nướng Sharp EO-A323RCSV-ST 32 lít , công suất 1500W - Nướng xiên quay - Hàng chính hãng",1989000,2890000,901000,31,0.0,0,1.0,available,backorder,19912,Sharp,sharp,345161.0,Gia Dụng Lạc Khải,332870.0,1882.0,Điện Gia Dụng,2026-08-15,True,1.0,False,2890000,31.176470588235293,0.1764705882352935,False,>1.5tr,30-50%,Lò vi sóng/nướng,0
275758304,3365497232978,"Máy vắt cam Sharp 40W EJ-J407-BK, Tự động đảo chiều vắt - Hàng chính hãng",289000,450000,161000,36,4.0,1,1.0,available,backorder,19912,Sharp,sharp,345161.0,Gia Dụng Lạc Khải,332870.0,1882.0,Điện Gia Dụng,2026-08-15,True,1.0,False,450000,35.77777777777777,0.22222222222222854,False,100-300k,30-50%,Khác / Chưa phân loại,1
275782890,8132855498765,Máy làm sữa hạt Hafele HS-B151NW - HÀNG CHÍNH HÃNG - 535.43.485,1388000,2390000,1002000,42,5.0,1,9.0,available,instock,205197,HAFELE,hafele,1.0,Tiki Trading,40395.0,1882.0,Điện Gia Dụng,2026-08-15,True,9.0,False,2390000,41.92468619246862,0.07531380753137995,False,700k-1.5tr,30-50%,Máy làm sữa hạt,2
275785912,3422974681866,[New] Máy xay sinh tố Hafele HS-B1523TX - HÀNG CHÍNH HÃNG - 535.43.292,2750000,2750000,0,0,0.0,0,1.0,available,backorder,205197,HAFELE,hafele,166173.0,Hafele Official Store,153165.0,1882.0,Điện Gia Dụng,2026-08-15,True,1.0,False,2750000,0.0,0.0,False,>1.5tr,0%,Máy xay,0
275792495,2028341279683,"Máy Ép Dầu Thực Vật Gia Đình AOSIDA Mã A250 Thương hiệu Anh Quốc cao cấp, Công Suất Tới 1200W - Bảo hành 12 Tháng (Hàng Nhập Khẩu)",6066000,6066000,0,0,0.0,0,,available,backorder,8229559,Aosida,aosida,112137.0,DC THẾ GIỚI PHỤ KIỆN CÔNG NGHỆ Ô TÔ,103749.0,1882.0,Điện Gia Dụng,2026-08-15,False,0.0,False,6066000,0.0,0.0,False,>1.5tr,0%,Máy ép,0
275793114,3471559369045,Ấm siêu tốc Elmich KEE 8456 - Hàng chính hãng,997000,1500000,503000,34,4.8,38,63.0,available,instock,31627,Elmich,elmich,1.0,Tiki Trading,40395.0,1882.0,Điện Gia Dụng,2026-08-15,True,63.0,False,1500000,33.53333333333333,0.46666666666666856,False,700k-1.5tr,30-50%,Ấm đun nước/Bình siêu tốc,38
275794231,8680119683383,"Nồi cơm điện nắp gài Cuckoo CR-1001V/RDWH, 1.8L, Hàng chính hãng - Bảo hành 24 tháng",699000,990000,291000,29,0.0,0,,available,backorder,20439,Cuckoo,cuckoo,345161.0,Gia Dụng Lạc Khải,332870.0,1882.0,Điện Gia Dụng,2026-08-15,False,0.0,False,990000,29.393939393939394,0.3939393939393945,False,300-700k,20-30%,Nồi cơm điện,0
275799533,3965092284272,MÁY ÉP CHẬM HUROM H420 - Hàng Chính Hãng - Bảo Hành 10 Năm Động Cơ.,8500000,8500000,0,0,0.0,0,1.0,available,backorder,542729,Kuchen,kuchen,9652.0,Crep Protect VN,9454.0,1882.0,Điện Gia Dụng,2026-08-15,True,1.0,False,8500000,0.0,0.0,False,>1.5tr,0%,Máy ép,0
275801802,2722056078796,Lò chiên không dầu Cuisinart TOA-60U Hàng chính hãng,8890000,8890000,0,0,0.0,0,,available,backorder,277977,Cuisinart,cuisinart,20256.0,Telovietnam,19746.0,1882.0,Điện Gia Dụng,2026-08-15,False,0.0,False,8890000,0.0,0.0,False,>1.5tr,0%,Khác / Chưa phân loại,0
275802030,3155123884186,Máy Ép Chậm Hurom H420 Màu Hồng  - Hàng Chính Hãng - Bảo Hành 10 Năm,8500000,8500000,0,0,0.0,0,,available,backorder,542729,Kuchen,kuchen,9652.0,Crep Protect VN,9454.0,1882.0,Điện Gia Dụng,2026-08-15,False,0.0,False,8500000,0.0,0.0,False,>1.5tr,0%,Máy ép,0
275813799,4227121157936,Nồi nấu cháo chưng yến 1 Lít Mishio MK383 - Hàng chính hãng,499000,499000,0,0,0.0,0,9.0,available,backorder,51325,Mishio,mishio,160749.0,Mishio Kachi Official,148018.0,1896.0,"Nồi tiềm, nồi nấu cháo",2026-08-15,True,9.0,False,499000,0.0,0.0,False,300-700k,0%,Nồi/Chảo (khác),0
275816125,8967828107356,Máy Xay Sinh Tố Công Suất Cao HUROM HÀN QUỐC - Hàng Chính Hãng,2500000,2500000,0,0,0.0,0,,available,backorder,542729,Kuchen,kuchen,9652.0,Crep Protect VN,9454.0,1882.0,Điện Gia Dụng,2026-08-15,False,0.0,False,2500000,0.0,0.0,False,>1.5tr,0%,Máy xay,0
275822737,6201498877868,Bếp từ Midea MI-T2117DC(C) - Hàng Chính Hãng,1690000,1690000,0,0,0.0,0,,available,backorder,21541,Midea,midea,20256.0,Telovietnam,19746.0,2.0,Root,2026-08-15,False,0.0,False,1690000,0.0,0.0,False,>1.5tr,0%,Bếp điện/từ,0
275824189,6865030673049,"Nồi Tiềm Nấu Cháo Chậm Kho Cá Hầm Chưng Yến Đa Năng ĐẠT TƯỜNG DTSC-4.5S (4,5 lít) - Hàng Chính Hãng",570000,570000,0,0,5.0,1,4.0,available,backorder,234179,Đạt Tường,dat-tuong,11119.0,GIA DỤNG VIỆT,10842.0,1882.0,Điện Gia Dụng,2026-08-15,True,4.0,False,570000,0.0,0.0,False,300-700k,0%,Nồi/Chảo (khác),1
275824980,3829310696793,Máy làm sữa hạt Bear 0.6L SB-SH06C 0.6L (600W) - Hàng chính hãng,961000,1890000,929000,49,5.0,3,14.0,available,instock,198523,Bear,bear,1.0,Tiki Trading,40395.0,1882.0,Điện Gia Dụng,2026-08-15,True,14.0,False,1890000,49.15343915343915,0.1534391534391517,False,700k-1.5tr,30-50%,Máy làm sữa hạt,3
275825243,3272641224650,"Máy làm sữa hạt Bear 0,6L SB-SH06D 0.6L 500W (Bản Quốc Tế) - Hàng chính hãng",1580000,1580000,0,0,0.0,0,,available,backorder,198523,Bear,bear,20256.0,Telovietnam,19746.0,1882.0,Điện Gia Dụng,2026-08-15,False,0.0,False,1580000,0.0,0.0,False,>1.5tr,0%,Máy làm sữa hạt,0
275825297,7854557056637,Máy làm sữa hạt Bear 1L SB-SH09Q 1L (800W)- Hàng chính hãng,1097000,1950000,853000,44,4.5,2,25.0,available,instock,198523,Bear,bear,1.0,Tiki Trading,40395.0,1882.0,Điện Gia Dụng,2026-08-15,True,25.0,False,1950000,43.743589743589745,0.2564102564102555,False,700k-1.5tr,30-50%,Máy làm sữa hạt,2
275825322,1792699672655,MÁY XAY SINH TỐ MINI HUROM HÀN QUỐC -  Hàng Chính Hãng,1550000,1550000,0,0,0.0,0,1.0,available,backorder,542729,Kuchen,kuchen,9652.0,Crep Protect VN,9454.0,1882.0,Điện Gia Dụng,2026-08-15,True,1.0,False,1550000,0.0,0.0,False,>1.5tr,0%,Máy xay,0
275825352,1263504085475,Máy xay thực phẩm Magic Eco AC-14 0.6L (300W) - Hàng chính hãng,388000,790000,402000,51,5.0,5,25.0,available,instock,717695,Magic Eco,magic-eco,1.0,Tiki Trading,40395.0,2.0,Root,2026-08-15,True,25.0,False,790000,50.8860759493671,0.11392405063290312,False,300-700k,>50%,Máy xay,5
275825357,6103392425965,Nồi Cơm Điện Tử MAGIC Eco AC-250 1.2L - Hàng chính hãng,942000,1890000,948000,50,0.0,0,1.0,available,instock,717695,Magic Eco,magic-eco,1.0,Tiki Trading,40395.0,2.0,Root,2026-08-15,True,1.0,False,1890000,50.15873015873016,0.15873015873015817,False,700k-1.5tr,30-50%,Nồi cơm điện,0
275825694,2785022338696,"Máy làm sữa hạt Bear 1,2L SB-SH12H (150W- 800W) - Hàng chính hãng",1210000,2200000,990000,45,4.3,4,16.0,available,instock,198523,Bear,bear,1.0,Tiki Trading,40395.0,1882.0,Điện Gia Dụng,2026-08-15,True,16.0,False,2200000,45.0,0.0,False,700k-1.5tr,30-50%,Máy làm sữa hạt,4
275825974,2537117824079,Máy làm sữa hạt Bear SB-SH17V 1750ml (800W-1200W) - Hàng chính hãng,2690000,2690000,0,0,0.0,0,,available,backorder,198523,Bear,bear,20256.0,Telovietnam,19746.0,1882.0,Điện Gia Dụng,2026-08-15,False,0.0,False,2690000,0.0,0.0,False,>1.5tr,0%,Máy làm sữa hạt,0
275837281,8234863241444,BẾP GAS ĐÔI INOX PENGO PG-8055(Hàng chính hãng),850000,850000,0,0,0.0,0,,available,backorder,330991,PENGO,pengo,213616.0,Pengo Official,200648.0,1882.0,Điện Gia Dụng,2026-08-15,False,0.0,False,850000,0.0,0.0,False,700k-1.5tr,0%,Bếp điện/từ,0
275842336,9216140964229,Máy pha cà phê Philips HD7432 Hàng chính hãng,1490000,1490000,0,0,2.0,2,12.0,available,backorder,19018,Philips,philips,20256.0,Telovietnam,19746.0,1882.0,Điện Gia Dụng,2026-08-15,True,12.0,False,1490000,0.0,0.0,False,700k-1.5tr,0%,Máy pha cà phê,2
275847974,3645464107921,"Máy ép chậm Elmich JEE-8769, công suất 200W, tốc độ quay 65 vòng/phút, độ ồn thấp dưới 62db  - Hàng chính hãng",1965000,2511000,546000,22,4.8,5,28.0,available,instock,31627,Elmich,elmich,1.0,Tiki Trading,40395.0,67133.0,Máy ép chậm,2026-08-15,True,28.0,False,2511000,21.74432497013142,0.2556750298685806,False,>1.5tr,20-30%,Máy ép,5
275847978,9403751282864,"Máy ép chậm Elmich JEE-8759, công suất 240W mạnh mẽ ép kiệt bã, giữ lại chất dinh dưỡng và hương vị trong trái cây,độ ồn dưới 58dB, ép kiệt tới 98% - Hàng chính hãng",2559000,3929000,1370000,35,4.0,1,13.0,available,instock,31627,Elmich,elmich,1.0,Tiki Trading,40395.0,67133.0,Máy ép chậm,2026-08-15,True,13.0,False,3929000,34.86892339017562,0.13107660982438318,False,>1.5tr,30-50%,Máy ép,1
275850813,3425781651580,Van chia chữ Y bằng đồng chia 2 van gas sử dụng 1 bình cho 2 bếp gas khác nhau - Hàng Chính Hãng,99000,99000,0,0,0.0,0,2.0,available,backorder,5074117,GDV,gdv,11119.0,GIA DỤNG VIỆT,10842.0,1882.0,Điện Gia Dụng,2026-08-15,True,2.0,False,99000,0.0,0.0,False,<100k,0%,Bếp điện/từ,0
275851398,1585928860503,"Máy rang các loại hạt tự động tích hợp điều chỉnh thời gian, thương hiệu Mỹ cao cấp Cafemasy SCR-300B. Hàng chính hãng",2415000,2415000,0,0,0.0,0,2.0,available,backorder,8241000,Cafemasy,cafemasy,208147.0,SIÊU THỊ ĐIỆN MÁY GIA DỤNG,195179.0,1882.0,Điện Gia Dụng,2026-08-15,True,2.0,False,2415000,0.0,0.0,False,>1.5tr,0%,Khác / Chưa phân loại,0
275853866,7689290121528,Máy ép chậm trái cây nguyên quả Hàng chính hãng,660000,950000,290000,31,4.0,2,8.0,available,backorder,5166975,Anh Lam Store,anh-lam-store,236185.0,Minhlam Store,223217.0,1882.0,Điện Gia Dụng,2026-08-15,True,8.0,False,950000,30.526315789473685,0.47368421052631504,False,300-700k,30-50%,Máy ép,3
275854528,9950522196432,Máy Làm Sữa Hạt GUME MSB 22 Hàn Quốc - Bảo Hành 12 Tháng hàng chính hãng,1790000,1790000,0,0,0.0,0,,available,backorder,8198737,Gume,gume,20256.0,Telovietnam,19746.0,1882.0,Điện Gia Dụng,2026-08-15,False,0.0,False,1790000,0.0,0.0,False,>1.5tr,0%,Máy làm sữa hạt,0
275854933,6730750096334,"Máy làm sữa hạt đa năng Locknlock EJM486IVY heating blender - Dung tích 1.75L, 800W, 220V, 50Hz - Màu ngà - Hàng chính hãng",2692360,4642000,1949640,42,4.0,1,13.0,available,instock,48077,LocknLock,locknlock,1.0,Tiki Trading,40395.0,1882.0,Điện Gia Dụng,2026-08-15,True,13.0,False,4642000,42.0,0.0,False,>1.5tr,30-50%,Máy làm sữa hạt,1
275855817,5820781202234,"Máy rang hạt cà phê và các loại hạt tự động tích hợp điều chỉnh thời gian, thương hiệu Mỹ cao cấp Cafemasy SCR-300B - Hàng Nhập Khẩu (Bảo hành 12 Tháng)",2415000,2415000,0,0,0.0,0,1.0,available,backorder,8241000,Cafemasy,cafemasy,112137.0,DC THẾ GIỚI PHỤ KIỆN CÔNG NGHỆ Ô TÔ,103749.0,24050.0,Máy xay cà phê,2026-08-15,True,1.0,False,2415000,0.0,0.0,False,>1.5tr,0%,Khác / Chưa phân loại,0
275855881,2112807526933,MÁY LÀM SỮA HẠT SEOUL TSU888 Hàng chính hãng,2590000,2590000,0,0,0.0,0,,available,backorder,891093,SEOUL,seoul,20256.0,Telovietnam,19746.0,1882.0,Điện Gia Dụng,2026-08-15,False,0.0,False,2590000,0.0,0.0,False,>1.5tr,0%,Máy làm sữa hạt,0
275856211,9432844911432,Máy làm sữa hạt Seoul ST-2022 Hàng chính hãng,2690000,2690000,0,0,0.0,0,,available,backorder,891093,SEOUL,seoul,20256.0,Telovietnam,19746.0,1882.0,Điện Gia Dụng,2026-08-15,False,0.0,False,2690000,0.0,0.0,False,>1.5tr,0%,Máy làm sữa hạt,0
275863575,3901310905621,Máy ép chậm Hurom H400 - Bảo hành động cơ 10 năm - Hàng chính hãng,7750000,7750000,0,0,0.0,0,,available,backorder,542729,Kuchen,kuchen,9652.0,Crep Protect VN,9454.0,1882.0,Điện Gia Dụng,2026-08-15,False,0.0,False,7750000,0.0,0.0,False,>1.5tr,0%,Máy ép,0
275865779,2148103024287,Ấm siêu tốc Philips HD9318/00 1.7L Hàng chính hãng,1390000,1390000,0,0,4.0,1,2.0,available,backorder,19018,Philips,philips,20256.0,Telovietnam,19746.0,1882.0,Điện Gia Dụng,2026-08-15,True,2.0,False,1390000,0.0,0.0,False,700k-1.5tr,0%,Ấm đun nước/Bình siêu tốc,1
275867850,2937343570419,Bếp Gas Công Nghiệp Mini Dành Riêng Cho Hộ Gia Đình - Hàng Chính Hãng,420000,420000,0,0,5.0,1,6.0,available,backorder,5074117,GDV,gdv,11119.0,GIA DỤNG VIỆT,10842.0,1882.0,Điện Gia Dụng,2026-08-15,True,6.0,False,420000,0.0,0.0,False,300-700k,0%,Bếp điện/từ,1
275874459,8014022260413,"Máy Hàn Miệng Túi Cầm Tay Cute, Máy Ép Miệng Túi Đồ Ăn Vặt Sạc Pin Tích Hợp Nam Châm Kèm Đầu Cắt Tiện Dụng - Hàng Chính Hãng MINIIN",54000,54000,0,0,0.0,0,2.0,available,backorder,5132069,MINIIN,miniin,203034.0,Gia Dụng Trí Vũ,190067.0,1882.0,Điện Gia Dụng,2026-08-15,True,2.0,False,54000,0.0,0.0,False,<100k,0%,Máy ép,0
275880516,7688763919507,Nồi lẩu hấp thủy nhiệt Mishio MK382 khay hấp inox 304 - Hàng chính hãng,999000,999000,0,0,4.0,1,5.0,available,backorder,51325,Mishio,mishio,160749.0,Mishio Kachi Official,148018.0,1895.0,Nồi lẩu điện,2026-08-15,True,5.0,False,999000,0.0,0.0,False,700k-1.5tr,0%,Nồi lẩu điện,1
275881852,8664610289097,"[Hàng chính hãng] Nồi hấp đa năng Cuisinart STM-3000HK công suất 1500W-1800W, dung tích 6L",9000000,9000000,0,0,0.0,0,1.0,available,backorder,277977,Cuisinart,cuisinart,357113.0,Hateco Home Appliances,344821.0,1882.0,Điện Gia Dụng,2026-08-15,True,1.0,False,9000000,0.0,0.0,False,>1.5tr,0%,Nồi/Chảo (khác),0
275886062,1995843035166,Nồi cơm điện 1.2L Mishio MK387 - Hàng chính hãng,599000,599000,0,0,5.0,1,9.0,available,backorder,51325,Mishio,mishio,160749.0,Mishio Kachi Official,148018.0,1919.0,Nồi cơm nắp gài,2026-08-15,True,9.0,False,599000,0.0,0.0,False,300-700k,0%,Nồi cơm điện,2
275888209,8812700046327,"Bếp Ga Mini Maxsun MS-520 - Công Suất 2200W, Phủ Sứ Cao Cấp -Hàng chính hãng - Bảo hành 12 tháng",255000,309000,54000,17,0.0,0,,available,backorder,157525,MAXSUN,maxsun,345161.0,Gia Dụng Lạc Khải,332870.0,1882.0,Điện Gia Dụng,2026-08-15,False,0.0,False,309000,17.475728155339805,0.47572815533980517,False,100-300k,10-20%,Khác / Chưa phân loại,0
275889583,5937213393671,"Nồi Lẩu Điện Mini Đa Năng 28CM, Chống Dính Vân Đá Cao Cấp Công Suất 1000W - Tiện Dụng 3 Nấc Nhiệt Kèm Giá Hấp - Hàng Chính hãng",261000,375000,114000,30,0.0,0,2.0,available,backorder,5166975,Anh Lam Store,anh-lam-store,236185.0,Minhlam Store,223217.0,1882.0,Điện Gia Dụng,2026-08-15,True,2.0,False,375000,30.4,0.3999999999999986,False,100-300k,20-30%,Nồi lẩu điện,0
275893825,3157639484375,"Nồi cơm 1,2l điện tử Benny BR-12EL Đỏ, 600W- Bảo hành 12 tháng- Hàng chính hãng",1070000,1070000,0,0,0.0,0,,available,backorder,143666,Benny,benny,356807.0,Benny Store Việt Nam,344515.0,1882.0,Điện Gia Dụng,2026-08-15,False,0.0,False,1070000,0.0,0.0,False,700k-1.5tr,0%,Nồi cơm điện,0
275894205,3896806680340,"Nồi Chiên Không Dầu SHIMONO SM-AF1086T 10L 1800W Cao Cấp Tiêu Chuẩn FDA Hoa Kỳ, LFGB Đức Tặng Kèm Trọn Bộ 9 Phụ Kiện Hàng Chính Hãng",2999000,2999000,0,0,0.0,0,,available,backorder,20599,Shimono,shimono,339628.0,SHIMONO OFFICIAL STORE,327334.0,2.0,Root,2026-08-15,False,0.0,False,2999000,0.0,0.0,False,>1.5tr,0%,Nồi chiên không dầu,0
275898722,7863567061553,Máy pha cà phê kèm xay hạt tự động thương hiệu Hà Lan Philips HD7761/00 cao cấp - Hàng Chính Hãng,6077000,6077000,0,0,0.0,0,,available,backorder,19018,Philips,philips,256950.0,THẾ GIỚI ĐIỆN MÁY GIA DỤNG,243982.0,1882.0,Điện Gia Dụng,2026-08-15,False,0.0,False,6077000,0.0,0.0,False,>1.5tr,0%,Máy pha cà phê,0
275912620,3833744147366,Nồi nấu chậm Bear 2L SB-NNC20 - Bản tiếng Việt Hàng chính hãng,950000,950000,0,0,0.0,0,1.0,available,backorder,198523,Bear,bear,20256.0,Telovietnam,19746.0,1882.0,Điện Gia Dụng,2026-08-15,True,1.0,False,950000,0.0,0.0,False,700k-1.5tr,0%,Nồi/Chảo (khác),0
275915316,3568450466737,Nổi lẩu nướng đa năng 2 khay Bear SB-NL45K Hàng chính hãng,1890000,1890000,0,0,0.0,0,,available,backorder,198523,Bear,bear,20256.0,Telovietnam,19746.0,1882.0,Điện Gia Dụng,2026-08-15,False,0.0,False,1890000,0.0,0.0,False,>1.5tr,0%,Khác / Chưa phân loại,0
275915932,3292759598641,Máy xay thịt Sunhouse SHD5403 - Công suất 300W - Cối Thủy Tinh Dung tích 1.8L - 3 Tốc Độ - Lưỡi dao 4 cánh siêu khỏe - Hàng Chính Hãng,440020,449000,8980,2,0.0,0,,available,backorder,41048,Sunhouse,sunhouse,173338.0,SMARTWATCH,160374.0,1882.0,Điện Gia Dụng,2026-08-15,False,0.0,False,449000,2.0,0.0,False,300-700k,0-10%,Máy xay,0
275920459,3126573555940,Bình thủy điện Bear KE-B30V1 hàng chính hãng,1690000,1690000,0,0,0.0,0,,available,backorder,198523,Bear,bear,20256.0,Telovietnam,19746.0,1882.0,Điện Gia Dụng,2026-08-15,False,0.0,False,1690000,0.0,0.0,False,>1.5tr,0%,Bình giữ nhiệt,0
275924508,2438151494352,"Dây hàn nhiệt máy hàn PFS 200, PFS 300, PFS 400 dùng cho máy hàn miệng túi - Dây hàn nhiệt máy hàn 20cm (2mm), 30cm (2mm), và 40cm (2mm) - Hàng chính hãng",57000,65000,8000,12,0.0,0,12.0,available,backorder,7834739,MISUFUJl,misufujl,26446.0,Tin Học Hoàng Kim,25820.0,1882.0,Điện Gia Dụng,2026-08-15,True,12.0,False,65000,12.307692307692308,0.3076923076923084,False,<100k,10-20%,Khác / Chưa phân loại,0
275925501,9853194641836,Ấm đun nước siêu tốc Sun house SHD1351 - Bình đun siêu tốc cao cấp inox 2 lớp 1.8L - Hàng chính hãng,412000,450000,38000,8,0.0,0,,available,backorder,5386981,MSmart,msmart,26446.0,Tin Học Hoàng Kim,25820.0,1882.0,Điện Gia Dụng,2026-08-15,False,0.0,False,450000,8.444444444444445,0.44444444444444464,False,300-700k,0-10%,Ấm đun nước/Bình siêu tốc,0
275930457,1498622461082,"Máy Vắt Cam, Máy Ép Cam Tự Động Thế Hệ Mới, Sach USB Tiện Lợi - Hàng Nhập Khẩu",199000,199000,0,0,0.0,0,10.0,available,backorder,737237,HT SYS,ht-sys,78619.0,Muasam247,73281.0,1882.0,Điện Gia Dụng,2026-08-15,True,10.0,False,199000,0.0,0.0,False,100-300k,0%,Máy ép,0
275933414,8621497390377,Máy làm sữa hạt đa năng Panasonic MX-HG6401KRA - Hàng chính hãng,2890000,2890000,0,0,0.0,0,,available,backorder,18804,Panasonic,panasonic,184067.0,Siêu Thị Điện Máy Từ Sơn,171102.0,1882.0,Điện Gia Dụng,2026-08-15,False,0.0,False,2890000,0.0,0.0,False,>1.5tr,0%,Máy làm sữa hạt,0
275942868,1431797995733,Nồi Chiên Hơi Nước OLIVO SF16 PRO - Dung Tích 16L - Phụ Kiện Trục Xiên Quay - Công Suất 2800W- Phiên bản 2025- Hàng Chính Hãng,4990000,4990000,0,0,5.0,3,7.0,available,backorder,4256753,OLIVO,olivo,308020.0,GiaDungNhaThongMinh,295577.0,1882.0,Điện Gia Dụng,2026-08-15,True,7.0,False,4990000,0.0,0.0,False,>1.5tr,0%,Nồi/Chảo (khác),3
275943183,3656442488544,"Máy Làm Sữa Hạt Tự Động 2GOOD SONA I8 (1,2 Lít) - Tự Động Nấu, Tự Động Vệ Sinh, Khử Sạch Vi Khuẩn Và Mùi Thực Phẩm- Hàng Chính Hãng",3443000,5500000,2057000,37,0.0,0,1.0,available,backorder,212371,2Good,2good,195742.0,Điện Máy Vymart,182775.0,1882.0,Điện Gia Dụng,2026-08-15,True,1.0,False,5500000,37.4,0.3999999999999986,False,>1.5tr,30-50%,Máy làm sữa hạt,0
275943192,3704284491661,"Máy Ép Chậm OLIVO SJ240 – Khoang Tiếp Lớn – Giải Pháp Hoàn Hảo Cho Việc Ép Kết Hợp Trái Cây, Rau Củ- Hàng Chính Hãng",2490000,2490000,0,0,0.0,0,3.0,available,backorder,4256753,OLIVO,olivo,308020.0,GiaDungNhaThongMinh,295577.0,1882.0,Điện Gia Dụng,2026-08-15,True,3.0,False,2490000,0.0,0.0,False,>1.5tr,0%,Máy ép,0
275943240,2194712798574,OLIVO X24 PRO Máy Làm Sữa Hạt Công Suất Lớn Nhất – Mở Nắp Bằng 1 Nút Bấm – Tạm Dừng 58s – Chống Khê Tuyệt Đối- Hàng Chính Hãng,2990000,2990000,0,0,5.0,1,1.0,available,backorder,4256753,OLIVO,olivo,308020.0,GiaDungNhaThongMinh,295577.0,1882.0,Điện Gia Dụng,2026-08-15,True,1.0,False,2990000,0.0,0.0,False,>1.5tr,0%,Máy làm sữa hạt,1
275949418,8482084105376,"Nồi nấu chậm đa năng Locknlock EJP164IVY - Multi function slow cooker 220V, 50Hz, 350W - Dung tích 2.5L - Hàng chính hãng",1377500,2375000,997500,42,5.0,8,70.0,available,instock,48077,LocknLock,locknlock,1.0,Tiki Trading,40395.0,1882.0,Điện Gia Dụng,2026-08-15,True,70.0,False,2375000,42.0,0.0,False,700k-1.5tr,30-50%,Nồi/Chảo (khác),9
275949431,1816351958662," Máy ép chậm Locknlock EJJ421IVY Slow juicer - Dung tích 0.8L, 200W, 220-240V, 50Hz - Hàng chính hãng",2328700,4015000,1686300,42,5.0,9,43.0,available,instock,48077,LocknLock,locknlock,1.0,Tiki Trading,40395.0,1882.0,Điện Gia Dụng,2026-08-15,True,43.0,False,4015000,42.0,0.0,False,>1.5tr,30-50%,Máy ép,9
275960314,2413046306179,"Bếp ga mini Maxsun MS-3800SP, Công suất 2900W, chân kiềng Inox - Hàng chính hãng - Bảo hành 12 tháng",335000,429000,94000,22,5.0,3,10.0,available,backorder,157525,MAXSUN,maxsun,345161.0,Gia Dụng Lạc Khải,332870.0,1882.0,Điện Gia Dụng,2026-08-15,True,10.0,False,429000,21.91142191142191,0.08857808857808891,False,300-700k,20-30%,Khác / Chưa phân loại,3
275960371,3282739380778,"Bếp Ga Mini 2 Chiều Maxsun MS-3800LPG A - Công Suất 2900W, Phủ Sứ Cao Cấp - Hàng chính hãng - Bảo Hành 12 Tháng",369000,459000,90000,20,0.0,0,,available,backorder,157525,MAXSUN,maxsun,345161.0,Gia Dụng Lạc Khải,332870.0,1882.0,Điện Gia Dụng,2026-08-15,False,0.0,False,459000,19.607843137254903,0.39215686274509665,False,300-700k,10-20%,Khác / Chưa phân loại,0
275960394,4614836034037,"Bếp Ga Mini Cao Cấp Maxsun MS-7 - Công Suất 2900W, Sơn Tĩnh Điện, Nhôm Nhẹ Cao Cấp - Hàng Chính Hãng",569000,699000,130000,19,0.0,0,3.0,available,backorder,157525,MAXSUN,maxsun,345161.0,Gia Dụng Lạc Khải,332870.0,1882.0,Điện Gia Dụng,2026-08-15,True,3.0,False,699000,18.59799713876967,0.40200286123032924,False,300-700k,10-20%,Khác / Chưa phân loại,0
275960402,3761392283991,"Bếp Ga Mini Maxsun MS-3500 - Công Suất 2900W, Kiềng Bếp Phủ Sứ, Vòng Chắn Gió - Hàng chính hãng - Bảo hành 12 tháng",289000,349000,60000,17,5.0,1,2.0,available,backorder,157525,MAXSUN,maxsun,345161.0,Gia Dụng Lạc Khải,332870.0,1882.0,Điện Gia Dụng,2026-08-15,True,2.0,False,349000,17.191977077363894,0.19197707736389447,False,100-300k,10-20%,Khác / Chưa phân loại,1
275961942,6915473386186,Nồi cơm nắp gài Cuckoo 1 lít CR-0671 - Hàng chính hãng,796000,1180000,384000,33,5.0,4,9.0,available,instock,20439,Cuckoo,cuckoo,1.0,Tiki Trading,40395.0,1919.0,Nồi cơm nắp gài,2026-08-15,True,9.0,False,1180000,32.54237288135593,0.45762711864406924,False,700k-1.5tr,30-50%,Nồi cơm điện,4
275971010,1893152079265,"Thiết bị định vị toàn cầu GPS Sualio Tag cho Apple Find My tìm đồ vật, thú cưng, chìa khoá - Hàng nhập khẩu.",256000,256000,0,0,4.0,5,29.0,available,backorder,199239,PIX-LINK,pix-link,356119.0,2nhktech,343827.0,1882.0,Điện Gia Dụng,2026-08-15,True,29.0,False,256000,0.0,0.0,False,100-300k,0%,Khác / Chưa phân loại,5
275971318,6314598926077,Máy Làm Sữa Hạt BEAR Đa Năng 1.75L Máy Xay Nấu Đa Năng Máy Xay Sinh Tố Máy Xay Hạt Nhuyễn Mịn Chống Ồn Tốt SB-SH17V - Hàng Chính Hãng,2490000,2490000,0,0,0.0,0,,available,backorder,198523,Bear,bear,20256.0,Telovietnam,19746.0,1882.0,Điện Gia Dụng,2026-08-15,False,0.0,False,2490000,0.0,0.0,False,>1.5tr,0%,Máy làm sữa hạt,0
275971417,3363016418028,Máy Tiệt Trùng Sấy Khô UV 18L Bear Chống Ồn Tốt Khử Trùng Đa Dụng Cụ Không Tốn Điện Lưu Trữ 48H SB-MTT20 - Hàng Chính Hãng,1790000,1790000,0,0,0.0,0,,available,backorder,198523,Bear,bear,20256.0,Telovietnam,19746.0,1882.0,Điện Gia Dụng,2026-08-15,False,0.0,False,1790000,0.0,0.0,False,>1.5tr,0%,Khác / Chưa phân loại,0
275974930,5688506378046,Bếp từ đơn Hawonkoo CEH-101-I-GR - Hàng Chính Hãng,1749000,1749000,0,0,0.0,0,,available,backorder,848941,Hawonkoo,hawonkoo,168717.0,KingHomeSG,155753.0,1882.0,Điện Gia Dụng,2026-08-15,False,0.0,False,1749000,0.0,0.0,False,>1.5tr,0%,Bếp điện/từ,0
275987299,5919010291901,[Hàng chính hãng] Máy pha cà phê tự động DeLonghi Magnifica S ECAM22.110.B,22025000,25766837,3741837,15,0.0,0,,available,backorder,155511,DeLonghi,delonghi,355771.0,DeLonghi Official Store,343479.0,1882.0,Điện Gia Dụng,2026-08-15,False,0.0,False,25766837,14.521910469647478,0.47808953035252166,False,>1.5tr,10-20%,Máy pha cà phê,0
276018364,5988515030552,"Máy Làm Sữa Hạt, Máy Nấu Sữa Hạt, Phiên Bản TIẾNG VIỆT, Dung Tích 800ml Với 8 Chế Độ Tiện Lợi - Hàng Nhập Khẩu",444000,444000,0,0,0.0,0,8.0,available,backorder,737237,HT SYS,ht-sys,78619.0,Muasam247,73281.0,1882.0,Điện Gia Dụng,2026-08-15,True,8.0,False,444000,0.0,0.0,False,300-700k,0%,Máy làm sữa hạt,0
276019055,3884433627258,Nồi cơm điện lòng sứ dưỡng sinh 1.2L Mishio MK381 - Hàng chính hãng ,2399000,2399000,0,0,5.0,1,3.0,available,backorder,51325,Mishio,mishio,160749.0,Mishio Kachi Official,148018.0,1882.0,Điện Gia Dụng,2026-08-15,True,3.0,False,2399000,0.0,0.0,False,>1.5tr,0%,Nồi cơm điện,1
276042548,3626378271016,Bình đun siêu tốc Kangaroo KGWK15I2 - Hàng chính hãng,135000,306250,171250,56,5.0,7,64.0,available,instock,19589,Kangaroo,kangaroo,1.0,Tiki Trading,40395.0,2.0,Root,2026-08-15,True,64.0,False,306250,55.91836734693878,0.08163265306122014,False,100-300k,>50%,Ấm đun nước/Bình siêu tốc,7
276042557,1840406581768,Bình đun siêu tốc Kangaroo KGWK18I2 - Hàng chính hãng,191000,325000,134000,41,3.0,2,31.0,available,instock,19589,Kangaroo,kangaroo,1.0,Tiki Trading,40395.0,2.0,Root,2026-08-15,True,31.0,False,325000,41.23076923076923,0.2307692307692335,False,100-300k,30-50%,Ấm đun nước/Bình siêu tốc,2
276042566,6220837479756,Bếp ga dương Kangaroo KG207G - Hàng chính hãng,622000,818000,196000,24,4.5,2,8.0,available,instock,19589,Kangaroo,kangaroo,1.0,Tiki Trading,40395.0,2.0,Root,2026-08-15,True,8.0,False,818000,23.96088019559902,0.039119804400979064,False,300-700k,20-30%,Khác / Chưa phân loại,2
276042569,6250204472631,Nồi lẩu đa năng Kangaroo KG40EH2 - Hàng chính hãng,611000,970000,359000,37,2.5,2,21.0,available,instock,19589,Kangaroo,kangaroo,1.0,Tiki Trading,40395.0,2.0,Root,2026-08-15,True,21.0,False,970000,37.01030927835052,0.01030927835051898,False,300-700k,30-50%,Nồi lẩu điện,3
276042570,1206663816454,Bếp gas đôi dương kính Kangaroo KG526M - Hàng chính hãng,772000,1383000,611000,44,4.8,5,15.0,available,instock,19589,Kangaroo,kangaroo,1.0,Tiki Trading,40395.0,2.0,Root,2026-08-15,True,15.0,False,1383000,44.17932031814895,0.1793203181489531,False,700k-1.5tr,30-50%,Bếp điện/từ,5
276042575,4355355957924,Bếp ga dương Kangaroo KGGS69G1 - Hàng chính hãng,440000,893000,453000,51,5.0,1,20.0,available,instock,19589,Kangaroo,kangaroo,1.0,Tiki Trading,40395.0,2.0,Root,2026-08-15,True,20.0,False,893000,50.72788353863382,0.2721164613661813,False,300-700k,>50%,Khác / Chưa phân loại,1
276063159,4156252875835,Máy đánh trứng Philips HR3705/20 - Hàng Chính Hãng,990000,990000,0,0,0.0,0,,available,backorder,19018,Philips,philips,20256.0,Telovietnam,19746.0,2.0,Root,2026-08-15,False,0.0,False,990000,0.0,0.0,False,700k-1.5tr,0%,Máy đánh trứng,0
276074072,1831492984539,Bếp từ đơn Koreno KN-895 công suất cực lớn 3200W công nghệ Inverter tặng kèm nồi lẩu hàng chính hãng,1450000,1450000,0,0,0.0,0,,available,backorder,222905,KORENO,koreno,297289.0,Tổng kho gia dụng 82,284720.0,1882.0,Điện Gia Dụng,2026-08-15,False,0.0,False,1450000,0.0,0.0,False,700k-1.5tr,0%,Nồi lẩu điện,0
276077802,4147121030390,MÁY SẤY KHÔ THỰC PHẨM HOA QUẢ KICHERA KIC_FD01 HÀN QUỐC Hàng chính hãng,2390000,2390000,0,0,0.0,0,1.0,available,backorder,8251315,KICHERA,kichera,20256.0,Telovietnam,19746.0,1882.0,Điện Gia Dụng,2026-08-15,True,1.0,False,2390000,0.0,0.0,False,>1.5tr,0%,Khác / Chưa phân loại,0
276084474,5135965091888,Tấm Lót Tủ Bếp Tấm Lót Bảo Vệ Tủ Lạnh Chống Bẩn Dầu Mỡ Chống Trượt Chống Ẩm Mốc - Cuộn 150cmx45cm - Hàng Chính Hãng HENRYSA,54682,85000,30318,36,0.0,0,15.0,available,backorder,5224641,HENRYSA,henrysa,132026.0,Gia Dụng Henry,121935.0,1882.0,Điện Gia Dụng,2026-08-15,True,15.0,False,85000,35.66823529411764,0.33176470588235674,False,<100k,30-50%,Khác / Chưa phân loại,0
276091603,1456118908912,"[Hàng chính hãng] Phin lọc đơn cho máy pha DeLonghi EC9155, EC9355, EC9665, EC9555, EC950, EC900, EC9255, EC9865",154000,154000,0,0,0.0,0,1.0,available,backorder,155511,DeLonghi,delonghi,355771.0,DeLonghi Official Store,343479.0,1882.0,Điện Gia Dụng,2026-08-15,True,1.0,False,154000,0.0,0.0,False,100-300k,0%,Khác / Chưa phân loại,0
276091841,3883014130557,"[Hàng chính hãng] Phin lọc đôi cho máy pha DeLonghi EC9155, EC9355, EC9665, EC9555, EC950, EC900, EC9255, EC9865",143000,143000,0,0,0.0,0,2.0,available,backorder,155511,DeLonghi,delonghi,355771.0,DeLonghi Official Store,343479.0,1882.0,Điện Gia Dụng,2026-08-15,True,2.0,False,143000,0.0,0.0,False,100-300k,0%,Khác / Chưa phân loại,0
276093664,5988725249960,"[Hàng chính hãng] Phin lọc đôi cho máy pha cà phê DeLonghi EC190, EC200, EC230",253000,253000,0,0,0.0,0,,available,backorder,155511,DeLonghi,delonghi,355771.0,DeLonghi Official Store,343479.0,1882.0,Điện Gia Dụng,2026-08-15,False,0.0,False,253000,0.0,0.0,False,100-300k,0%,Máy pha cà phê,0
276102220,7250403351379,Máy xay sinh tố Braun JB3150BK - Hàng chính hãng,1784000,2699000,915000,34,0.0,0,,available,instock,48649,Braun,braun,1.0,Tiki Trading,40395.0,1882.0,Điện Gia Dụng,2026-08-15,False,0.0,False,2699000,33.90144497962208,0.09855502037792263,False,>1.5tr,30-50%,Máy xay,0
276105073,5486566455806, Bình đun siêu tốc Braun WK1100WH - Hàng chính hãng,679000,999000,320000,32,0.0,0,,available,instock,48649,Braun,braun,1.0,Tiki Trading,40395.0,1882.0,Điện Gia Dụng,2026-08-15,False,0.0,False,999000,32.032032032032035,0.03203203203203486,False,300-700k,30-50%,Ấm đun nước/Bình siêu tốc,0
276108005,8688244169649,"Máy Xay Cầm Tay Philips HR2685/00 0.5L (1200W) cao cấp, đa dạng phụ kiện - Hàng Chính Hãng",1969000,2799000,830000,30,5.0,1,11.0,available,instock,19018,Philips,philips,1.0,Tiki Trading,40395.0,2850.0,Máy xay cầm tay,2026-08-15,True,11.0,False,2799000,29.65344765987853,0.3465523401214696,False,>1.5tr,20-30%,Máy xay,1
276109994,4245234622828,Máy xay ăn dặm 0.3L Bear GR-B03V8 - Hàng chính hãng,630000,630000,0,0,0.0,0,,available,backorder,198523,Bear,bear,20256.0,Telovietnam,19746.0,1882.0,Điện Gia Dụng,2026-08-15,False,0.0,False,630000,0.0,0.0,False,300-700k,0%,Máy xay,0
276110078,2016484727529,Máy xay thịt Bear lưỡi dao kép 1.8L SB-MX20A (Bản Quốc Tế) - Hàng chính hãng,441000,850000,409000,48,0.0,0,4.0,available,instock,198523,Bear,bear,1.0,Tiki Trading,40395.0,1882.0,Điện Gia Dụng,2026-08-15,True,4.0,False,850000,48.11764705882353,0.117647058823529,False,300-700k,30-50%,Máy xay,0
276110874,9347340083659,[Hàng chính hãng] Bình sữa máy pha cà phê DeLonghi ECAM26.455,1804000,1804000,0,0,0.0,0,,available,backorder,155511,DeLonghi,delonghi,355771.0,DeLonghi Official Store,343479.0,1882.0,Điện Gia Dụng,2026-08-15,False,0.0,False,1804000,0.0,0.0,False,>1.5tr,0%,Máy pha cà phê,0
276116636,7228030826100,Ấm đun siêu tốc pha trà Russell Hobbs 26200-70 Attentiv - Hàng chính hãng nhập khẩu,4671000,4671000,0,0,0.0,0,,available,backorder,40587,RUSSELL HOBBS,russell-hobbs,357781.0,Russell Hobbs official Store,345489.0,1882.0,Điện Gia Dụng,2026-08-15,False,0.0,False,4671000,0.0,0.0,False,>1.5tr,0%,Ấm đun nước/Bình siêu tốc,0
276119191,9072192009226,"Máy Nướng Bánh Mì Hotdog, Waffle, Sandwich Tam Giác 3 Trong 1 Russell Hobbs 24540-56 Fiesta 750W 2 Phần - Hàng Chính Hãng Nhập Khẩu",3375000,3375000,0,0,5.0,1,2.0,available,backorder,40587,RUSSELL HOBBS,russell-hobbs,357781.0,Russell Hobbs official Store,345489.0,1882.0,Điện Gia Dụng,2026-08-15,True,2.0,False,3375000,0.0,0.0,False,>1.5tr,0%,Khác / Chưa phân loại,1
276123418,2698104561918,"Máy pha cà phê tự động GAGGIA ANIMA BARISTA PLUS, xuất xứ Ý - Hàng chính hãng",24500000,24500000,0,0,0.0,0,,available,backorder,213853,Gaggia,gaggia,6910.0,Procaffe,6746.0,1882.0,Điện Gia Dụng,2026-08-15,False,0.0,False,24500000,0.0,0.0,False,>1.5tr,0%,Máy pha cà phê,0
276123575,2686187697369,[Hàng chính hãng] Dung dịch vệ sinh vòi đánh sữa máy pha cà phê Cafetto MFC Green (1 lít),624000,624000,0,0,0.0,0,1.0,available,backorder,461707,Cafetto,cafetto,357820.0,Cafetto Vietnam Store,345528.0,1882.0,Điện Gia Dụng,2026-08-15,True,1.0,False,624000,0.0,0.0,False,300-700k,0%,Máy pha cà phê,0
276125354,8660245105187,Máy Lọc Cà Phê Coffee Queen Crem M2 1.8l TK- Hàng Chính Hãng ,21386000,21386000,0,0,0.0,0,,available,backorder,213917,Coffee Queen,coffee-queen,6910.0,Procaffe,6746.0,1882.0,Điện Gia Dụng,2026-08-15,False,0.0,False,21386000,0.0,0.0,False,>1.5tr,0%,Khác / Chưa phân loại,0
276129722,8437625497169,Nồi Nấu Chậm Russell Hobbs Maxi Cook 22750-56 200W 6L - Hàng Chính Hãng Nhập Khẩu,4725000,4725000,0,0,0.0,0,,available,backorder,40587,RUSSELL HOBBS,russell-hobbs,357781.0,Russell Hobbs official Store,345489.0,1882.0,Điện Gia Dụng,2026-08-15,False,0.0,False,4725000,0.0,0.0,False,>1.5tr,0%,Nồi/Chảo (khác),0
276130598,3898974214904,[Hàng chính hãng] Dung dịch vệ sinh vòi đánh sữa máy pha cà phê Cafetto MFC Blue (1 lít),607000,607000,0,0,0.0,0,,available,backorder,461707,Cafetto,cafetto,357820.0,Cafetto Vietnam Store,345528.0,1882.0,Điện Gia Dụng,2026-08-15,False,0.0,False,607000,0.0,0.0,False,300-700k,0%,Máy pha cà phê,0
276135260,3183237204441,Bếp từ đơn Lumias LK24-220Ba Hàng chính hãng,1090000,1090000,0,0,5.0,1,3.0,available,backorder,889935,Lumena,lumena,20256.0,Telovietnam,19746.0,1882.0,Điện Gia Dụng,2026-08-15,True,3.0,False,1090000,0.0,0.0,False,700k-1.5tr,0%,Bếp điện/từ,1
276135770,7820119113134,Máy rang hạt cà phê công nghệ gia nhiệt không khí thương hiệu Cafemasy CCR-1209R2 - Hàng Chính Hãng,3973000,3973000,0,0,0.0,0,,available,backorder,8241000,Cafemasy,cafemasy,256950.0,THẾ GIỚI ĐIỆN MÁY GIA DỤNG,243982.0,1882.0,Điện Gia Dụng,2026-08-15,False,0.0,False,3973000,0.0,0.0,False,>1.5tr,0%,Khác / Chưa phân loại,0
276136563,4776223405225,"Máy Xay Mini Russell Hobbs 24662-56 Công Suất 200W Màu Đen, nhỏ gọn, dung tích 1l - Hàng chính hãng nhập khẩu từ Đức và EU",1984500,1984500,0,0,0.0,0,,available,backorder,40587,RUSSELL HOBBS,russell-hobbs,357781.0,Russell Hobbs official Store,345489.0,1882.0,Điện Gia Dụng,2026-08-15,False,0.0,False,1984500,0.0,0.0,False,>1.5tr,0%,Máy xay,0
276140044,5905524335701,MÁY NƯỚNG BÁNH SILVERCREST SSWM 700 B1 Made in Germany Hàng chính hãng,1590000,1590000,0,0,0.0,0,1.0,available,backorder,157145,Silvercrest,silvercrest,20256.0,Telovietnam,19746.0,1882.0,Điện Gia Dụng,2026-08-15,True,1.0,False,1590000,0.0,0.0,False,>1.5tr,0%,Khác / Chưa phân loại,0
276146063,4173652832558,"[Hàng chính hãng] Nồi cơm điện Olivo RC86 - Chính hãng -  Lòng Nồi INOX 304 Chống Dính Tự Nhiên, Nấu Cơm Ngon, Thiết Kế Tinh Tế, Sang Trọng",3490000,3490000,0,0,0.0,0,,available,backorder,4256753,OLIVO,olivo,20256.0,Telovietnam,19746.0,1882.0,Điện Gia Dụng,2026-08-15,False,0.0,False,3490000,0.0,0.0,False,>1.5tr,0%,Nồi cơm điện,0
276150038,1787638958855,"Máy xay thực phẩm mini hiệu Bear, model: QSJ-B01P1/CH-4H01T - Hàng chính hãng",337000,699000,362000,52,0.0,0,1.0,available,instock,198523,Bear,bear,1.0,Tiki Trading,40395.0,1882.0,Điện Gia Dụng,2026-08-15,True,1.0,False,699000,51.78826895565093,0.2117310443490723,False,300-700k,>50%,Máy xay,0
276150595,7146731181060,"Nồi kho hầm đa năng UNIE USC308, lòng nồi gốm tử sa cao cấp, dung tích 3L, 8 chức năng nấu đa năng, bảo hành 12 Tháng - hàng chính hãng",1022000,1330000,308000,23,0.0,0,,available,instock,577673,UNIE,unie,1.0,Tiki Trading,40395.0,1882.0,Điện Gia Dụng,2026-08-15,False,0.0,False,1330000,23.157894736842106,0.1578947368421062,False,700k-1.5tr,20-30%,Nồi/Chảo (khác),0
276151864,3437318521578,[Hàng chính hãng] Nồi chiên hơi nước Olivo SF16 Pro (Bản nâng cấp mới) ,5090000,5090000,0,0,5.0,1,2.0,available,backorder,4256753,OLIVO,olivo,20256.0,Telovietnam,19746.0,1882.0,Điện Gia Dụng,2026-08-15,True,2.0,False,5090000,0.0,0.0,False,>1.5tr,0%,Nồi/Chảo (khác),1
276153814,4293154107121,Máy Xay Cầm Tay Russell Hobbs 3in1 500W 700ml - Hàng Chính Hãng Nhập Khẩu,2700000,2700000,0,0,0.0,0,,available,backorder,40587,RUSSELL HOBBS,russell-hobbs,357781.0,Russell Hobbs official Store,345489.0,1882.0,Điện Gia Dụng,2026-08-15,False,0.0,False,2700000,0.0,0.0,False,>1.5tr,0%,Máy xay,0
276153878,3290368938332,Máy Nướng Bánh Mì Panini/ Vỉ nướng 3in1 Russell Hobbs Cook@Home 17888-56 - Hàng Chính Hãng Nhập Khẩu Từ Đức & EU,3105000,3105000,0,0,0.0,0,,available,backorder,40587,RUSSELL HOBBS,russell-hobbs,357781.0,Russell Hobbs official Store,345489.0,1882.0,Điện Gia Dụng,2026-08-15,False,0.0,False,3105000,0.0,0.0,False,>1.5tr,0%,Khác / Chưa phân loại,0
276162091,4740301751378,Bếp đôi điện từ Sunhouse SHB-555DI đun liu riu - Hàng chính hãng,4900000,4900000,0,0,0.0,0,,available,backorder,41048,Sunhouse,sunhouse,356472.0,Bếp Quang Ngọc,344180.0,1882.0,Điện Gia Dụng,2026-08-15,False,0.0,False,4900000,0.0,0.0,False,>1.5tr,0%,Khác / Chưa phân loại,0
276163894,4626379356368,Máy làm sữa hạt OIDIRE 1.2L ODI04A Công suất xay 300W - Công suất nấu 600W - Hàng chính hãng,1430000,2300000,870000,38,0.0,0,4.0,available,instock,736413,Oidire,oidire,1.0,Tiki Trading,40395.0,1882.0,Điện Gia Dụng,2026-08-15,True,4.0,False,2300000,37.826086956521735,0.1739130434782652,False,700k-1.5tr,30-50%,Máy làm sữa hạt,0
276166907,1958162373439,[Hàng chính hãng] Tay cầm máy pha cà phê espresso DeLonghi EC230,693000,693000,0,0,0.0,0,,available,backorder,155511,DeLonghi,delonghi,355771.0,DeLonghi Official Store,343479.0,1882.0,Điện Gia Dụng,2026-08-15,False,0.0,False,693000,0.0,0.0,False,300-700k,0%,Máy pha cà phê,0
276179887,7944493248228,Bếp Từ Đơn BlueStone ICB-6619 2000W - Hàng Chính Hãng,1549000,1549000,0,0,0.0,0,,available,backorder,18977,Bluestone,bluestone,362770.0,Casalux Store,350467.0,1882.0,Điện Gia Dụng,2026-08-15,False,0.0,False,1549000,0.0,0.0,False,>1.5tr,0%,Bếp điện/từ,0
276227610,3254376948700,"Máy Hút Chân Không Thực Phẩm, Máy Hàn Miện Túi - Hàng chính hãng",149000,149000,0,0,0.0,0,1.0,available,backorder,8218350,Đăng Huấn,dang-huan,54082.0,CST Telecom,51366.0,1882.0,Điện Gia Dụng,2026-08-15,True,1.0,False,149000,0.0,0.0,False,100-300k,0%,Máy hút chân không,0
276230609,1763901266902,Nồi Chiên Không Dầu BlueStone AFB-5867 6 Lít 1800W - Hàng Chính Hãng,3599000,3599000,0,0,0.0,0,,available,backorder,18977,Bluestone,bluestone,362770.0,Casalux Store,350467.0,8123.0,Nồi chiên,2026-08-15,False,0.0,False,3599000,0.0,0.0,False,>1.5tr,0%,Nồi chiên không dầu,0
276230735,5562442705002,Bếp Từ Đơn BlueStone ICB-6731 2000W - Hàng Chính Hãng,1899000,1899000,0,0,0.0,0,,available,backorder,18977,Bluestone,bluestone,253296.0,BLUESTONE OFFICIAL STORE,240328.0,1882.0,Điện Gia Dụng,2026-08-15,False,0.0,False,1899000,0.0,0.0,False,>1.5tr,0%,Bếp điện/từ,0
276230985,3073865768415,Nồi Chiên Không Dầu BlueStone AFB-5853 7 Lít 1500W - Hàng Chính Hãng,2099000,2099000,0,0,0.0,0,,available,backorder,18977,Bluestone,bluestone,362770.0,Casalux Store,350467.0,1882.0,Điện Gia Dụng,2026-08-15,False,0.0,False,2099000,0.0,0.0,False,>1.5tr,0%,Nồi chiên không dầu,0
276231111,3242604493080,Nồi Chiên Không Dầu BlueStone AFB-5861 7 Lít 1800W - Hàng Chính Hãng,1581000,2999000,1418000,47,0.0,0,3.0,available,instock,18977,Bluestone,bluestone,1.0,Tiki Trading,40395.0,8123.0,Nồi chiên,2026-08-15,True,3.0,False,2999000,47.28242747582527,0.2824274758252727,False,>1.5tr,30-50%,Nồi chiên không dầu,0
276231155,5841048472745,Lò Vi Sóng BlueStone MOB-7711 20 Lít 1100W - Hàng Chính Hãng,1999000,1999000,0,0,0.0,0,,available,backorder,18977,Bluestone,bluestone,362770.0,Casalux Store,350467.0,1882.0,Điện Gia Dụng,2026-08-15,False,0.0,False,1999000,0.0,0.0,False,>1.5tr,0%,Lò vi sóng/nướng,0
276232394,3783150960791,Nồi nấu nhanh Trường An NĐ39- Hàng chính hãng - Điện gia dụng,325000,325000,0,0,5.0,1,8.0,available,instock,280915,Trường An,truong-an,11176.0,Công Ty Phong Tiến,10899.0,1882.0,Điện Gia Dụng,2026-08-15,True,8.0,False,325000,0.0,0.0,False,300-700k,0%,Nồi/Chảo (khác),1
276234398,9300377277495, Máy Hút Chân Không Status 170300 SV 2000 Semi-professional Màu Trắng – 704624 Hàng chính hãng,4990000,4990000,0,0,0.0,0,,available,backorder,4292929,STATUS,status,20256.0,Telovietnam,19746.0,1882.0,Điện Gia Dụng,2026-08-15,False,0.0,False,4990000,0.0,0.0,False,>1.5tr,0%,Máy hút chân không,0
276234404,7791737499672, Máy Hút Chân Không Status 172210 Solid 300 Bán Chuyên Nghiệp Màu Xám - 709322 Hàng chính hãng,7990000,7990000,0,0,0.0,0,,available,backorder,4292929,STATUS,status,20256.0,Telovietnam,19746.0,1882.0,Điện Gia Dụng,2026-08-15,False,0.0,False,7990000,0.0,0.0,False,>1.5tr,0%,Máy hút chân không,0
276234411,3432425192250,Máy Hút Chân Không Status 172200 Solid 300 Màu Trắng - 709247 Hàng chính hãng,6590000,6590000,0,0,0.0,0,,available,backorder,4292929,STATUS,status,20256.0,Telovietnam,19746.0,1882.0,Điện Gia Dụng,2026-08-15,False,0.0,False,6590000,0.0,0.0,False,>1.5tr,0%,Máy hút chân không,0
276234420,3162430519136," MÁY XAY SINH TỐ CẦM TAY RUSSELL HOBBS DESIRE 24690-56, 500W Hàng chính hãng",1490000,1490000,0,0,5.0,1,1.0,available,backorder,40587,RUSSELL HOBBS,russell-hobbs,20256.0,Telovietnam,19746.0,1882.0,Điện Gia Dụng,2026-08-15,True,1.0,False,1490000,0.0,0.0,False,700k-1.5tr,0%,Máy xay,1
276235553,4451774687306,Máy xay đa năng 600ml BEAR QSJ- B02X5 (CH-4H02X),362000,799000,437000,55,5.0,1,20.0,available,instock,198523,Bear,bear,1.0,Tiki Trading,40395.0,2.0,Root,2026-08-15,True,20.0,False,799000,54.69336670838548,0.30663329161451713,False,300-700k,>50%,Máy xay,1
276235555,9138947022488,Nồi điện đa năng Bear DRG-P16M2 (MC-4H16U) 1.6L ( 700W) - Hàng chính hãng,393000,899000,506000,56,5.0,3,24.0,available,instock,198523,Bear,bear,1.0,Tiki Trading,40395.0,2.0,Root,2026-08-15,True,24.0,False,899000,56.284760845383765,0.2847608453837651,False,300-700k,>50%,Nồi/Chảo (khác),3
276235560,4447351101129,"Máy làm sữa hạt đa năng Bear PBJ-C16Q8 (HB-4H16N) 1,5 lít - Hàng chính hãng",1306000,2590000,1284000,50,5.0,1,8.0,available,instock,198523,Bear,bear,1.0,Tiki Trading,40395.0,2.0,Root,2026-08-15,True,8.0,False,2590000,49.575289575289574,0.4247104247104261,False,700k-1.5tr,30-50%,Máy làm sữa hạt,1
276235590,2009568273564,Máy xay sinh tố Bear LLJ-C04W1 (BL-4H04M) 150W Hàng chính hãng Màu Hồng,380000,799000,419000,52,4.0,1,10.0,available,instock,198523,Bear,bear,1.0,Tiki Trading,40395.0,2.0,Root,2026-08-15,True,10.0,False,799000,52.44055068836045,0.4405506883604531,False,300-700k,>50%,Máy xay,1
276235635,9758451108378,Máy xay thực phẩm đa năng Bear QSJ-E03B2 (CH-5H03P42) - Hàng chính hãng,385000,799000,414000,52,0.0,0,3.0,available,instock,198523,Bear,bear,1.0,Tiki Trading,40395.0,2.0,Root,2026-08-15,True,3.0,False,799000,51.81476846057572,0.1852315394242794,False,300-700k,>50%,Máy xay,0
276235649,2680858221084,Nồi cơm điện Bear DFB-C40K6 (RC-4H40E) - Hàng chính hãng,899000,1990000,1091000,55,0.0,0,4.0,available,instock,198523,Bear,bear,1.0,Tiki Trading,40395.0,2.0,Root,2026-08-15,True,4.0,False,1990000,54.82412060301508,0.17587939698491795,False,700k-1.5tr,>50%,Nồi cơm điện,0
276235667,3945215506915,Nồi hấp hơi nước BEAR 6L 2 tầng (EFS-4H60V / DZG-C60Q8) - Hàng Chính Hãng,505000,1190000,685000,58,5.0,2,44.0,available,instock,198523,Bear,bear,1.0,Tiki Trading,40395.0,1897.0,Nồi hấp,2026-08-15,True,44.0,False,1190000,57.56302521008403,0.43697478991597194,False,300-700k,>50%,Nồi/Chảo (khác),2
276237197,5624781177936,Nồi hấp hơi nước 3 tầng 24L Mishio MK384 800W - Hàng chính hãng,599000,599000,0,0,0.0,0,2.0,available,backorder,51325,Mishio,mishio,160749.0,Mishio Kachi Official,148018.0,1882.0,Điện Gia Dụng,2026-08-15,True,2.0,False,599000,0.0,0.0,False,300-700k,0%,Nồi/Chảo (khác),0
276238490,9154736672710,"Máy sấy thực phẩm công nghiệp 210 lít, 22 khay Thương hiệu Mỹ cao cấp Septree DBC-22A - Bảo Hành 12 Tháng (Hàng Nhập Khẩu)",13155000,13155000,0,0,0.0,0,,available,backorder,234389,Septree,septree,112137.0,DC THẾ GIỚI PHỤ KIỆN CÔNG NGHỆ Ô TÔ,103749.0,1882.0,Điện Gia Dụng,2026-08-15,False,0.0,False,13155000,0.0,0.0,False,>1.5tr,0%,Khác / Chưa phân loại,0
276245975,9957465685666,"Nồi Chiên Không Dầu ABG Camel 6.5L Công Suất 1350W Màu Xanh Và Màu Đen, Thế Hệ Mới Không Dầu, Không Khói, Không Lo Sợ Béo, Làm Chín Thực Phẩm Cực Nhanh - Bảo Vệ Sức Khỏe Mọi Nhà (Gửi Màu Ngẫu Nhiên) - Hàng Chính Hãng",660300,710000,49700,7,5.0,1,4.0,available,backorder,929563,ABG,abg,141077.0,Pi Stores,130261.0,1882.0,Điện Gia Dụng,2026-08-15,True,4.0,False,710000,7.000000000000001,8.881784197001252e-16,False,300-700k,0-10%,Nồi chiên không dầu,1
276246046,1475336775540,"Máy Xay Hạt Khô Đa Năng Mẫu Mới Công Suất 300W 8 Lưỡi, Xay Các Loại Hạt, Đồ Khô, Coffee, Ngũ Cốc Không Ồn Tiện Lợi - Hàng Chính Hãng",130000,130000,0,0,5.0,1,9.0,available,backorder,8205594,ASSTAR,asstar,106295.0,Chim sẻ đi nắng,98437.0,1882.0,Điện Gia Dụng,2026-08-15,True,9.0,False,130000,0.0,0.0,False,100-300k,0%,Máy xay,1
276255519,3980170445650,BẾP LẨU NƯỚNG ĐIỆN ĐA NĂNG 2 TRONG 1 - HÀNG CHÍNH HÃNG,250000,250000,0,0,0.0,0,1.0,available,backorder,8205594,ASSTAR,asstar,106295.0,Chim sẻ đi nắng,98437.0,1882.0,Điện Gia Dụng,2026-08-15,True,1.0,False,250000,0.0,0.0,False,100-300k,0%,Khác / Chưa phân loại,0
276255533,9415816911009,BẾP LẨU NƯỚNG ĐIỆN ĐA NĂNG BBQ 2 TRONG 1 CAO CẤP - HÀNG CHÍNH HÃNG,320000,320000,0,0,0.0,0,,available,backorder,8205594,ASSTAR,asstar,106295.0,Chim sẻ đi nắng,98437.0,1882.0,Điện Gia Dụng,2026-08-15,False,0.0,False,320000,0.0,0.0,False,300-700k,0%,Khác / Chưa phân loại,0
276255729,9073334699936, Máy xay sinh tố WMF Küchenminis Mix on the go Hàng chính hãng,2190000,2190000,0,0,0.0,0,2.0,available,backorder,247725,WMF,wmf,20256.0,Telovietnam,19746.0,1882.0,Điện Gia Dụng,2026-08-15,True,2.0,False,2190000,0.0,0.0,False,>1.5tr,0%,Máy xay,0
276255776,8239579518731,Ấm siêu tốc Trường An ST03- Hàng chính hãng,175000,175000,0,0,4.7,3,8.0,available,instock,280915,Trường An,truong-an,11176.0,Công Ty Phong Tiến,10899.0,1882.0,Điện Gia Dụng,2026-08-15,True,8.0,False,175000,0.0,0.0,False,100-300k,0%,Ấm đun nước/Bình siêu tốc,3
276256691,2792418499275,"Bếp chiên nhúng ngập dầu 12L đơn Raiden RD-1112, công suất 3000W, 2 rổ chiên-Hàng chính hãng",1490000,1490000,0,0,0.0,0,2.0,available,backorder,872683,Raiden,raiden,33792.0,Gia Dụng NuHa,33089.0,1882.0,Điện Gia Dụng,2026-08-15,True,2.0,False,1490000,0.0,0.0,False,700k-1.5tr,0%,Khác / Chưa phân loại,0
276257532,9872897443003,Nồi Hấp 2 Tầng Cách Thủy Đa Năng Đường Kính 28 cm - Hàng Chính Hãng,95000,95000,0,0,0.0,0,3.0,available,backorder,8205594,ASSTAR,asstar,106295.0,Chim sẻ đi nắng,98437.0,1882.0,Điện Gia Dụng,2026-08-15,True,3.0,False,95000,0.0,0.0,False,<100k,0%,Nồi/Chảo (khác),0
276257861,6656831654471,MÁY ÉP CHẬM NASHORN SJ200 Hàng chính hãng,3490000,3490000,0,0,0.0,0,,available,backorder,8247180,NASHORN,nashorn,20256.0,Telovietnam,19746.0,1882.0,Điện Gia Dụng,2026-08-15,False,0.0,False,3490000,0.0,0.0,False,>1.5tr,0%,Máy ép,0
276258257,5403435657939,Bình Thủy Điện NASHORN HW1300 Hàng chính hãng,2490000,2490000,0,0,0.0,0,,available,backorder,8247180,NASHORN,nashorn,20256.0,Telovietnam,19746.0,1882.0,Điện Gia Dụng,2026-08-15,False,0.0,False,2490000,0.0,0.0,False,>1.5tr,0%,Bình giữ nhiệt,0
276276116,2636556684314,"Bếp từ đơn LORCA TA-1018 PLUS - Hàng chính hãng cao cấp nhập khẩu, bo viền kim loại, công suất lớn",3510000,3510000,0,0,0.0,0,,available,backorder,8250263,L ORCA,l-orca,357354.0,L ORCA OFFICIAL STORE,345062.0,1882.0,Điện Gia Dụng,2026-08-15,False,0.0,False,3510000,0.0,0.0,False,>1.5tr,0%,Bếp điện/từ,0
276276321,4569933107956,Bếp từ đôi âm LORCA LCI 809 PLUS - Hàng chính hãng cao cấp linh kiện từ Đức công nghệ Inverter,21840000,21840000,0,0,0.0,0,,available,backorder,8250263,L ORCA,l-orca,357354.0,L ORCA OFFICIAL STORE,345062.0,1882.0,Điện Gia Dụng,2026-08-15,False,0.0,False,21840000,0.0,0.0,False,>1.5tr,0%,Bếp điện/từ,0
276290031,7475817210105,Máy pha cà phê Espresso chuyên nghiệp thương hiệu Mỹ cao cấp HiBREW H10 Plus - Hàng Nhập Khẩu,11740000,11740000,0,0,0.0,0,,available,backorder,556975,HiBREW,hibrew,112115.0,TỔNG KHO ĐIỆN MÁY - GIA DỤNG,103730.0,1882.0,Điện Gia Dụng,2026-08-15,False,0.0,False,11740000,0.0,0.0,False,>1.5tr,0%,Máy pha cà phê,0
276290436,7583621254338,"Nồi Cơm Điện 1,8L LocknLock EJR156 - EJR351BRW - Hàng Chính Hãng Bảo Hành 2 Năm",1266000,2000000,734000,37,4.7,7,19.0,available,backorder,48077,LocknLock,locknlock,195742.0,Điện Máy Vymart,182775.0,1882.0,Điện Gia Dụng,2026-08-15,True,19.0,False,2000000,36.7,0.29999999999999716,False,700k-1.5tr,30-50%,Nồi cơm điện,7
276307630,2586170042644,"Máy Làm Bánh 3 Trong 1 Waffle, Muffin và Donut, Russell Hobbs Fiesta 24620-56 - Hàng Chính Hãng Nhập khẩu từ Đức & EU",4050000,4050000,0,0,0.0,0,,available,backorder,40587,RUSSELL HOBBS,russell-hobbs,357781.0,Russell Hobbs official Store,345489.0,1882.0,Điện Gia Dụng,2026-08-15,False,0.0,False,4050000,0.0,0.0,False,>1.5tr,0%,Khác / Chưa phân loại,0
276313604,3817188399171,"Lò nướng hơi nước mini COBI 10L - Tiện lợi, tiết kiệm không gian, dễ vệ sinh",2390000,2390000,0,0,0.0,0,1.0,available,backorder,5207367,COBI Home,cobi-home,40615.0,COBI HOME,39652.0,1882.0,Điện Gia Dụng,2026-08-15,True,1.0,False,2390000,0.0,0.0,False,>1.5tr,0%,Lò vi sóng/nướng,0
276315538,2777395609707,"Máy Kẹp Nướng Bánh Mỳ sandwich, Bếp Nướng Điện Thái Lan BENNIX BN901EG, công suất 2200W, hàng chính hãng",2100000,2100000,0,0,0.0,0,,available,backorder,421431,Bennix,bennix,125683.0,M2P Shop,116136.0,1882.0,Điện Gia Dụng,2026-08-15,False,0.0,False,2100000,0.0,0.0,False,>1.5tr,0%,Bếp điện/từ,0
276363333,4233062397320,Bộ cối chày nhà bếp Inox 304 PaKaSa chống nấm mốc trọn đời không gỉ sét - Hàng chính hãng,153689,240000,86311,36,0.0,0,7.0,available,instock,5033337,PaKaSa,pakasa,137411.0,Phụ Kiện Store 76,126883.0,1882.0,Điện Gia Dụng,2026-08-15,True,7.0,False,240000,35.962916666666665,0.03708333333333513,False,100-300k,30-50%,Khác / Chưa phân loại,0
276381100,5832624531474,"Nồi cơm điện nắp rời Russell Hobbs 1,8 lít 19750-56 Cook Home Hàng chính hãng",2790000,2790000,0,0,0.0,0,1.0,available,backorder,40587,RUSSELL HOBBS,russell-hobbs,20256.0,Telovietnam,19746.0,1882.0,Điện Gia Dụng,2026-08-15,True,1.0,False,2790000,0.0,0.0,False,>1.5tr,0%,Nồi cơm điện,0
276382124,6507430717272,Ấm Siêu Tốc Russell Hobbs Retro 21670-70 2400W 1.7L Màu Đỏ Hàng chính hãng,2590000,2590000,0,0,0.0,0,,available,backorder,40587,RUSSELL HOBBS,russell-hobbs,20256.0,Telovietnam,19746.0,1882.0,Điện Gia Dụng,2026-08-15,False,0.0,False,2590000,0.0,0.0,False,>1.5tr,0%,Ấm đun nước/Bình siêu tốc,0
276382334,7938007133337,Ấm Siêu Tốc Russell Hobbs Retro 21672-70 2400W 1.7L Màu Kem Hàng chính hãng,2690000,2690000,0,0,0.0,0,1.0,available,backorder,40587,RUSSELL HOBBS,russell-hobbs,20256.0,Telovietnam,19746.0,1882.0,Điện Gia Dụng,2026-08-15,True,1.0,False,2690000,0.0,0.0,False,>1.5tr,0%,Ấm đun nước/Bình siêu tốc,0
276382840,4728485711309,"Nồi cơm điện nắp rời mini Russell Hobbs 0,4 lít 27020-56 Hàng chính hãng",1990000,1990000,0,0,0.0,0,,available,backorder,40587,RUSSELL HOBBS,russell-hobbs,20256.0,Telovietnam,19746.0,1882.0,Điện Gia Dụng,2026-08-15,False,0.0,False,1990000,0.0,0.0,False,>1.5tr,0%,Nồi cơm điện,0
276388764,7546074441371,"Lò vi sóng Toshiba MWP-MM20P(WH) - Dung tích 20 lít, 5 mức công suất, Kết hợp chống thấm 3 lớp, Kháng khuẩn bên trong lò - Hàng chính hãng",1275000,1890000,615000,33,5.0,16,185.0,available,instock,18634,Toshiba,toshiba,1.0,Tiki Trading,40395.0,1882.0,Điện Gia Dụng,2026-08-15,True,185.0,False,1890000,32.53968253968254,0.46031746031746223,False,700k-1.5tr,30-50%,Lò vi sóng/nướng,16
276391220,2231787289069,Máy sấy bát Heimchef HTD-UV1200 45L Hàng chính hãng,3790000,3790000,0,0,0.0,0,4.0,available,backorder,5517369,Heim chef,heim-chef,20256.0,Telovietnam,19746.0,1882.0,Điện Gia Dụng,2026-08-15,True,4.0,False,3790000,0.0,0.0,False,>1.5tr,0%,Khác / Chưa phân loại,0
276394712,1824938366633,"Máy ép chậm Joyoung JSJ-550 - Dung tích 800ml, Công suất 120W - HÀNG CHÍNH HÃNG",2190000,2190000,0,0,0.0,0,,available,backorder,111315,Joyoung,joyoung,20256.0,Telovietnam,19746.0,1882.0,Điện Gia Dụng,2026-08-15,False,0.0,False,2190000,0.0,0.0,False,>1.5tr,0%,Máy ép,0
276395916,7512518152175,"Nồi nấu chậm Joyoung JSC-107 - Dung tích 1L, Công suất 200W - HÀNG CHÍNH HÃNG",544000,899000,355000,39,0.0,0,3.0,available,instock,111315,Joyoung,joyoung,1.0,Tiki Trading,40395.0,1882.0,Điện Gia Dụng,2026-08-15,True,3.0,False,899000,39.48832035595105,0.4883203559510534,False,300-700k,30-50%,Nồi/Chảo (khác),0
276396355,9928355415333,"Nồi chiên không dầu 5L Joyoung JAF-565 - Công suất 1500W, Điều khiển núm xoay - HÀNG CHÍNH HÃNG",1790000,1790000,0,0,0.0,0,,available,backorder,111315,Joyoung,joyoung,20256.0,Telovietnam,19746.0,1882.0,Điện Gia Dụng,2026-08-15,False,0.0,False,1790000,0.0,0.0,False,>1.5tr,0%,Nồi chiên không dầu,0
276398935,9227283667606,"Máy làm sữa hạt đa năng Joyoung JHSB-602 - Dung tích 1.5L, Công suất 1000W, 12 chức năng - HÀNG CHÍNH HÃNG",2990000,2990000,0,0,0.0,0,3.0,available,backorder,111315,Joyoung,joyoung,232078.0,IMOU Store,219110.0,1882.0,Điện Gia Dụng,2026-08-15,True,3.0,False,2990000,0.0,0.0,False,>1.5tr,0%,Máy làm sữa hạt,0
276405961,9537604858884,Nồi Hấp Bear Nồi Hấp Điện 3 tầng Nồi Lẩu Điện Kèm Hấp Đa Năng Cảm Ứng Hấp Lẩu Hầm Healthy Tiết Kiệm Điện DZG-P20W7 - Hàng chính hãng,1379000,2450000,1071000,44,0.0,0,20.0,available,instock,198523,Bear,bear,1.0,Tiki Trading,40395.0,1882.0,Điện Gia Dụng,2026-08-15,True,20.0,False,2450000,43.714285714285715,0.2857142857142847,False,700k-1.5tr,30-50%,Nồi lẩu điện,0
276424012,9738287824821,Nồi chiên không dầu Philips 4.2 lít NA120/00 - Hàng chính hãng,2290000,2290000,0,0,0.0,0,,available,backorder,19018,Philips,philips,20256.0,Telovietnam,19746.0,1882.0,Điện Gia Dụng,2026-08-15,False,0.0,False,2290000,0.0,0.0,False,>1.5tr,0%,Nồi chiên không dầu,4
276428592,8387439096857,Nồi nấu chậm Bear 1L SC-4H10E Hàng chính hãng,790000,790000,0,0,0.0,0,,available,backorder,198523,Bear,bear,20256.0,Telovietnam,19746.0,1882.0,Điện Gia Dụng,2026-08-15,False,0.0,False,790000,0.0,0.0,False,700k-1.5tr,0%,Nồi/Chảo (khác),0
276428600,8117359577869,Nồi cơm điện Bear 3L SB-NC30C Hàng chính hãng,990000,990000,0,0,0.0,0,,available,backorder,198523,Bear,bear,20256.0,Telovietnam,19746.0,1882.0,Điện Gia Dụng,2026-08-15,False,0.0,False,990000,0.0,0.0,False,700k-1.5tr,0%,Nồi cơm điện,0
276441449,5656945445158,"Bình đun giữ nhiệt LocknLock 300ml EJC723IVY, Hàng chính hãng, thép không gỉ, giữ ấm 8 cấp độ - JoyMall",1078220,1859000,780780,42,5.0,1,5.0,available,backorder,8126075,Lock&Lock,lock-lock,38510.0,JoyMall LocknLock Chính Hãng,37780.0,1931.0,Bình đun siêu tốc,2026-08-15,True,5.0,False,1859000,42.0,0.0,False,700k-1.5tr,30-50%,Khác / Chưa phân loại,1
276447046,9418029085429,Bếp gas đôi để bàn Namilux 590SM | Hàng Chính Hãng ,1090000,1090000,0,0,0.0,0,,available,backorder,113919,NaMilux,namilux,69337.0,Home Star Store,64779.0,1882.0,Điện Gia Dụng,2026-08-15,False,0.0,False,1090000,0.0,0.0,False,700k-1.5tr,0%,Bếp điện/từ,0
276448854,8130915885380,Bếp điện từ đơn Elmich ICE 8878PG - Hàng chính hãng,1493000,2309000,816000,35,5.0,1,7.0,available,instock,31627,Elmich,elmich,1.0,Tiki Trading,40395.0,2.0,Root,2026-08-15,True,7.0,False,2309000,35.33997401472499,0.33997401472498723,False,700k-1.5tr,30-50%,Bếp điện/từ,1
276448857,6944345881507,Bếp điện từ Smartcook ICS-3873 - Hàng chính hãng,1127000,1290000,163000,13,5.0,3,8.0,available,instock,31627,Elmich,elmich,1.0,Tiki Trading,40395.0,23808.0,Bếp điện từ đơn,2026-08-15,True,8.0,False,1290000,12.635658914728682,0.3643410852713185,False,700k-1.5tr,10-20%,Bếp điện/từ,3
276448859,2461005985765,Máy làm sữa hạt Elmich CBE-8650 - Hàng chính hãng,1533000,1961000,428000,22,4.1,10,75.0,available,instock,31627,Elmich,elmich,1.0,Tiki Trading,40395.0,2025.0,Máy làm sữa đậu nành,2026-08-15,True,75.0,False,1961000,21.82559918408975,0.17440081591024992,False,>1.5tr,20-30%,Máy làm sữa hạt,10
276448871,8371448788041,Bếp từ đôi Elmich ICE-3496 - Hàng chính hãng,4533000,5796000,1263000,22,3.0,2,7.0,available,instock,31627,Elmich,elmich,1.0,Tiki Trading,40395.0,23810.0,Bếp điện từ đôi,2026-08-15,True,7.0,False,5796000,21.790890269151138,0.20910973084886209,False,>1.5tr,20-30%,Bếp điện/từ,2
276448883,3789261622562,Nồi cơm điện Elmich 1.8L RCE-9128 - Hàng chính hãng,1065000,1362000,297000,22,5.0,3,13.0,available,instock,31627,Elmich,elmich,1.0,Tiki Trading,40395.0,1919.0,Nồi cơm nắp gài,2026-08-15,True,13.0,False,1362000,21.80616740088106,0.19383259911894157,False,700k-1.5tr,20-30%,Nồi cơm điện,3
276450752,7330993136461,"Nồi cơm điện tử LocknLock Pearl rice cooker 1L EJR376WHT, Hàng chính hãng, hẹn giờ, giữ ấm - JoyMall",1572380,2711000,1138620,42,0.0,0,1.0,available,backorder,8126075,Lock&Lock,lock-lock,38510.0,JoyMall LocknLock Chính Hãng,37780.0,1882.0,Điện Gia Dụng,2026-08-15,True,1.0,False,2711000,42.0,0.0,False,>1.5tr,30-50%,Nồi cơm điện,0
276475481,3076635893468,Máy pha cà phê kèm xay hạt tự động thương hiệu Hà Lan cao cấp Philips HD7761/00 - Hàng Nhập Khẩu,6077000,6077000,0,0,0.0,0,,available,backorder,19018,Philips,philips,112115.0,TỔNG KHO ĐIỆN MÁY - GIA DỤNG,103730.0,1882.0,Điện Gia Dụng,2026-08-15,False,0.0,False,6077000,0.0,0.0,False,>1.5tr,0%,Máy pha cà phê,0
276479923,4591575675979,Nồi cơm điện tử áp suất Cuckoo 1.8L CRP-PWV1008F- Lòng nồi phủ men - Hàng chính hãng ,4590000,4590000,0,0,0.0,0,,available,backorder,20439,Cuckoo,cuckoo,29960.0,CUCKOO Store,29294.0,1882.0,Điện Gia Dụng,2026-08-15,False,0.0,False,4590000,0.0,0.0,False,>1.5tr,0%,Nồi cơm điện,0
276480849,9014831066941,"Nồi cơm điện tử Locknlock Pearl rice cooker EJR376WHT - 220-240V, 50-60Hz, 350W, Dung tích 1.0L- Màu trắng - Hàng chính hãng",1301280,2711000,1409720,52,5.0,1,1.0,available,instock,48077,LocknLock,locknlock,1.0,Tiki Trading,40395.0,2.0,Root,2026-08-15,True,1.0,False,2711000,52.0,0.0,False,700k-1.5tr,>50%,Nồi cơm điện,1
276480851,7702234072488,"Ấm đun siêu tốc Locknlock Glass electric kettle EJK256BLK - 220-240V, 50-60Hz, 1850-2200W, Dung tích 1.8L- Màu đen - Hàng chính hãng",571880,986000,414120,42,4.3,9,67.0,available,instock,48077,LocknLock,locknlock,1.0,Tiki Trading,40395.0,1931.0,Bình đun siêu tốc,2026-08-15,True,67.0,False,986000,42.0,0.0,False,300-700k,30-50%,Ấm đun nước/Bình siêu tốc,9
276491571,3787933355279,Máy làm sữa hạt Bear DJJ-D06X3 Hàng chính hãng,1490000,1490000,0,0,0.0,0,2.0,available,backorder,198523,Bear,bear,20256.0,Telovietnam,19746.0,1882.0,Điện Gia Dụng,2026-08-15,True,2.0,False,1490000,0.0,0.0,False,700k-1.5tr,0%,Máy làm sữa hạt,0
276495197,3686262551228,Lò vi sóng có nướng KAFF KF - AM825TB - Hàng chính hãng,6800000,6800000,0,0,0.0,0,,available,backorder,154221,KAFF,kaff,296453.0,KAFF Official,283798.0,1882.0,Điện Gia Dụng,2026-08-15,False,0.0,False,6800000,0.0,0.0,False,>1.5tr,0%,Lò vi sóng/nướng,0
276500250,4504860008964,"Máy xay sinh tố Joyoung JFB-621 - Dung tích 600ml, Công suất 160W, Kèm 3 cốc xay - Hàng chính hãng",1090000,1090000,0,0,0.0,0,,available,backorder,111315,Joyoung,joyoung,20256.0,Telovietnam,19746.0,1882.0,Điện Gia Dụng,2026-08-15,False,0.0,False,1090000,0.0,0.0,False,700k-1.5tr,0%,Máy xay,0
276504623,7103896059364,Máy vắt cam Braun CJ3050 - Hàng chính hãng,712000,999000,287000,29,5.0,1,2.0,available,instock,48649,Braun,braun,1.0,Tiki Trading,40395.0,1882.0,Điện Gia Dụng,2026-08-15,True,2.0,False,999000,28.72872872872873,0.2712712712712708,False,700k-1.5tr,20-30%,Khác / Chưa phân loại,1
276514071,9334247016448,"Ấm điện siêu tốc Rạng Đông Model: RD-AST18ST3 1,8 lít - Hàng chính hãng",217700,217700,0,0,0.0,0,14.0,available,backorder,193677,Rạng Đông,rang-dong,35144.0,Rạng Đông Official Store,34430.0,1882.0,Điện Gia Dụng,2026-08-15,True,14.0,False,217700,0.0,0.0,False,100-300k,0%,Ấm đun nước/Bình siêu tốc,0
276526135,4192068615879,"Bếp chiên nhúng ngập dầu Raiden RD1206 6L đôi (tổng 12L) - Chiên gà rán, khoai tây, cá viên, chuối chiên...- Hàng chính hãng",1590000,1590000,0,0,0.0,0,1.0,available,backorder,872683,Raiden,raiden,33792.0,Gia Dụng NuHa,33089.0,1882.0,Điện Gia Dụng,2026-08-15,True,1.0,False,1590000,0.0,0.0,False,>1.5tr,0%,Khác / Chưa phân loại,0
276529438,5171934617787,Bếp Từ Đơn BlueStone ICB-6603 - 2000W - Hàng Chính Hãng,1299000,1299000,0,0,0.0,0,,available,backorder,18977,Bluestone,bluestone,362770.0,Casalux Store,350467.0,1882.0,Điện Gia Dụng,2026-08-15,False,0.0,False,1299000,0.0,0.0,False,700k-1.5tr,0%,Bếp điện/từ,0
276550992,2638319960292,Nồi Chiên Không Dầu BlueStone AFB-5886 9 Lít 1800W - Hàng Chính Hãng,3499000,3499000,0,0,0.0,0,,available,backorder,18977,Bluestone,bluestone,362770.0,Casalux Store,350467.0,8123.0,Nồi chiên,2026-08-15,False,0.0,False,3499000,0.0,0.0,False,>1.5tr,0%,Nồi chiên không dầu,0
276554863,6274745209970,Bếp Gas Đôi Mặt Kính Cao Cấp NaMilux DL2463PG – Công Suất Mạnh 4.2Kw – Kiềng Bếp Tráng Men – Hàng Chính Hãng,1400000,1400000,0,0,0.0,0,,available,backorder,113919,NaMilux,namilux,69337.0,Home Star Store,64779.0,1882.0,Điện Gia Dụng,2026-08-15,False,0.0,False,1400000,0.0,0.0,False,700k-1.5tr,0%,Bếp điện/từ,0
276555520,2028904374073,Ấm Siêu Tốc INOX 2 LỚP 1.7L SUNHOUSE SHD1360 - Hàng Chính Hãng,560000,560000,0,0,0.0,0,2.0,available,backorder,41048,Sunhouse,sunhouse,11119.0,GIA DỤNG VIỆT,10842.0,1882.0,Điện Gia Dụng,2026-08-15,True,2.0,False,560000,0.0,0.0,False,300-700k,0%,Ấm đun nước/Bình siêu tốc,0
276556154,3823338185489,Bếp từ đôi Arber AB550 Hàng chính hãng,5490000,5490000,0,0,0.0,0,,available,backorder,185817,Arber,arber,20256.0,Telovietnam,19746.0,1882.0,Điện Gia Dụng,2026-08-15,False,0.0,False,5490000,0.0,0.0,False,>1.5tr,0%,Bếp điện/từ,0
276557085,5392273679293,"Ấm siêu tốc , bình đun siêu tốc , ấm đun siêu tốc 5L bền đẹp nấu nước an toàn thân ấm inox cao cấp tự ngắt, Công Suất 1500W, Tiết Kiệm Điện hàng nhập khẩu",320000,320000,0,0,0.0,0,6.0,available,backorder,5351035,FTAKY,ftaky,137089.0,Thiết Bị Mới,126576.0,1882.0,Điện Gia Dụng,2026-08-15,True,6.0,False,320000,0.0,0.0,False,300-700k,0%,Ấm đun nước/Bình siêu tốc,0
276558584,7639332776904,Bếp từ đôi Arber AB2021A Hàng chính hãng,5290000,5290000,0,0,0.0,0,,available,backorder,185817,Arber,arber,20256.0,Telovietnam,19746.0,1882.0,Điện Gia Dụng,2026-08-15,False,0.0,False,5290000,0.0,0.0,False,>1.5tr,0%,Bếp điện/từ,0
276567503,6975167897508,Nồi Chiên Không Dầu Khổng Lồ 12 Lít Mishio MK393 1700W - Hàng chính hãng,1099000,1099000,0,0,5.0,3,6.0,available,backorder,51325,Mishio,mishio,160749.0,Mishio Kachi Official,148018.0,8123.0,Nồi chiên,2026-08-15,True,6.0,False,1099000,0.0,0.0,False,700k-1.5tr,0%,Nồi chiên không dầu,3
276568878,7166228622841,"Máy làm sữa hạt Joyoung JSM-135 - Dung tích 1.2L, Công suất 400W, chữ tiếng Việt - Hàng chính hãng",1990000,1990000,0,0,0.0,0,1.0,available,backorder,111315,Joyoung,joyoung,232078.0,IMOU Store,219110.0,1882.0,Điện Gia Dụng,2026-08-15,True,1.0,False,1990000,0.0,0.0,False,>1.5tr,0%,Máy làm sữa hạt,0
276569060,8297670098338,"Nồi nấu chậm Joyoung JSC-107 - Dung tích 1L, Công suất 200W, Chữ tiếng Việt - Hàng chính hãng",1190000,1190000,0,0,0.0,0,,available,backorder,111315,Joyoung,joyoung,20256.0,Telovietnam,19746.0,1882.0,Điện Gia Dụng,2026-08-15,False,0.0,False,1190000,0.0,0.0,False,700k-1.5tr,0%,Nồi/Chảo (khác),0
276587359,2707014597964,Bếp từ đơn Arber AB302A Hàng chính hãng,1150000,1150000,0,0,0.0,0,,available,backorder,185817,Arber,arber,20256.0,Telovietnam,19746.0,1882.0,Điện Gia Dụng,2026-08-15,False,0.0,False,1150000,0.0,0.0,False,700k-1.5tr,0%,Bếp điện/từ,0
276588503,9277502198482,Nồi lẩu điện đa năng Arber DN03 Hàng chính hãng,990000,990000,0,0,0.0,0,1.0,available,backorder,185817,Arber,arber,20256.0,Telovietnam,19746.0,1882.0,Điện Gia Dụng,2026-08-15,True,1.0,False,990000,0.0,0.0,False,700k-1.5tr,0%,Nồi lẩu điện,0
276588762,5357201627988,Nồi điện đa năng Arber DN01 hàng chính hãng,690000,690000,0,0,0.0,0,,available,backorder,185817,Arber,arber,20256.0,Telovietnam,19746.0,1882.0,Điện Gia Dụng,2026-08-15,False,0.0,False,690000,0.0,0.0,False,300-700k,0%,Nồi/Chảo (khác),0
276589217,5909709904680,Máy làm sữa hạt mini Arber MLSH5WMT Hàng chính hãng,1090000,1090000,0,0,0.0,0,1.0,available,backorder,185817,Arber,arber,20256.0,Telovietnam,19746.0,1882.0,Điện Gia Dụng,2026-08-15,True,1.0,False,1090000,0.0,0.0,False,700k-1.5tr,0%,Máy làm sữa hạt,0
276589219,9253611076472,Nồi điện đa năng Arber NHD1.5MT Hàng chính hãng,730000,730000,0,0,0.0,0,,available,backorder,185817,Arber,arber,20256.0,Telovietnam,19746.0,1882.0,Điện Gia Dụng,2026-08-15,False,0.0,False,730000,0.0,0.0,False,700k-1.5tr,0%,Nồi/Chảo (khác),0
276597781,2574836276006,Máy Ép Chậm SUNHOUSE SHD5516 - Hàng Chính Hãng,1571000,1571000,0,0,0.0,0,,available,backorder,41048,Sunhouse,sunhouse,340697.0,GIA DỤNG NK KỶ NGUYÊN,328403.0,1882.0,Điện Gia Dụng,2026-08-15,False,0.0,False,1571000,0.0,0.0,False,>1.5tr,0%,Máy ép,0
276602594,1848620780936,"Máy xay thịt đa năng Joyoung JFC-305 - Dung tích 2L, Công suất 300W - Hàng chính hãng",1090000,1090000,0,0,0.0,0,,available,backorder,111315,Joyoung,joyoung,20256.0,Telovietnam,19746.0,1882.0,Điện Gia Dụng,2026-08-15,False,0.0,False,1090000,0.0,0.0,False,700k-1.5tr,0%,Máy xay,0
276604088,7577803075792,Máy Ép Trái Cây Magimix Juice Expert 3 18082EB Chrome Mat Màu Đen Bạc Made in France Hàng chính hãng,9800000,9800000,0,0,0.0,0,,available,backorder,7244069,Magimix,magimix,20256.0,Telovietnam,19746.0,1882.0,Điện Gia Dụng,2026-08-15,False,0.0,False,9800000,0.0,0.0,False,>1.5tr,0%,Máy ép,0
276608169,3254161233018,Ấm sắc thuốc Trường An TA39 Rêu - Gốm sứ cao cấp  - Điện gia dụng - Hàng chính hãng,525000,525000,0,0,0.0,0,4.0,available,instock,280915,Trường An,truong-an,11176.0,Công Ty Phong Tiến,10899.0,1882.0,Điện Gia Dụng,2026-08-15,True,4.0,False,525000,0.0,0.0,False,300-700k,0%,Khác / Chưa phân loại,0
276608227,2643190668895,Ấm sắc thuốc Trường An TA 36 Rêu - Hàng chính hãng - Gốm sứ cao cấp  - Điện gia dụng - Siêu thuốc,430000,430000,0,0,5.0,1,6.0,available,instock,280915,Trường An,truong-an,11176.0,Công Ty Phong Tiến,10899.0,1882.0,Điện Gia Dụng,2026-08-15,True,6.0,False,430000,0.0,0.0,False,300-700k,0%,Khác / Chưa phân loại,1
276611211,5880020586967,Nồi lẩu điện đa năng Lumias LM-PM605 1.5L Hàng chính hãng,890000,890000,0,0,0.0,0,1.0,available,backorder,889935,Lumena,lumena,20256.0,Telovietnam,19746.0,1882.0,Điện Gia Dụng,2026-08-15,True,1.0,False,890000,0.0,0.0,False,700k-1.5tr,0%,Nồi lẩu điện,0
276611779,8595520022540,Nồi Cơm Điện 1.8L Happy Time Sunhouse HTD8521GR - Hàng Chính Hãng,640000,640000,0,0,0.0,0,,available,backorder,41048,Sunhouse,sunhouse,11119.0,GIA DỤNG VIỆT,10842.0,1882.0,Điện Gia Dụng,2026-08-15,False,0.0,False,640000,0.0,0.0,False,300-700k,0%,Nồi cơm điện,0
276612540,6888068174731,Nồi Cơm Điện Tử Cao Tần Tiger 3 Trong 1 JPW-G18W [1.8L] - Hàng Chính Hãng,11190000,11190000,0,0,0.0,0,,available,backorder,79440,Tiger,tiger,78755.0,Bepnhatoi,73403.0,1882.0,Điện Gia Dụng,2026-08-15,False,0.0,False,11190000,0.0,0.0,False,>1.5tr,0%,Nồi cơm điện,0
276614109,2906442458865,Nồi Cơm Điện Tử Cao Tần Tiger 3 Trong 1 JPW-G10W [1.0L] - Hàng Chính Hãng,10090000,10090000,0,0,0.0,0,,available,backorder,79440,Tiger,tiger,78755.0,Bepnhatoi,73403.0,1882.0,Điện Gia Dụng,2026-08-15,False,0.0,False,10090000,0.0,0.0,False,>1.5tr,0%,Nồi cơm điện,0
276616612,9984439815342,NỒI CƠM ĐIỆN 1.2L SUNHOUSE SHD8213 - Hàng Chính Hãng,670000,670000,0,0,0.0,0,1.0,available,backorder,41048,Sunhouse,sunhouse,11119.0,GIA DỤNG VIỆT,10842.0,1882.0,Điện Gia Dụng,2026-08-15,True,1.0,False,670000,0.0,0.0,False,300-700k,0%,Nồi cơm điện,0
276624854,7686003182951,Nồi lẩu điện đa năng Lumias LM-PM606 1.6L Hàng chính hãng,640000,640000,0,0,0.0,0,4.0,available,backorder,889935,Lumena,lumena,20256.0,Telovietnam,19746.0,1882.0,Điện Gia Dụng,2026-08-15,True,4.0,False,640000,0.0,0.0,False,300-700k,0%,Nồi lẩu điện,0
276628388,6570983186740,"Lò Vi Sóng LG NeoChef màu Đen MS3032JAS, 30 lít , công suất 900W - Model mới 2024 - Hàng chính hãng",2889000,4990000,2101000,42,0.0,0,,available,backorder,18851,LG,lg,345161.0,Gia Dụng Lạc Khải,332870.0,1882.0,Điện Gia Dụng,2026-08-15,False,0.0,False,4990000,42.104208416833664,0.10420841683366433,False,>1.5tr,30-50%,Lò vi sóng/nướng,0
276628437,4767183431828,"Lò Vi Sóng LG NeoChef 20l màu Be MS2032GIK, Công suất 700W - Hàng chính hãng",2489000,3990000,1501000,38,0.0,0,1.0,available,backorder,18851,LG,lg,345161.0,Gia Dụng Lạc Khải,332870.0,1882.0,Điện Gia Dụng,2026-08-15,True,1.0,False,3990000,37.61904761904762,0.3809523809523796,False,>1.5tr,30-50%,Lò vi sóng/nướng,0
276630162,2721344106962,Máy Ép Trái Cây Panasonic MJ-CB600SRA - Hàng Chính Hãng,3290000,3290000,0,0,0.0,0,1.0,available,backorder,18804,Panasonic,panasonic,184067.0,Siêu Thị Điện Máy Từ Sơn,171102.0,1882.0,Điện Gia Dụng,2026-08-15,True,1.0,False,3290000,0.0,0.0,False,>1.5tr,0%,Máy ép,0
276630833,6498078633077,"Cuộn giấy nhôm chống dầu mỡ, trang trí nhà bếp 40x200cm -Hàng chính hãng",34500,69000,34500,50,0.0,0,1.0,available,instock,7283143,HENRYSA Bạn của mọi nhà,henrysa-ban-cua-moi-nha,132026.0,Gia Dụng Henry,121935.0,1882.0,Điện Gia Dụng,2026-08-15,True,1.0,False,69000,50.0,0.0,False,<100k,30-50%,Khác / Chưa phân loại,0
276636183,3477223769001,Nồi Cơm Điện Tử Panasonic 1 lít SR-CP108NRAM - Hàng Chính Hãng,2490000,2490000,0,0,0.0,0,,available,backorder,18804,Panasonic,panasonic,184067.0,Siêu Thị Điện Máy Từ Sơn,171102.0,1882.0,Điện Gia Dụng,2026-08-15,False,0.0,False,2490000,0.0,0.0,False,>1.5tr,0%,Nồi cơm điện,0
276636244,9079266221105,Bếp Gas Khè Công Nghiệp Inox GDV 6 Lò Đốt - Hàng Chính Hãng,3000000,3000000,0,0,0.0,0,,available,backorder,5074117,GDV,gdv,11119.0,GIA DỤNG VIỆT,10842.0,1882.0,Điện Gia Dụng,2026-08-15,False,0.0,False,3000000,0.0,0.0,False,>1.5tr,0%,Bếp điện/từ,0
276638970,7567818838312,Bếp Gas Khè Công Nghiệp Inox GDV 3 Lò Đốt - Hàng Chính Hãng,1800000,1800000,0,0,0.0,0,,available,backorder,5074117,GDV,gdv,11119.0,GIA DỤNG VIỆT,10842.0,1882.0,Điện Gia Dụng,2026-08-15,False,0.0,False,1800000,0.0,0.0,False,>1.5tr,0%,Bếp điện/từ,0
276639731,6959650291419,Bếp Gas Khè Công Nghiệp Gia Đình Inox GDV 1 Lò Đốt - Hàng Chính Hãng,880000,880000,0,0,0.0,0,,available,backorder,5074117,GDV,gdv,11119.0,GIA DỤNG VIỆT,10842.0,1882.0,Điện Gia Dụng,2026-08-15,False,0.0,False,880000,0.0,0.0,False,700k-1.5tr,0%,Bếp điện/từ,0
276641403,7403911573075,Nồi nấu chậm Russell Hobbs 2 lít 25570-56 Compact Living Hàng chính hãng,2290000,2290000,0,0,0.0,0,6.0,available,backorder,40587,RUSSELL HOBBS,russell-hobbs,20256.0,Telovietnam,19746.0,1882.0,Điện Gia Dụng,2026-08-15,True,6.0,False,2290000,0.0,0.0,False,>1.5tr,0%,Nồi/Chảo (khác),0
276644066,4442192636420,Nồi Lẩu Điện Mini 1.5L Mishio MK392 600W lòng nồi inox 304 không gỉ sét - hàng chính hãng,279000,279000,0,0,5.0,2,12.0,available,backorder,51325,Mishio,mishio,160749.0,Mishio Kachi Official,148018.0,1895.0,Nồi lẩu điện,2026-08-15,True,12.0,False,279000,0.0,0.0,False,100-300k,0%,Nồi lẩu điện,2
276650297,7413986732839,Máy xay thịt đa năng Gume Hàn Quốc- GM2252 Hàng chính hãng,1050000,1050000,0,0,0.0,0,,available,backorder,8198737,Gume,gume,20256.0,Telovietnam,19746.0,1882.0,Điện Gia Dụng,2026-08-15,False,0.0,False,1050000,0.0,0.0,False,700k-1.5tr,0%,Máy xay,0
276656144,1977375298387,"Máy Hâm Nóng Đồ Ăn Đa Năng , Tấm Lót Sưởi Ấm Điện Bàn Ăn Giữ Nhiệt Tiện Dụng, An Toàn Cho Gia Đình Hàng Nhập Khẩu",399000,399000,0,0,0.0,0,2.0,available,backorder,5351035,FTAKY,ftaky,57800.0,Siêu Thị NaNo,54661.0,1882.0,Điện Gia Dụng,2026-08-15,True,2.0,False,399000,0.0,0.0,False,300-700k,0%,Ấm đun nước/Bình siêu tốc,0
276704683,9398971074807,"Hộp Đựng Trứng Gà, Vịt 24 Quả Việt Nhật Để Tủ Lạnh - Khay Bảo Quản Trứng Gà, Trứng Vịt Có Nắp - Hàng chính hãng",49000,49000,0,0,0.0,0,5.0,available,instock,213457,Việt Nhật,viet-nhat,158877.0,Liên Minh 1974,146336.0,1882.0,Điện Gia Dụng,2026-08-15,True,5.0,False,49000,0.0,0.0,False,<100k,0%,Khác / Chưa phân loại,0
276744176,7702012366294,Nồi chiên hơi nước TAPUHO TSF16 COLOR bản đặc biệt - Hàng Chính Hãng,5380000,5380000,0,0,5.0,3,10.0,available,backorder,5625237,TAPUHO,tapuho,308020.0,GiaDungNhaThongMinh,295577.0,1882.0,Điện Gia Dụng,2026-08-15,True,10.0,False,5380000,0.0,0.0,False,>1.5tr,0%,Nồi/Chảo (khác),3
276765018,5459128753747,"Nồi Chiên Không Dầu OLIVO AF150 Thương Hiệu Mỹ 16 Chức Năng Nấu, Dung Tích 16L - Hàng Chính Hãng",3990000,3990000,0,0,0.0,0,,available,backorder,4256753,OLIVO,olivo,20256.0,Telovietnam,19746.0,1882.0,Điện Gia Dụng,2026-08-15,False,0.0,False,3990000,0.0,0.0,False,>1.5tr,0%,Nồi chiên không dầu,0
276777443,1722040425052,Nồi Áp Suất Philips 6 lít HD2237/66 - Hàng Chính Hãng,2890000,2890000,0,0,0.0,0,,available,backorder,19018,Philips,philips,20256.0,Telovietnam,19746.0,1882.0,Điện Gia Dụng,2026-08-15,False,0.0,False,2890000,0.0,0.0,False,>1.5tr,0%,Nồi áp suất,0
276777831,1381102287321,Nồi Cơm Điện Philips 1.8L HD4515/69 - Hàng Chính Hãng,1500000,1500000,0,0,3.0,1,7.0,available,backorder,19018,Philips,philips,12063.0,Điện Máy Phú Sĩ,11732.0,1882.0,Điện Gia Dụng,2026-08-15,True,7.0,False,1500000,0.0,0.0,False,700k-1.5tr,0%,Nồi cơm điện,1
276779694,5263562863820,Nồi Chiên Không Dầu Philips 4.2 lít NA120/00 - Hàng Chính Hãng,2290000,2290000,0,0,0.0,0,,available,backorder,19018,Philips,philips,20256.0,Telovietnam,19746.0,1882.0,Điện Gia Dụng,2026-08-15,False,0.0,False,2290000,0.0,0.0,False,>1.5tr,0%,Nồi chiên không dầu,0
276779777,8093135973977,Nồi Chiên Không Dầu Philips NA130/00 6.2 lít - Hàng Chính Hãng,2490000,2490000,0,0,0.0,0,,available,backorder,19018,Philips,philips,20256.0,Telovietnam,19746.0,1882.0,Điện Gia Dụng,2026-08-15,False,0.0,False,2490000,0.0,0.0,False,>1.5tr,0%,Nồi chiên không dầu,0
276779826,5363152465179,Nồi Chiên Không Dầu Philips 4.2 lít NA220/00 - Hàng Chính Hãng,2590000,2590000,0,0,5.0,1,1.0,available,backorder,19018,Philips,philips,20256.0,Telovietnam,19746.0,1882.0,Điện Gia Dụng,2026-08-15,True,1.0,False,2590000,0.0,0.0,False,>1.5tr,0%,Nồi chiên không dầu,1
276800295,2813483119243,Máy Xay Sinh Tố Philips HR3760/01 - Hàng Chính Hãng,2990000,2990000,0,0,0.0,0,,available,backorder,19018,Philips,philips,184067.0,Siêu Thị Điện Máy Từ Sơn,171102.0,1882.0,Điện Gia Dụng,2026-08-15,False,0.0,False,2990000,0.0,0.0,False,>1.5tr,0%,Máy xay,0
276801668,6724952873505,"Bộ máy pha cà phê CF08 xay hạt cà phê, lấy nước nóng, đánh bọt sữa độc lập, toàn diện DIY chức năng, hàng chính hãng",13490000,13490000,0,0,0.0,0,,available,backorder,7863833,HighTechGate,hightechgate,179711.0,ĐIỆN MÁY HTG,166747.0,1882.0,Điện Gia Dụng,2026-08-15,False,0.0,False,13490000,0.0,0.0,False,>1.5tr,0%,Máy pha cà phê,0
276809821,5384671302480,"Máy Xay Mini Mishio MK389 - Dung Tích 0.8L, Xay Đồ Ăn Dặm, Gia Vị, Đồ Khô, Công Suất 250W Mạnh Mẽ - Hàng chính hãng",299000,299000,0,0,5.0,1,8.0,available,backorder,51325,Mishio,mishio,160749.0,Mishio Kachi Official,148018.0,2111.0,Máy xay cắt đa năng,2026-08-15,True,8.0,False,299000,0.0,0.0,False,100-300k,0%,Máy xay,1
276809970,7640652120484,Máy sấy thực phẩm 8 khay thương hiệu Mỹ Septree DBC-08A01 công suất 500W - Hàng chính hãng,3805000,3805000,0,0,0.0,0,,available,backorder,234389,Septree,septree,256950.0,THẾ GIỚI ĐIỆN MÁY GIA DỤNG,243982.0,1882.0,Điện Gia Dụng,2026-08-15,False,0.0,False,3805000,0.0,0.0,False,>1.5tr,0%,Khác / Chưa phân loại,0
276813977,6795053919567,"Máy xay thực phẩm Elmich CHE-8665 300ml 200W, Hàng chính hãng, 6 cánh dao, cối thủy tinh - JoyMall",1039000,1039000,0,0,0.0,0,1.0,available,backorder,31627,Elmich,elmich,292665.0,JoyMall Official,279987.0,1882.0,Điện Gia Dụng,2026-08-15,True,1.0,False,1039000,0.0,0.0,False,700k-1.5tr,0%,Máy xay,0
276826323,3477475276086,Nồi Cơm Điện Sứ Dưỡng Sinh Mishio MK365 lòng sứ nguyên chất 0.8L không chứa chất chống dính - Hàng chính hãng,1890000,1890000,0,0,5.0,1,13.0,available,backorder,51325,Mishio,mishio,160749.0,Mishio Kachi Official,148018.0,1882.0,Điện Gia Dụng,2026-08-15,True,13.0,False,1890000,0.0,0.0,False,>1.5tr,0%,Nồi cơm điện,1
276827846,5749134632975,Máy Làm Kem Tươi Hải Âu HAK 323L Phiên Bản Mới  - Hàng Chính Hãng,43680000,43680000,0,0,0.0,0,,available,backorder,191909,Hải Âu,hai-au,5613.0,Hải Âu Group,5491.0,1882.0,Điện Gia Dụng,2026-08-15,False,0.0,False,43680000,0.0,0.0,False,>1.5tr,0%,Khác / Chưa phân loại,0
276842795,2471846646322,"Máy làm sữa hạt Unie V9S PRO, xay nấu đa năng,  dung tích 1.75L,công suất 1800W ,động cơ thế hệ mới siêu êm, Bảo hành 2 năm hàng chính hãng",2790000,4500000,1710000,38,0.0,0,,available,backorder,577673,UNIE,unie,195742.0,Điện Máy Vymart,182775.0,1882.0,Điện Gia Dụng,2026-08-15,False,0.0,False,4500000,38.0,0.0,False,>1.5tr,30-50%,Máy làm sữa hạt,0
276849824,4559951457789,NỒI CHIÊN KHÔNG DẦU 9L SUNHOUSE SHD4037 - Hàng Chính Hãng,2000000,2000000,0,0,0.0,0,,out_of_stock,backorder,41048,Sunhouse,sunhouse,,,,,,2026-08-15,False,0.0,True,2000000,0.0,0.0,False,>1.5tr,0%,Nồi chiên không dầu,0
276853508,8113454234593,Bình đun điện E-pro - Đun sôi và giữ ấm - 800ml - 600W,590000,590000,0,0,0.0,0,1.0,available,backorder,8255663,E-Pro,e-pro,358370.0,EPro2024,346078.0,1882.0,Điện Gia Dụng,2026-08-15,True,1.0,False,590000,0.0,0.0,False,300-700k,0%,Khác / Chưa phân loại,0
276885055,5482562008971,Van Cao Áp Dùng Cho Bếp Gas Công Nghiệp GDV - Hàng Chính Hãng,120000,120000,0,0,0.0,0,,available,backorder,5074117,GDV,gdv,11119.0,GIA DỤNG VIỆT,10842.0,1882.0,Điện Gia Dụng,2026-08-15,False,0.0,False,120000,0.0,0.0,False,100-300k,0%,Bếp điện/từ,0
276885234,1909130136781,Máy kẹp bánh mỳ Silvercrest Sandwichmaker XXL SSWM A1 900 W Hàng chính hãng,1990000,1990000,0,0,0.0,0,,available,backorder,157145,Silvercrest,silvercrest,20256.0,Telovietnam,19746.0,1882.0,Điện Gia Dụng,2026-08-15,False,0.0,False,1990000,0.0,0.0,False,>1.5tr,0%,Khác / Chưa phân loại,0
276886396,7570305462041,Combo Van Dây Cao Áp Dùng Cho Bếp Gas Khè Công Nghiệp GDV - Hàng Chính Hãng,150000,150000,0,0,0.0,0,,available,backorder,5074117,GDV,gdv,11119.0,GIA DỤNG VIỆT,10842.0,1882.0,Điện Gia Dụng,2026-08-15,False,0.0,False,150000,0.0,0.0,False,100-300k,0%,Bếp điện/từ,0
276895951,3209056601372,Nồi Cơm Điện NK Media MD-NC3079 3 Lít - Màu Ngẫu Nhiên - Hàng Chính Hãng,595000,595000,0,0,1.0,1,1.0,available,backorder,198789,NK Media,nk-media,11119.0,GIA DỤNG VIỆT,10842.0,1882.0,Điện Gia Dụng,2026-08-15,True,1.0,False,595000,0.0,0.0,False,300-700k,0%,Nồi cơm điện,1
276896492,3692496334394,Nồi Cơm Điện Eaststar E-828 (1.8 lít) - Màu Ngẫu Nhiên - Hàng Chính Hãng,791000,791000,0,0,0.0,0,,available,backorder,4529053,EastStar,eaststar,11119.0,GIA DỤNG VIỆT,10842.0,1882.0,Điện Gia Dụng,2026-08-15,False,0.0,False,791000,0.0,0.0,False,700k-1.5tr,0%,Nồi cơm điện,0
276902170,9516291631395,"Ấm Siêu Tốc 2 Lớp 2,5L NK Media MD-ST255  - Màu Ngẫu Nhiên - Hàng Chính Hãng",179000,179000,0,0,5.0,1,11.0,available,backorder,198789,NK Media,nk-media,11119.0,GIA DỤNG VIỆT,10842.0,1882.0,Điện Gia Dụng,2026-08-15,True,11.0,False,179000,0.0,0.0,False,100-300k,0%,Ấm đun nước/Bình siêu tốc,1
276903264,5341323773365,"Máy Thái Thịt Đa Năng Chín, Đông Lạnh ABG Chuyên Dụng Dành Cho Nhà Hàng, Quán Ăn, Thái Chính Xác, Bền Bỉ Hàng Chính Hãng",4836000,5200000,364000,7,0.0,0,,available,backorder,929563,ABG,abg,141077.0,Pi Stores,130261.0,1882.0,Điện Gia Dụng,2026-08-15,False,0.0,False,5200000,7.000000000000001,8.881784197001252e-16,False,>1.5tr,0-10%,Khác / Chưa phân loại,0
276903830,2855057783364,"Ấm Đun Siêu Tốc Thiên Quang 2 LỚP Cách Nhiệt Inox Cao Cấp, 2 Lít, 1500W, Đun Nước Sôi Nhanh, Tiết Kiệm Điện - Hàng Chính Hãng",267000,267000,0,0,0.0,0,,available,backorder,261559,Thiên Quang,thien-quang,341026.0,Gia Dụng Thiên Quang,328732.0,1882.0,Điện Gia Dụng,2026-08-15,False,0.0,False,267000,0.0,0.0,False,100-300k,0%,Ấm đun nước/Bình siêu tốc,0
276912303,6182640429427,Nồi Cơm Điện Lòng Niêu 2.2L JLPL@L JL-NC669 - Màu Ngẫu Nhiên - Hàng Chính Hãng,553000,553000,0,0,0.0,0,,available,backorder,4640119,JLPL@L,jlpl-l,11119.0,GIA DỤNG VIỆT,10842.0,1882.0,Điện Gia Dụng,2026-08-15,False,0.0,False,553000,0.0,0.0,False,300-700k,0%,Nồi cơm điện,0
276927523,5231502729410,Nồi Cơm Điện SRAPP SH-NC186 1.8 Lít - Màu Ngẫu Nhiên - Hàng Chính Hãng,473000,473000,0,0,0.0,0,,available,backorder,5200171,SRAPP,srapp,11119.0,GIA DỤNG VIỆT,10842.0,1882.0,Điện Gia Dụng,2026-08-15,False,0.0,False,473000,0.0,0.0,False,300-700k,0%,Nồi cơm điện,0
276930198,6532838734619,"Máy Nhổ Lông Gà Vịt Cầm Tay – Chạy Pin, Đa Năng, Làm Sạch Nhanh Chóng - HÀNG CHÍNH HÃNG MINIIN",139000,139000,0,0,3.3,3,11.0,available,backorder,5132069,MINIIN,miniin,134678.0,Smarthome29,124367.0,1882.0,Điện Gia Dụng,2026-08-15,True,11.0,False,139000,0.0,0.0,False,100-300k,0%,Khác / Chưa phân loại,3
276930716,8405752706679,Nồi cơm điện cao tần áp suất Tiger JPW-H10V - Hàng Chính Hãng ,6450000,6450000,0,0,5.0,1,1.0,available,backorder,79440,Tiger,tiger,18190.0,Điện máy Sài Gòn,17567.0,1882.0,Điện Gia Dụng,2026-08-15,True,1.0,False,6450000,0.0,0.0,False,>1.5tr,0%,Nồi cơm điện,1
276938248,4906060113477,Nồi Cơm Điện Tử Cao Tần Tiger JPW-G10W 1 lít - Hàng chính hãng,6545000,6545000,0,0,0.0,0,,available,backorder,79440,Tiger,tiger,18190.0,Điện máy Sài Gòn,17567.0,1882.0,Điện Gia Dụng,2026-08-15,False,0.0,False,6545000,0.0,0.0,False,>1.5tr,0%,Nồi cơm điện,0
276940009,3533836672757,Nồi Chiên Không Dầu SRAPP SH-AF11 11L - Hàng Chính Hãng,935000,935000,0,0,0.0,0,5.0,available,backorder,5200171,SRAPP,srapp,11119.0,GIA DỤNG VIỆT,10842.0,1882.0,Điện Gia Dụng,2026-08-15,True,5.0,False,935000,0.0,0.0,False,700k-1.5tr,0%,Nồi chiên không dầu,0
276940011,5284906352526,"Ấm siêu tốc ELECTRIC KETTLE 1.8L - Ruột ấm  bằng inox cao cấp không gỉ,  Tay cầm cách nhiệt - Công suất lớn 1500W  Hàng chính hãng",98000,98000,0,0,0.0,0,2.0,available,backorder,8213709,Electric Cooking Pot,electric-cooking-pot,157145.0,Gia Thành Decor,144801.0,1882.0,Điện Gia Dụng,2026-08-15,True,2.0,False,98000,0.0,0.0,False,<100k,0%,Ấm đun nước/Bình siêu tốc,0
276940131,8000985098727,Nồi Cơm Điện Nắp Gài 1 Lít HLT@CHL HTC-NC108 - Màu Ngẫu Nhiên - Hàng Chính Hãng,300000,300000,0,0,0.0,0,4.0,available,backorder,8201381,HLT@CHL,hlt-chl,11119.0,GIA DỤNG VIỆT,10842.0,1882.0,Điện Gia Dụng,2026-08-15,True,4.0,False,300000,0.0,0.0,False,100-300k,0%,Nồi cơm điện,0
276964529,1512761498753,Nồi Cơm Điện Tử Cao Tần Tiger JPC-W18W 1.8 lít - Hàng chính hãng,12300000,12300000,0,0,0.0,0,,available,backorder,79440,Tiger,tiger,18190.0,Điện máy Sài Gòn,17567.0,1882.0,Điện Gia Dụng,2026-08-15,False,0.0,False,12300000,0.0,0.0,False,>1.5tr,0%,Nồi cơm điện,0
276964665,4537045656140,Nồi Cơm Điện Tử Cao Tần Tiger JKT-D10V (1 lít) - Hàng chính hãng,6490000,6490000,0,0,0.0,0,,available,backorder,79440,Tiger,tiger,18190.0,Điện máy Sài Gòn,17567.0,1882.0,Điện Gia Dụng,2026-08-15,False,0.0,False,6490000,0.0,0.0,False,>1.5tr,0%,Nồi cơm điện,0
276975510,1695028894250,Nồi chiên ngập dầu DeLonghi Premium Fry F44532CZ 5 lít - 3200W - Điều khiển điện tử - Hàng chính hãng,3705000,4633200,928200,20,0.0,0,2.0,available,backorder,155511,DeLonghi,delonghi,355771.0,DeLonghi Official Store,343479.0,1882.0,Điện Gia Dụng,2026-08-15,True,2.0,False,4633200,20.033670033670035,0.03367003367003463,False,>1.5tr,10-20%,Nồi/Chảo (khác),0
277003347,2496716439236,"Ấm Đun Siêu Tốc LocknLock EJK286BLK 1.7L, Hàng Chính Hãng, 5 Chế Độ Nhiệt, Giữ Ấm 2 Giờ - JoyMall",675700,1165000,489300,42,0.0,0,1.0,available,backorder,8126075,Lock&Lock,lock-lock,38510.0,JoyMall LocknLock Chính Hãng,37780.0,1931.0,Bình đun siêu tốc,2026-08-15,True,1.0,False,1165000,42.0,0.0,False,300-700k,30-50%,Ấm đun nước/Bình siêu tốc,0
277030113,8632985278823,"Nồi cơm điện 1,5L Kangaroo KGRC15M2BE - Hàng chính hãng",528000,1290000,762000,59,4.5,4,19.0,available,instock,19589,Kangaroo,kangaroo,1.0,Tiki Trading,40395.0,1882.0,Điện Gia Dụng,2026-08-15,True,19.0,False,1290000,59.06976744186046,0.06976744186046346,False,300-700k,>50%,Nồi cơm điện,4
277030129,3962557534595,Bếp ga dương Kangaroo KGGS69G2E - Hàng chính hãng,489000,1143000,654000,57,4.0,2,7.0,available,instock,19589,Kangaroo,kangaroo,1.0,Tiki Trading,40395.0,1882.0,Điện Gia Dụng,2026-08-15,True,7.0,False,1143000,57.21784776902887,0.2178477690288716,False,300-700k,>50%,Khác / Chưa phân loại,2
277172330,2243423004003,Nồi nấu chậm lòng sứ 3L Mishio MK397 kèm xửng hấp và 4 thố sứ tiện lợi không lo cháy khét hay bong tróc chống dính - Hàng chính hãng,1599000,1599000,0,0,0.0,0,,available,backorder,51325,Mishio,mishio,160749.0,Mishio Kachi Official,148018.0,1882.0,Điện Gia Dụng,2026-08-15,False,0.0,False,1599000,0.0,0.0,False,>1.5tr,0%,Nồi/Chảo (khác),0
277172359,7883904208876,Nồi Cơm Điện Áp Suất Lòng Sứ Dưỡng Sinh Mishio MK396 dung tích 0.8L cho 1-2 người – Bí Quyết Cho Cơm Gạo Lứt - Hàng chính hãng,2199000,2199000,0,0,0.0,0,1.0,available,backorder,51325,Mishio,mishio,160749.0,Mishio Kachi Official,148018.0,1882.0,Điện Gia Dụng,2026-08-15,True,1.0,False,2199000,0.0,0.0,False,>1.5tr,0%,Nồi cơm điện,0
277172921,4116314163373,Máy Sấy Chén Bát Đĩa Khử Khuẩn Tiệt Trùng  46L - Hàng Chính Hãng,2632000,3290000,658000,20,5.0,1,1.0,available,backorder,5207367,COBI Home,cobi-home,40615.0,COBI HOME,39652.0,1882.0,Điện Gia Dụng,2026-08-15,True,1.0,False,3290000,20.0,0.0,False,>1.5tr,10-20%,Khác / Chưa phân loại,1
277253661,8717314257084,"Máy pha cà phê 4 trong 1, Espresso, Viên Nén Nespresso, Nescafe Dolcegusto, Kcup thương hiệu Mỹ cao cấp HiBREW H6 - Hàng Nhập Khẩu",6118000,6118000,0,0,0.0,0,,available,backorder,556975,HiBREW,hibrew,112115.0,TỔNG KHO ĐIỆN MÁY - GIA DỤNG,103730.0,1882.0,Điện Gia Dụng,2026-08-15,False,0.0,False,6118000,0.0,0.0,False,>1.5tr,0%,Máy pha cà phê,0
277304507,4213394923524,"Máy Đánh Trứng, Đánh Sữa Và Tạo Bọt Cafe Cầm Tay Di Động 3 Tốc Độ Sử Dụng Pin Sạc Cao Cấp - Hàng Nhập Khẩu",170000,170000,0,0,4.8,5,13.0,available,instock,8248965,LuckyJQR,luckyjqr,353491.0,OM LUCKY WAHIK,341199.0,1882.0,Điện Gia Dụng,2026-08-15,True,13.0,False,170000,0.0,0.0,False,100-300k,0%,Máy đánh trứng,5
277317140,9474122810436,Ấm đun nước Inox 304 cao cấp Kalpen KK03 dung tích 3L dùng bếp từ chuẩn Đức - Hàng chính hãng,750000,750000,0,0,0.0,0,1.0,available,backorder,5043913,kalpen,kalpen,125683.0,M2P Shop,116136.0,1882.0,Điện Gia Dụng,2026-08-15,True,1.0,False,750000,0.0,0.0,False,700k-1.5tr,0%,Bếp điện/từ,0
277343008,5392312507925,Máy hút chân không bảo quản thực phẩm AL-13834 dùng cho gia đình - Hàng chính hãng,445000,445000,0,0,5.0,1,12.0,available,instock,8256530,ALIZZ,alizz,108828.0,Tiện ích 1708,100733.0,1882.0,Điện Gia Dụng,2026-08-15,True,12.0,False,445000,0.0,0.0,False,300-700k,0%,Máy hút chân không,1
277348793,4315497763505,Bếp gas Đơn khè Windo Áp Cao (bán công nghiệp lữa mạnh)- Hàng Chính Hãng,639000,639000,0,0,0.0,0,1.0,available,backorder,531635,WINDO,windo,69337.0,Home Star Store,64779.0,1882.0,Điện Gia Dụng,2026-08-15,True,1.0,False,639000,0.0,0.0,False,300-700k,0%,Bếp điện/từ,0
277364210,7486698959233,Siêu sắc thuốc Pengo PG-228( HÀNG CHÍNH HÃNG),399000,399000,0,0,0.0,0,1.0,available,backorder,330991,PENGO,pengo,213616.0,Pengo Official,200648.0,1882.0,Điện Gia Dụng,2026-08-15,True,1.0,False,399000,0.0,0.0,False,300-700k,0%,Khác / Chưa phân loại,0
277366408,9268034449903,Máy xay sinh tố WMF Küchenminis Mix on the go color Hàng chính hãng,1990000,1990000,0,0,0.0,0,1.0,available,backorder,247725,WMF,wmf,20256.0,Telovietnam,19746.0,1882.0,Điện Gia Dụng,2026-08-15,True,1.0,False,1990000,0.0,0.0,False,>1.5tr,0%,Máy xay,0
277375167,3110402700440,Máy xay sinh tố Braun JB1000BK - Hàng chính hãng,1199000,1199000,0,0,0.0,0,,available,backorder,48649,Braun,braun,162514.0,Long Hưng Official Store,149585.0,1882.0,Điện Gia Dụng,2026-08-15,False,0.0,False,1199000,0.0,0.0,False,700k-1.5tr,0%,Máy xay,0
277385598,3292794005831,Bếp từ đơn Hawonkoo CEH-101-I-CF - Hàng chính hãng,1490000,1490000,0,0,0.0,0,,available,backorder,848941,Hawonkoo,hawonkoo,20256.0,Telovietnam,19746.0,1882.0,Điện Gia Dụng,2026-08-15,False,0.0,False,1490000,0.0,0.0,False,700k-1.5tr,0%,Bếp điện/từ,0
277386592,9824546802068,Máy sấy hoa quả TS9685- Hàng chính hãng,4399000,4399000,0,0,0.0,0,,available,backorder,25706,Tiross,tiross,99996.0,Tiross Hà Nội,92694.0,1882.0,Điện Gia Dụng,2026-08-15,False,0.0,False,4399000,0.0,0.0,False,>1.5tr,0%,Khác / Chưa phân loại,0
277386717,2653022301000,Máy pha cà phê TS6212- Hàng chính hãng,3199000,3199000,0,0,0.0,0,1.0,available,backorder,25706,Tiross,tiross,99996.0,Tiross Hà Nội,92694.0,1882.0,Điện Gia Dụng,2026-08-15,True,1.0,False,3199000,0.0,0.0,False,>1.5tr,0%,Máy pha cà phê,0
277386774,2490052633228,Máy làm sữa hạt đa năng TS9821- Hàng chính hãng,4999000,4999000,0,0,0.0,0,1.0,available,backorder,25706,Tiross,tiross,99996.0,Tiross Hà Nội,92694.0,1882.0,Điện Gia Dụng,2026-08-15,True,1.0,False,4999000,0.0,0.0,False,>1.5tr,0%,Máy làm sữa hạt,0
277395229,8109950058621,Đế lót ly giữ ấm thông minh di động TS5100 - Hàng chính hãng,399000,399000,0,0,0.0,0,6.0,available,backorder,25706,Tiross,tiross,99996.0,Tiross Hà Nội,92694.0,1882.0,Điện Gia Dụng,2026-08-15,True,6.0,False,399000,0.0,0.0,False,300-700k,0%,Khác / Chưa phân loại,0
277395254,2460487242708,Lò nướng Tiross TS9608 28 lít - Hàng chính hãng,2199000,2199000,0,0,0.0,0,,available,backorder,25706,Tiross,tiross,99996.0,Tiross Hà Nội,92694.0,1882.0,Điện Gia Dụng,2026-08-15,False,0.0,False,2199000,0.0,0.0,False,>1.5tr,0%,Lò vi sóng/nướng,0
277395256,4587504716824,Máy Kẹp nướng bánh Sandwich Tiross TS9667 - Hàng Chính Hãng,559000,559000,0,0,0.0,0,,available,backorder,25706,Tiross,tiross,99996.0,Tiross Hà Nội,92694.0,1882.0,Điện Gia Dụng,2026-08-15,False,0.0,False,559000,0.0,0.0,False,300-700k,0%,Khác / Chưa phân loại,0
277395258,7189119919206,"Máy nướng bánh hình xúc xích, bánh waffle Tiross TS9668 - Hàng chính hãng",599000,599000,0,0,0.0,0,,available,backorder,25706,Tiross,tiross,99996.0,Tiross Hà Nội,92694.0,1882.0,Điện Gia Dụng,2026-08-15,False,0.0,False,599000,0.0,0.0,False,300-700k,0%,Khác / Chưa phân loại,0
277395260,2782172218528,Máy kẹp nướng bánh sandwich Tiross TS9669 - Hàng chính hãng,759000,759000,0,0,0.0,0,,available,backorder,25706,Tiross,tiross,99996.0,Tiross Hà Nội,92694.0,1882.0,Điện Gia Dụng,2026-08-15,False,0.0,False,759000,0.0,0.0,False,700k-1.5tr,0%,Khác / Chưa phân loại,0
277395262,6948239677270,Máy kẹp nướng bánh sandwich 4 ngăn Tiross TS9670 - Hàng chính hãng,999000,999000,0,0,0.0,0,,available,backorder,25706,Tiross,tiross,99996.0,Tiross Hà Nội,92694.0,1882.0,Điện Gia Dụng,2026-08-15,False,0.0,False,999000,0.0,0.0,False,700k-1.5tr,0%,Khác / Chưa phân loại,0
277395264,9764831338137,Máy nướng bánh đôi Waffe Tiross TS9671 - Hàng chính hãng,1199000,1199000,0,0,0.0,0,,available,backorder,25706,Tiross,tiross,99996.0,Tiross Hà Nội,92694.0,1882.0,Điện Gia Dụng,2026-08-15,False,0.0,False,1199000,0.0,0.0,False,700k-1.5tr,0%,Khác / Chưa phân loại,0
277395266,2182607298154,"Máy nướng bánh, máy làm bánh snack Tiross TS9672 - Hàng chính hãng",599000,599000,0,0,0.0,0,,available,backorder,25706,Tiross,tiross,99996.0,Tiross Hà Nội,92694.0,1882.0,Điện Gia Dụng,2026-08-15,False,0.0,False,599000,0.0,0.0,False,300-700k,0%,Khác / Chưa phân loại,0
277395270,3204969081482,Ấm siêu tốc Tiross TS1369 _ Hàng chính hãng,959000,959000,0,0,0.0,0,,available,backorder,25706,Tiross,tiross,99996.0,Tiross Hà Nội,92694.0,1882.0,Điện Gia Dụng,2026-08-15,False,0.0,False,959000,0.0,0.0,False,700k-1.5tr,0%,Ấm đun nước/Bình siêu tốc,0
277395272,9679557906827,Ấm siêu tốc Tiross TS9722 (1.7 lít) - Hàng chính hãng,1099000,1099000,0,0,0.0,0,1.0,available,backorder,25706,Tiross,tiross,99996.0,Tiross Hà Nội,92694.0,1882.0,Điện Gia Dụng,2026-08-15,True,1.0,False,1099000,0.0,0.0,False,700k-1.5tr,0%,Ấm đun nước/Bình siêu tốc,0
277396091,7728218112712,Kẹp nướng điện đa năng Tiross TS9663- Hàng chính hãng,2399000,2399000,0,0,0.0,0,1.0,available,backorder,25706,Tiross,tiross,99996.0,Tiross Hà Nội,92694.0,1882.0,Điện Gia Dụng,2026-08-15,True,1.0,False,2399000,0.0,0.0,False,>1.5tr,0%,Khác / Chưa phân loại,0
277396330,1154097580863,Kẹp nướng điện Sandwich Tiross TS9662- Hàng chính hãng,1799000,1799000,0,0,0.0,0,,available,backorder,25706,Tiross,tiross,99996.0,Tiross Hà Nội,92694.0,1882.0,Điện Gia Dụng,2026-08-15,False,0.0,False,1799000,0.0,0.0,False,>1.5tr,0%,Khác / Chưa phân loại,0
277396597,8246045682546,Combo 10 Đôi Đũa 3 Sọc Mạ Vàng Hình Cô Gái Nhật Bản Kháng Khuẩn Chịu Nhiệt - Hàng chính hãng,43558,60000,16442,27,4.0,1,13.0,available,instock,5224641,HENRYSA,henrysa,132026.0,Gia Dụng Henry,121935.0,1882.0,Điện Gia Dụng,2026-08-15,True,13.0,False,60000,27.403333333333336,0.403333333333336,False,<100k,20-30%,Khác / Chưa phân loại,1
277400776,8643001393948,"Máy Xay Thịt Đa Năng SK-06009, Công Suất 200W, Dung Tích 700ml, Xay Thịt Cá, Thực Phẩm, Sinh Tố, Xay Đá - HÀNG CHÍNH HÃNG MINIIN",189000,189000,0,0,0.0,0,1.0,available,backorder,5132069,MINIIN,miniin,134678.0,Smarthome29,124367.0,1882.0,Điện Gia Dụng,2026-08-15,True,1.0,False,189000,0.0,0.0,False,100-300k,0%,Máy xay,0
277401088,1409516935442,"Máy Đánh Sữa, Cà Phê, Trứng, Socola, Matcha Tạo Bọt Sử Dụng Dây Sạc Điện - HÀNG CHÍNH HÃNG MINIIN",129000,129000,0,0,5.0,2,44.0,available,backorder,5132069,MINIIN,miniin,134678.0,Smarthome29,124367.0,1882.0,Điện Gia Dụng,2026-08-15,True,44.0,False,129000,0.0,0.0,False,100-300k,0%,Khác / Chưa phân loại,2
277425563,8851325645961,"Máy đánh sữa tạo bọt cà phê, ca cao 4 trong 1 thương hiệu Anh Quốc Shardor MF0802 - Hàng nhập khẩu",1468000,1468000,0,0,0.0,0,2.0,available,backorder,4675605,Shardor,shardor,112115.0,TỔNG KHO ĐIỆN MÁY - GIA DỤNG,103730.0,1882.0,Điện Gia Dụng,2026-08-15,True,2.0,False,1468000,0.0,0.0,False,700k-1.5tr,0%,Khác / Chưa phân loại,0
277430969,7861108210422,"Máy Hút Chân Không Thực Phẩm Gia Đình Mini Hàn Quốc Cao Cấp - Bảo Quản Thực Phẩm Tươi Mới, Tặng 10 Túi Hút Chân Không - HÀNG CHÍNH HÃNG MINIIN",49000,49000,0,0,0.0,0,3.0,available,backorder,5132069,MINIIN,miniin,134678.0,Smarthome29,124367.0,1882.0,Điện Gia Dụng,2026-08-15,True,3.0,False,49000,0.0,0.0,False,<100k,0%,Máy hút chân không,0
277436348,5402910700012,"Máy nướng bánh, máy làm bánh snack Tiross TS9673 - Hàng chính hãng",759000,759000,0,0,0.0,0,,available,backorder,25706,Tiross,tiross,99996.0,Tiross Hà Nội,92694.0,1882.0,Điện Gia Dụng,2026-08-15,False,0.0,False,759000,0.0,0.0,False,700k-1.5tr,0%,Khác / Chưa phân loại,0
277438404,1969364367740,Máy Làm Bánh Waffle Tiros TS1385 - Hàng chính hãng,739000,739000,0,0,0.0,0,5.0,available,backorder,25706,Tiross,tiross,99996.0,Tiross Hà Nội,92694.0,1882.0,Điện Gia Dụng,2026-08-15,True,5.0,False,739000,0.0,0.0,False,700k-1.5tr,0%,Khác / Chưa phân loại,0
277438519,6189208863509,Máy Làm Đá TIROSS TS9352 145W - Hàng chính hãng,5599000,5599000,0,0,0.0,0,,available,backorder,25706,Tiross,tiross,99996.0,Tiross Hà Nội,92694.0,1882.0,Điện Gia Dụng,2026-08-15,False,0.0,False,5599000,0.0,0.0,False,>1.5tr,0%,Khác / Chưa phân loại,0
277438537,6631798244825,"Máy sấy hoa quả, thực phẩm Tiross TS9683 - Hàng chính hãng",2999000,2999000,0,0,0.0,0,1.0,available,backorder,25706,Tiross,tiross,99996.0,Tiross Hà Nội,92694.0,1882.0,Điện Gia Dụng,2026-08-15,True,1.0,False,2999000,0.0,0.0,False,>1.5tr,0%,Khác / Chưa phân loại,0
277438541,8976552516154,Ấm đun siêu tốc Tiross TS1368 1.7L - Hàng chính hãng,1099000,1099000,0,0,0.0,0,,available,backorder,25706,Tiross,tiross,99996.0,Tiross Hà Nội,92694.0,1882.0,Điện Gia Dụng,2026-08-15,False,0.0,False,1099000,0.0,0.0,False,700k-1.5tr,0%,Ấm đun nước/Bình siêu tốc,0
277438562,6507532959513,Máy pha cà phê Tiross TS6213 - Hàng chính hãng,11999000,11999000,0,0,0.0,0,,available,backorder,25706,Tiross,tiross,99996.0,Tiross Hà Nội,92694.0,1882.0,Điện Gia Dụng,2026-08-15,False,0.0,False,11999000,0.0,0.0,False,>1.5tr,0%,Máy pha cà phê,0
277438569,9363082938730,Bếp từ đơn công nghiệp Tiross TS8043 (3500W) - Hàng chính hãng,3299000,3299000,0,0,0.0,0,,available,backorder,25706,Tiross,tiross,99996.0,Tiross Hà Nội,92694.0,1882.0,Điện Gia Dụng,2026-08-15,False,0.0,False,3299000,0.0,0.0,False,>1.5tr,0%,Bếp điện/từ,0
277444996,6675433841711,"Máy (Nồi) Làm Tỏi Đen Nikio NK-686 - Công Nghệ Làm Tỏi Tự Động Nhật Bản, Thời Gian Làm Tỏi Và Sấy Khô Tùy Chỉnh Linh Hoạt Giúp Tỏi Thơm Ngon, Giàu Chất Dinh Dưỡng - Dung Tích 6 Lít, Làm Được 2Kg Tỏi - Cafe Sữa",2390000,2790000,400000,14,4.6,7,44.0,available,backorder,157347,Nikio,nikio,50450.0,NIKIO OFFICIAL STORE,48206.0,2.0,Root,2026-08-15,True,44.0,False,2790000,14.336917562724013,0.33691756272401285,False,>1.5tr,10-20%,Khác / Chưa phân loại,7
277445831,1146109306717,Lẩu điện phủ gốm Ceramic Kuvings KMG-200B - Hàng chính hãng ,2344000,3990000,1646000,41,0.0,0,2.0,available,instock,41435,Kuvings,kuvings,1.0,Tiki Trading,40395.0,1882.0,Điện Gia Dụng,2026-08-15,True,2.0,False,3990000,41.253132832080205,0.25313283208020465,False,>1.5tr,30-50%,Khác / Chưa phân loại,0
277446600,6303275817515,Máy làm tỏi đen TIROSS TS904 (màu đỏ mận) - Hàng chính hãng,1299000,1299000,0,0,0.0,0,,available,backorder,25706,Tiross,tiross,99996.0,Tiross Hà Nội,92694.0,1882.0,Điện Gia Dụng,2026-08-15,False,0.0,False,1299000,0.0,0.0,False,700k-1.5tr,0%,Khác / Chưa phân loại,0
277446671,5323550922855,Bếp Điện Từ Đơn Công Nghiệp Tiross TS8042 - 3500W - Phù Hợp Cho Quán - Nhà Hàng - Khách Sạn - Hàng Chính Hãng,3299000,3299000,0,0,0.0,0,,available,backorder,25706,Tiross,tiross,99996.0,Tiross Hà Nội,92694.0,1882.0,Điện Gia Dụng,2026-08-15,False,0.0,False,3299000,0.0,0.0,False,>1.5tr,0%,Bếp điện/từ,0
277446693,8528696798400,Máy nướng bánh mỳ 4 ngăn TS9666 -Hàng chính hãng,3599000,3599000,0,0,0.0,0,,available,backorder,25706,Tiross,tiross,99996.0,Tiross Hà Nội,92694.0,1882.0,Điện Gia Dụng,2026-08-15,False,0.0,False,3599000,0.0,0.0,False,>1.5tr,0%,Khác / Chưa phân loại,0
277447160,7808287838352,Máy làm tỏi đen Tiross TS906 (màu đồng) - Hàng chính hãng,1499000,1499000,0,0,0.0,0,2.0,available,backorder,25706,Tiross,tiross,99996.0,Tiross Hà Nội,92694.0,1882.0,Điện Gia Dụng,2026-08-15,True,2.0,False,1499000,0.0,0.0,False,700k-1.5tr,0%,Khác / Chưa phân loại,0
277457726,2265780490926,"Nồi Lẩu Điện Mini Azhu 1.8L Đa Năng – 2 Nấc Nhiệt, Kèm Giá Hấp, Công Suất 600W - HÀNG CHÍNH HÃNG MINIIN",119000,119000,0,0,0.0,0,9.0,available,backorder,5132069,MINIIN,miniin,134678.0,Smarthome29,124367.0,1882.0,Điện Gia Dụng,2026-08-15,True,9.0,False,119000,0.0,0.0,False,100-300k,0%,Nồi lẩu điện,0
277474654,1265442263383,Bếp từ điện tử Tiross TS8041 - Hàng chính hãng,1590000,1590000,0,0,0.0,0,,available,backorder,25706,Tiross,tiross,99996.0,Tiross Hà Nội,92694.0,1882.0,Điện Gia Dụng,2026-08-15,False,0.0,False,1590000,0.0,0.0,False,>1.5tr,0%,Bếp điện/từ,0
277480710,6204741720810,"Máy xay thịt 2 cối đa năng Kalpen S1 dung tích 2L, công suất 600W - Hàng chính hãng",950000,950000,0,0,0.0,0,1.0,available,backorder,5043913,kalpen,kalpen,125683.0,M2P Shop,116136.0,1882.0,Điện Gia Dụng,2026-08-15,True,1.0,False,950000,0.0,0.0,False,700k-1.5tr,0%,Máy xay,0
277482653,3479917473730,"Nồi Lẩu Điện Mini Đa Năng 1.5L, Ca Nấu Mì, Cốc Ăn Lẩu Cô Đơn 500W, Chống Dính Vân Đá - HÀNG CHÍNH HÃNG MINIIN",67000,67000,0,0,3.8,4,17.0,available,backorder,5132069,MINIIN,miniin,134678.0,Smarthome29,124367.0,1882.0,Điện Gia Dụng,2026-08-15,True,17.0,False,67000,0.0,0.0,False,<100k,0%,Nồi lẩu điện,4
277487800,6828141354305,"Ấm Siêu Tốc Văn Phòng Mini Thái Lan 0,8L - Bình Đun Siêu Tốc bé HÀNG CHÍNH HÃNG",280000,280000,0,0,2.8,4,26.0,available,backorder,222905,KORENO,koreno,297289.0,Tổng kho gia dụng 82,284720.0,1882.0,Điện Gia Dụng,2026-08-15,True,26.0,False,280000,0.0,0.0,False,100-300k,0%,Ấm đun nước/Bình siêu tốc,4
277498233,9073926258875,"Dụng Cụ Làm Ruốc, Bóc Tỏi Đa Năng Silicon – Phụ Kiện Hỗ Trợ Máy Xay Thịt, Làm Chà Bông Loại 2L 3L - HÀNG CHÍNH HÃNG MINIIN",29000,29000,0,0,4.5,2,20.0,available,backorder,5132069,MINIIN,miniin,134678.0,Smarthome29,124367.0,1882.0,Điện Gia Dụng,2026-08-15,True,20.0,False,29000,0.0,0.0,False,<100k,0%,Máy xay,2
277505643,8405018864843,Ấm đun siêu tốc Bosch TWK2M MyMoment Hàng chính hãng,1690000,1690000,0,0,0.0,0,,available,backorder,25229,Bosch,bosch,20256.0,Telovietnam,19746.0,1882.0,Điện Gia Dụng,2026-08-15,False,0.0,False,1690000,0.0,0.0,False,>1.5tr,0%,Ấm đun nước/Bình siêu tốc,0
277506590,2247954429581,Nồi cơm nắp rời Toshiba 1.8 lít RC-18MH2PV(F) - Hàng chính hãng,492000,690000,198000,29,4.8,5,19.0,available,instock,18634,Toshiba,toshiba,1.0,Tiki Trading,40395.0,1882.0,Điện Gia Dụng,2026-08-15,True,19.0,False,690000,28.695652173913043,0.304347826086957,False,300-700k,20-30%,Nồi cơm điện,5
277508748,7357796835260,"Máy Xay Thịt Đa Năng 500W, 4 Lưỡi Dao, Dung Tích 3.5L – Xay Nhanh, Tiện Lợi - HÀNG CHÍNH HÃNG MINIIN",249000,249000,0,0,5.0,2,6.0,available,backorder,5132069,MINIIN,miniin,134678.0,Smarthome29,124367.0,1882.0,Điện Gia Dụng,2026-08-15,True,6.0,False,249000,0.0,0.0,False,100-300k,0%,Máy xay,2
277512206,3925924981795,Nồi lẩu đa năng Kangaroo KGEH50N2B - Hàng chính hãng,635000,1350000,715000,53,4.3,3,14.0,available,instock,19589,Kangaroo,kangaroo,1.0,Tiki Trading,40395.0,1882.0,Điện Gia Dụng,2026-08-15,True,14.0,False,1350000,52.96296296296297,0.037037037037030984,False,300-700k,>50%,Nồi lẩu điện,3
277512215,9565460662696,Nồi cơm điện tử Kangaroo 1.5 lít KG15RCE2 - Hàng chính hãng,2050000,2050000,0,0,0.0,0,,out_of_stock,instock,19589,Kangaroo,kangaroo,,,,,,2026-08-15,False,0.0,True,2050000,0.0,0.0,False,>1.5tr,0%,Nồi cơm điện,0
277512223,2216794125966,Nồi cơm điện Kangaroo 1.2 lít KGRC12M1 - Hàng chính hãng,707000,1090000,383000,35,0.0,0,2.0,available,instock,19589,Kangaroo,kangaroo,1.0,Tiki Trading,40395.0,1882.0,Điện Gia Dụng,2026-08-15,True,2.0,False,1090000,35.137614678899084,0.13761467889908374,False,700k-1.5tr,30-50%,Nồi cơm điện,0
277512225,2775554626353,Nồi cơm điện Kangaroo 1.5 lít KGRC15M1 - Hàng chính hãng,674000,1090000,416000,38,1.0,1,6.0,available,instock,19589,Kangaroo,kangaroo,1.0,Tiki Trading,40395.0,1882.0,Điện Gia Dụng,2026-08-15,True,6.0,False,1090000,38.1651376146789,0.16513761467889765,False,300-700k,30-50%,Nồi cơm điện,1
277512229,8438059204850,Nồi cơm điện Kangaroo 1 lít KGRC10M1 - Hàng chính hãng,519000,890000,371000,42,5.0,2,29.0,available,instock,19589,Kangaroo,kangaroo,1.0,Tiki Trading,40395.0,1882.0,Điện Gia Dụng,2026-08-15,True,29.0,False,890000,41.68539325842697,0.31460674157303004,False,300-700k,30-50%,Nồi cơm điện,2
277514030,3541900145262,Hộp cơm điện Bear SB-HC12L - Hàng chính hãng,464000,800000,336000,42,5.0,3,24.0,available,instock,198523,Bear,bear,1.0,Tiki Trading,40395.0,1882.0,Điện Gia Dụng,2026-08-15,True,24.0,False,800000,42.0,0.0,False,300-700k,30-50%,Hộp đựng thực phẩm,3
277521543,7703376898400,"NỒI ÁP SUẤT ĐIỆN ĐA NĂNG PHILIPS HD2103, Hàng CHÍNH HÃNG ",1990000,1990000,0,0,0.0,0,1.0,available,backorder,19018,Philips,philips,20256.0,Telovietnam,19746.0,1882.0,Điện Gia Dụng,2026-08-15,True,1.0,False,1990000,0.0,0.0,False,>1.5tr,0%,Nồi áp suất,0
277532610,1495246385289,Máy làm bánh Waffle hình bông tuyết Lakeland Snowflake Hàng chính hãng,1990000,1990000,0,0,0.0,0,1.0,available,backorder,4640171,VonShef,vonshef,20256.0,Telovietnam,19746.0,1882.0,Điện Gia Dụng,2026-08-15,True,1.0,False,1990000,0.0,0.0,False,>1.5tr,0%,Khác / Chưa phân loại,0
277554862,8887538835791,Nồi Hấp Đa Năng BlueStone MPB-7238 - 17 lít - 1300W - Điều khiển cảm ứng - Hàng Chính Hãng,1749000,2299000,550000,24,0.0,0,2.0,available,backorder,18977,Bluestone,bluestone,253296.0,BLUESTONE OFFICIAL STORE,240328.0,1882.0,Điện Gia Dụng,2026-08-15,True,2.0,False,2299000,23.923444976076556,0.0765550239234436,False,>1.5tr,20-30%,Nồi/Chảo (khác),0
277564309,8526669767782,"Nồi Cơm Điện Đa Năng 1.2L – Nấu Cơm, Hầm Cháo, Hấp, Xào, Luộc Siêu Tiện Lợi - HÀNG CHÍNH HÃNG MINIIN",299000,299000,0,0,0.0,0,2.0,available,backorder,5132069,MINIIN,miniin,134678.0,Smarthome29,124367.0,1882.0,Điện Gia Dụng,2026-08-15,True,2.0,False,299000,0.0,0.0,False,100-300k,0%,Nồi cơm điện,0
277565722,4947221915975,"Máy pha cà phê Drip xay và pha tự động, thương hiệu Hà Lan cao cấp Philips - HD7900/50 [ HÀNG CHÍNH HÃNG ]",6765000,6765000,0,0,0.0,0,,available,backorder,19018,Philips,philips,112137.0,DC THẾ GIỚI PHỤ KIỆN CÔNG NGHỆ Ô TÔ,103749.0,1882.0,Điện Gia Dụng,2026-08-15,False,0.0,False,6765000,0.0,0.0,False,>1.5tr,0%,Máy pha cà phê,0
277565963,7983024740360,Máy pha cà phê Drip xay và pha tự động thương hiệu Hà Lan Philips HD7900/50 - Hàng chính hãng (BH 1 NĂM),6765000,6765000,0,0,0.0,0,,available,backorder,19018,Philips,philips,256950.0,THẾ GIỚI ĐIỆN MÁY GIA DỤNG,243982.0,1882.0,Điện Gia Dụng,2026-08-15,False,0.0,False,6765000,0.0,0.0,False,>1.5tr,0%,Máy pha cà phê,0
277567840,2016634331394,Nồi Cơm Điện Nắp Rời Tiger Queen 2 Trong 1 JDR-1000 [1.0L] - Hàng Chính Hãng,899000,899000,0,0,0.0,0,,available,backorder,79661,Tiger Queen,tiger-queen,204276.0,Tiger Queen Official Store,191309.0,1882.0,Điện Gia Dụng,2026-08-15,False,0.0,False,899000,0.0,0.0,False,700k-1.5tr,0%,Nồi cơm điện,0
277567912,9156737814176,Nồi Cơm Điện Nắp Rời Tiger Queen 2 Trong 1 JDR-1800 [1.8L] - Hàng Chính Hãng,1099000,1099000,0,0,0.0,0,,available,backorder,79661,Tiger Queen,tiger-queen,204276.0,Tiger Queen Official Store,191309.0,1882.0,Điện Gia Dụng,2026-08-15,False,0.0,False,1099000,0.0,0.0,False,700k-1.5tr,0%,Nồi cơm điện,0
277572051,7500495916532, Máy xay cầm tay Smeg HBF03PBEU (màu xanh blue) Hàng chính hãng,4090000,4090000,0,0,0.0,0,,available,backorder,4258823,Smeg,smeg,20256.0,Telovietnam,19746.0,1882.0,Điện Gia Dụng,2026-08-15,False,0.0,False,4090000,0.0,0.0,False,>1.5tr,0%,Máy xay,0
277603307,2117243643647,Nồi cơm điện tử tách đường Thái Lan OR-V12 dung tích 1.2L công suất 500W - Hàng chính hãng,1999000,1999000,0,0,0.0,0,1.0,available,backorder,421431,Bennix,bennix,125683.0,M2P Shop,116136.0,1882.0,Điện Gia Dụng,2026-08-15,True,1.0,False,1999000,0.0,0.0,False,>1.5tr,0%,Nồi cơm điện,0
277604049,1889460802959,"Máy xay thịt UNIE UM366, công suất 400W, 2 cối thủy tinh tiện lợi, động cơ đồng cao cấp;  xay thịt, đánh ruốc, bóc tỏi tiện lợi; hàng chính hãng bảo hành 12 tháng",590000,1000000,410000,41,0.0,0,,available,backorder,577673,UNIE,unie,195742.0,Điện Máy Vymart,182775.0,1882.0,Điện Gia Dụng,2026-08-15,False,0.0,False,1000000,41.0,0.0,False,300-700k,30-50%,Máy xay,0
277606244,9318202105793,"Nồi Cơm Điện Công Nghiệp Chính Hãng SOWUN SW6988 8.5L, Lòng Nồi Hợp Kim Nhôm,Chống Dính Cao Cấp",2690000,2690000,0,0,0.0,0,,available,backorder,148255,Sowun,sowun,20256.0,Telovietnam,19746.0,1882.0,Điện Gia Dụng,2026-08-15,False,0.0,False,2690000,0.0,0.0,False,>1.5tr,0%,Nồi cơm điện,0
277608620,8549874624393,Máy rang hạt cà phê công nghệ gia nhiệt không khí chuyên nghiệp thương hiệu Cafemasy SCR-306 - Công suất 1800W - Hàng chính hãng,6845000,6845000,0,0,0.0,0,,available,backorder,8241000,Cafemasy,cafemasy,256950.0,THẾ GIỚI ĐIỆN MÁY GIA DỤNG,243982.0,1882.0,Điện Gia Dụng,2026-08-15,False,0.0,False,6845000,0.0,0.0,False,>1.5tr,0%,Khác / Chưa phân loại,0
277608842,2252839680193,Máy Làm Sữa Hạt Đa Năng Seka E300 12 Chế Độ Xay Nấu - Hàng Chính Hãng,950000,950000,0,0,0.0,0,,available,backorder,632677,SEKA,seka,108828.0,Tiện ích 1708,100733.0,1882.0,Điện Gia Dụng,2026-08-15,False,0.0,False,950000,0.0,0.0,False,700k-1.5tr,0%,Máy làm sữa hạt,0
277609004,8620440491215,Máy Làm Sữa Hạt SEKA E300 Đa Năng 12 Chức Năng Cao Cấp - Hàng Chính Hãng,1200000,1200000,0,0,0.0,0,,available,backorder,632677,SEKA,seka,115414.0,Gold,106729.0,1882.0,Điện Gia Dụng,2026-08-15,False,0.0,False,1200000,0.0,0.0,False,700k-1.5tr,0%,Máy làm sữa hạt,0
277620603,9203592857274,"Nồi chiên không dầu Lock&Lock Manual Eco Fryer 3.2L, 220V~ 50Hz, 1400W - Màu đen - EJF161BLK - Hàng chính hãng",1824000,3800000,1976000,52,0.0,0,2.0,available,instock,48077,LocknLock,locknlock,1.0,Tiki Trading,40395.0,1882.0,Điện Gia Dụng,2026-08-15,True,2.0,False,3800000,52.0,0.0,False,>1.5tr,>50%,Nồi chiên không dầu,0
277620608,9477079880663,"Bếp nướng điện LocknLock Electric Grill 220-240V, 50/60Hz, 1800-2200W - Màu đen - EJG212BLK - Hàng chính hãng",657600,1370000,712400,52,0.0,0,7.0,available,instock,48077,LocknLock,locknlock,1.0,Tiki Trading,40395.0,1882.0,Điện Gia Dụng,2026-08-15,True,7.0,False,1370000,52.0,0.0,False,300-700k,>50%,Bếp điện/từ,0
277620612,5629251245686,"Nồi chiên không dầu nhãn hiệu LocknLock Clear-view window air fryer 5L, 220-240V, 50/60Hz, 1500W - màu đen - EJF279BLK - Hàng chính hãng",2496000,5200000,2704000,52,0.0,0,2.0,available,instock,48077,LocknLock,locknlock,1.0,Tiki Trading,40395.0,1882.0,Điện Gia Dụng,2026-08-15,True,2.0,False,5200000,52.0,0.0,False,>1.5tr,>50%,Nồi chiên không dầu,0
277621179,5299681274535,Máy cắt thịt nướng Tiross TS100T - Hàng chính hãng ,2099000,2099000,0,0,0.0,0,1.0,available,backorder,25706,Tiross,tiross,99996.0,Tiross Hà Nội,92694.0,1882.0,Điện Gia Dụng,2026-08-15,True,1.0,False,2099000,0.0,0.0,False,>1.5tr,0%,Khác / Chưa phân loại,0
277721856,3200429607408,Lò nướng điện Tirros TS9606 - Dung tích 14 Lít - Hàng chính hãng,1099000,1099000,0,0,0.0,0,1.0,available,backorder,25706,Tiross,tiross,99996.0,Tiross Hà Nội,92694.0,1882.0,Điện Gia Dụng,2026-08-15,True,1.0,False,1099000,0.0,0.0,False,700k-1.5tr,0%,Lò vi sóng/nướng,0
277725804,6297245626779,Nồi lẩu hấp 2 tầng Elmich STE-9098 - Hàng chính hãng,986000,1260000,274000,22,5.0,2,43.0,available,instock,31627,Elmich,elmich,1.0,Tiki Trading,40395.0,1895.0,Nồi lẩu điện,2026-08-15,True,43.0,False,1260000,21.746031746031747,0.25396825396825307,False,700k-1.5tr,20-30%,Nồi lẩu điện,2
277741836,6910446961257,Nồi lẩu điện Elmich MPE-9177 - Hàng chính hãng,1020000,1304000,284000,22,5.0,3,27.0,available,instock,31627,Elmich,elmich,1.0,Tiki Trading,40395.0,2.0,Root,2026-08-15,True,27.0,False,1304000,21.779141104294478,0.22085889570552197,False,700k-1.5tr,20-30%,Nồi lẩu điện,3
277741838,6281030184702,Bếp từ đôi cao cấp Elmich ICE-8852 - Hàng chính hãng,7369000,14166000,6797000,48,0.0,0,,available,instock,31627,Elmich,elmich,1.0,Tiki Trading,40395.0,23810.0,Bếp điện từ đôi,2026-08-15,False,0.0,False,14166000,47.981081462657066,0.018918537342933917,False,>1.5tr,30-50%,Bếp điện/từ,0
277779074,4314521464348,Máy ép chậm Kalpen Đức J7 công suất 300W - Hàng chính hãng,1955000,1955000,0,0,0.0,0,3.0,available,backorder,5043913,kalpen,kalpen,125683.0,M2P Shop,116136.0,1882.0,Điện Gia Dụng,2026-08-15,True,3.0,False,1955000,0.0,0.0,False,>1.5tr,0%,Máy ép,0
277809668,6489454873044,Máy xay sinh tố cầm tay Elmich BLE9213 - Hàng chính hãng,696000,1139000,443000,39,0.0,0,6.0,available,instock,31627,Elmich,elmich,1.0,Tiki Trading,40395.0,2.0,Root,2026-08-15,True,6.0,False,1139000,38.8937664618086,0.1062335381913968,False,300-700k,30-50%,Máy xay,0
277809673,2735075136585,Máy xay thịt Elmich MCE8586 dung tích 2L - Hàng chính hãng,816000,1043000,227000,22,4.8,5,24.0,available,instock,31627,Elmich,elmich,1.0,Tiki Trading,40395.0,2110.0,Máy xay thịt,2026-08-15,True,24.0,False,1043000,21.764141898370088,0.23585810162991194,False,700k-1.5tr,20-30%,Máy xay,5
277809676,6846587202600,"Máy xay thịt Elmich MCE8584B, dung tích 2L - Hàng chính hãng",787000,1649000,862000,52,5.0,2,35.0,available,instock,31627,Elmich,elmich,1.0,Tiki Trading,40395.0,2110.0,Máy xay thịt,2026-08-15,True,35.0,False,1649000,52.274105518496064,0.27410551849606435,False,700k-1.5tr,>50%,Máy xay,2
277809683,5893531265211,Máy xay làm sữa hạt Elmich CBE-8974 - Hàng chính hãng,1905000,2436000,531000,22,0.0,0,6.0,available,instock,31627,Elmich,elmich,1.0,Tiki Trading,40395.0,2025.0,Máy làm sữa đậu nành,2026-08-15,True,6.0,False,2436000,21.79802955665025,0.2019704433497509,False,>1.5tr,20-30%,Máy xay,0
277809785,6802357527719,Lò chiên không dầu cao cấp 12L Elmich AFE-9158 - Hàng chính hãng,2775000,4279000,1504000,35,5.0,3,13.0,available,instock,31627,Elmich,elmich,1.0,Tiki Trading,40395.0,8123.0,Nồi chiên,2026-08-15,True,13.0,False,4279000,35.14839915868194,0.14839915868193998,False,>1.5tr,30-50%,Khác / Chưa phân loại,3
277809787,2070310839926,Nồi cơm điện cao cấp Elmich 1.8L RCE-9132 - Hàng chính hãng,1088000,1679000,591000,35,5.0,2,22.0,available,instock,31627,Elmich,elmich,1.0,Tiki Trading,40395.0,2.0,Root,2026-08-15,True,22.0,False,1679000,35.199523525908276,0.19952352590827616,False,700k-1.5tr,30-50%,Nồi cơm điện,2
277809791,7689822716705,Máy xay sinh tố cầm tay 400ml Elmich BLE9215 - Hàng chính hãng,499000,638000,139000,22,3.9,21,131.0,available,instock,31627,Elmich,elmich,1.0,Tiki Trading,40395.0,2850.0,Máy xay cầm tay,2026-08-15,True,131.0,False,638000,21.786833855799372,0.21316614420062763,False,300-700k,20-30%,Máy xay,21
277810122,9780979730106,Ấm đun nước siêu tốc Elmich 1.8L KEE-8457 - Hàng chính hãng,724000,1059000,335000,32,4.8,5,45.0,available,instock,31627,Elmich,elmich,1.0,Tiki Trading,40395.0,1931.0,Bình đun siêu tốc,2026-08-15,True,45.0,False,1059000,31.633616619452315,0.3663833805476848,False,700k-1.5tr,30-50%,Ấm đun nước/Bình siêu tốc,5
277810130,9081699418395,Ấm pha trà đa năng 1.8L Elmich KEE-9147 - Hàng chính hãng,1020000,1304000,284000,22,4.3,4,21.0,available,instock,31627,Elmich,elmich,1.0,Tiki Trading,40395.0,1931.0,Bình đun siêu tốc,2026-08-15,True,21.0,False,1304000,21.779141104294478,0.22085889570552197,False,700k-1.5tr,20-30%,Khác / Chưa phân loại,4
277812127,8277234345631,Nồi lẩu mini đa năng 1.5l Elmich MPE-9121 - Hàng chính hãng,537000,939000,402000,43,5.0,8,84.0,available,instock,31627,Elmich,elmich,1.0,Tiki Trading,40395.0,1895.0,Nồi lẩu điện,2026-08-15,True,84.0,False,939000,42.81150159744409,0.18849840255590777,False,300-700k,30-50%,Nồi lẩu điện,8
277812146,1003592066645,Bếp điện từ Elmich ICE-3879 - Hàng chính hãng,1315000,1909000,594000,31,5.0,2,7.0,available,instock,31627,Elmich,elmich,1.0,Tiki Trading,40395.0,23808.0,Bếp điện từ đơn,2026-08-15,True,7.0,False,1909000,31.11576741749607,0.11576741749606967,False,700k-1.5tr,30-50%,Bếp điện/từ,2
277812171,9166907633609,Nồi áp suất điện tử đa năng Elmich 3L PCE-8573 - Hàng chính hãng,1712000,2539000,827000,33,0.0,0,1.0,available,instock,31627,Elmich,elmich,1.0,Tiki Trading,40395.0,1894.0,Nồi áp suất điện,2026-08-15,True,1.0,False,2539000,32.571878692398585,0.4281213076014154,False,>1.5tr,30-50%,Nồi áp suất,0
277812175,4190963559049,Máy xay sinh tố BLE9244 - Hàng chính hãng,810000,1037000,227000,22,4.5,2,7.0,available,instock,31627,Elmich,elmich,1.0,Tiki Trading,40395.0,24062.0,Máy xay sinh tố gia đình,2026-08-15,True,7.0,False,1037000,21.8900675024108,0.10993249758919887,False,700k-1.5tr,20-30%,Máy xay,2
277812182,3346326080741,Nồi áp suất điện đa năng 2 ngăn Elmich 3.5L PCE-8576 - Hàng chính hãng,1867000,2387000,520000,22,5.0,1,4.0,available,instock,31627,Elmich,elmich,1.0,Tiki Trading,40395.0,1894.0,Nồi áp suất điện,2026-08-15,True,4.0,False,2387000,21.78466694595727,0.2153330540427305,False,>1.5tr,20-30%,Nồi áp suất,1
277819248,1295422608397,Bếp gas âm Rinnai RB-7902S-GBS(F) mặt bếp kính Schott và kiềng bếp men - Hàng chính hãng.,13761000,13761000,0,0,0.0,0,,available,backorder,49293,Rinnai,rinnai,349062.0,Rinnai Official,336770.0,1882.0,Điện Gia Dụng,2026-08-15,False,0.0,False,13761000,0.0,0.0,False,>1.5tr,0%,Bếp điện/từ,0
277827675,6294204278798,Máy xay sinh tố đa năng Panasonic MX-EP3111WRA - HÀNG CHÍNH HÃNG,838000,950000,112000,12,0.0,0,,available,instock,18804,Panasonic,panasonic,1.0,Tiki Trading,40395.0,1882.0,Điện Gia Dụng,2026-08-15,False,0.0,False,950000,11.789473684210526,0.21052631578947434,False,700k-1.5tr,10-20%,Máy xay,0
277914874,8598376741609,Bếp Từ Đôi Bosch PMI82566VN Hàng chính hãng,10900000,10900000,0,0,0.0,0,,available,backorder,25229,Bosch,bosch,20256.0,Telovietnam,19746.0,1882.0,Điện Gia Dụng,2026-08-15,False,0.0,False,10900000,0.0,0.0,False,>1.5tr,0%,Bếp điện/từ,0
277915304,6911234318690,BẾP TỪ BOSCH PUC61KAA5E (3 vùng nấu) Hàng chính hãng,10900000,10900000,0,0,0.0,0,,available,backorder,25229,Bosch,bosch,20256.0,Telovietnam,19746.0,1882.0,Điện Gia Dụng,2026-08-15,False,0.0,False,10900000,0.0,0.0,False,>1.5tr,0%,Bếp điện/từ,0
277923556,1109243989790,Máy xay sinh tố 2 cối Povena PVN-311 Hàng chính hãng,356000,650000,294000,45,0.0,0,1.0,available,backorder,5166975,Anh Lam Store,anh-lam-store,236185.0,Minhlam Store,223217.0,1882.0,Điện Gia Dụng,2026-08-15,True,1.0,False,650000,45.230769230769226,0.2307692307692264,False,300-700k,30-50%,Máy xay,0
277926691,1219715874929,Nồi Nấu Đa Năng Tiross TS9022 6L - Hàng Chính Hãng,1399000,1399000,0,0,0.0,0,,available,backorder,25706,Tiross,tiross,99996.0,Tiross Hà Nội,92694.0,1882.0,Điện Gia Dụng,2026-08-15,False,0.0,False,1399000,0.0,0.0,False,700k-1.5tr,0%,Nồi/Chảo (khác),0
277933360,7379079098484,Nồi lẩu điện BEAR 1.2L công suất 500W DRG-Z12K1 (MC-4H12J) - Hàng Chính Hãng,287000,496000,209000,42,5.0,12,82.0,available,instock,198523,Bear,bear,1.0,Tiki Trading,40395.0,1882.0,Điện Gia Dụng,2026-08-15,True,82.0,False,496000,42.13709677419355,0.1370967741935516,False,100-300k,30-50%,Nồi lẩu điện,12
277933543,4326853999880,Nồi hấp điện BEAR 3 tầng 12L công suất 800W Xanh Lá (EFS-4H27E / DZG-CA2G2) - Hàng Chính Hãng,734000,1394000,660000,47,4.7,3,19.0,available,instock,198523,Bear,bear,1.0,Tiki Trading,40395.0,1882.0,Điện Gia Dụng,2026-08-15,True,19.0,False,1394000,47.34576757532281,0.3457675753228102,False,700k-1.5tr,30-50%,Nồi/Chảo (khác),3
277938305,2602798268908,Máy ép dầu ăn thực vật nóng và lạnh dùng trong gia đình thương hiệu Anh Quốc AOSIDA 999A 1000W - Hàng chính hãng (BH 1 NĂM),6335000,6335000,0,0,0.0,0,,available,backorder,8229559,Aosida,aosida,112115.0,TỔNG KHO ĐIỆN MÁY - GIA DỤNG,103730.0,1882.0,Điện Gia Dụng,2026-08-15,False,0.0,False,6335000,0.0,0.0,False,>1.5tr,0%,Máy ép,0
277941864,5947531645609,"Hộp cơm điện văn phòng 2 tầng Life360 - 3 khay đựng thức ăn, inox304, hấp/ đun sôi/ hâm nóng - Hàng Chính Hãng",488000,589000,101000,17,0.0,0,3.0,available,backorder,5221825,Life360,life360,180208.0,Life360 Official Store,167244.0,1882.0,Điện Gia Dụng,2026-08-15,True,3.0,False,589000,17.147707979626485,0.1477079796264853,False,300-700k,10-20%,Hộp đựng thực phẩm,0
277942453,3193074398108,Bếp Từ Đơn Tân Á Đại Thành Rossi RS-1020CC01 Kèm Nồi - Hàng Chính Hãng Bảo Hành 24 Tháng,1190000,1190000,0,0,0.0,0,,available,backorder,238483,Tân Á Đại Thành,tan-a-dai-thanh,114507.0,Tân Á Đại Thành Official,105904.0,1882.0,Điện Gia Dụng,2026-08-15,False,0.0,False,1190000,0.0,0.0,False,700k-1.5tr,0%,Bếp điện/từ,0
277964844,8554149306683,"Ca Siêu Tốc Trường An 1.8L Inox 304 Cao Cấp ST06  – Đun Nước Nhanh, An Toàn, Tự Ngắt – Hàng chính hãng",235000,235000,0,0,0.0,0,3.0,available,instock,280915,Trường An,truong-an,11176.0,Công Ty Phong Tiến,10899.0,1882.0,Điện Gia Dụng,2026-08-15,True,3.0,False,235000,0.0,0.0,False,100-300k,0%,Khác / Chưa phân loại,0
277965725,8793067179610,"Ca Siêu Tốc Trường An 1.8L Inox 304 Cao Cấp ST08 – Đun Nước Nhanh, An Toàn, Tự Ngắt – Hàng chính hãng",252000,252000,0,0,0.0,0,3.0,available,instock,280915,Trường An,truong-an,11176.0,Công Ty Phong Tiến,10899.0,1882.0,Điện Gia Dụng,2026-08-15,True,3.0,False,252000,0.0,0.0,False,100-300k,0%,Khác / Chưa phân loại,0
277966661,3369994579200,Máy sấy thực phẩm 5 KHAY TAHAWA DBC-05A- Hàng Chính Hãng- Bảo hành 2 năm,4290000,4560000,270000,6,0.0,0,,available,backorder,749127,TAHAWA,tahawa,115692.0,TAHAWA NHẬT BẢN,106979.0,1882.0,Điện Gia Dụng,2026-08-15,False,0.0,False,4560000,5.921052631578947,0.0789473684210531,False,>1.5tr,0-10%,Khác / Chưa phân loại,0
277969521,9046160867557,"Máy Vắt Cam LocknLock Citrus Juicer EJJ244 40W 700ml, Hàng Chính Hãng, Xoay Ép Hai Chiều - JoyMall",315520,544000,228480,42,0.0,0,,available,backorder,48077,LocknLock,locknlock,38510.0,JoyMall LocknLock Chính Hãng,37780.0,2109.0,Máy vắt cam,2026-08-15,False,0.0,False,544000,42.0,0.0,False,300-700k,30-50%,Khác / Chưa phân loại,0
277972627,4104221115078,MÁY VẮT CAM TỰ ĐỘNG CASO CP 400 LIFT Hàng chính hãng,2290000,2290000,0,0,0.0,0,,available,backorder,456363,Caso,caso,20256.0,Telovietnam,19746.0,1882.0,Điện Gia Dụng,2026-08-15,False,0.0,False,2290000,0.0,0.0,False,>1.5tr,0%,Khác / Chưa phân loại,0
277974332,7326812672553, Máy xay sinh tố mini 2 bình Häfele HS-B061MX 535.43.293 - Hàng chính hãng,739000,1290000,551000,43,0.0,0,6.0,available,instock,205197,HAFELE,hafele,1.0,Tiki Trading,40395.0,1882.0,Điện Gia Dụng,2026-08-15,True,6.0,False,1290000,42.713178294573645,0.2868217054263553,False,700k-1.5tr,30-50%,Máy xay,0
277980309,7491337343096,Máy pha cà phê Espresso Tiross TS621 - Hàng chính hãng,1199000,1199000,0,0,0.0,0,,available,backorder,25706,Tiross,tiross,99996.0,Tiross Hà Nội,92694.0,1882.0,Điện Gia Dụng,2026-08-15,False,0.0,False,1199000,0.0,0.0,False,700k-1.5tr,0%,Máy pha cà phê,0
277989697,6266289504949,"Nồi Hấp Đa Năng 2 Tầng Haatz HTP099, Dung Tích 10L, 8 Chức Năng, 1000W - Hàng Chính Hãng",890000,1350000,460000,34,0.0,0,,available,backorder,8260410,Haatz,haatz,195742.0,Điện Máy Vymart,182775.0,1882.0,Điện Gia Dụng,2026-08-15,False,0.0,False,1350000,34.074074074074076,0.07407407407407618,False,700k-1.5tr,30-50%,Nồi/Chảo (khác),0
278002078,2125101191681,Ấm sắc thuốc Bear HTM-4H40X Hàng chính hãng,1990000,1990000,0,0,0.0,0,1.0,available,backorder,198523,Bear,bear,20256.0,Telovietnam,19746.0,1882.0,Điện Gia Dụng,2026-08-15,True,1.0,False,1990000,0.0,0.0,False,>1.5tr,0%,Khác / Chưa phân loại,0
278009921,8905940477338,Máy ép chậm hiệu Kuvings Series Hands-Free KHS-860SB [AUTO 8] - Hàng chính hãng,14990000,14990000,0,0,0.0,0,,available,backorder,41435,Kuvings,kuvings,190480.0,Kuvings Official Store,177513.0,1882.0,Điện Gia Dụng,2026-08-15,False,0.0,False,14990000,0.0,0.0,False,>1.5tr,0%,Máy ép,0
278023135,5490863413108,Nồi hấp đa năng Bluestone MPB-7238 - Hàng chính hãng,1799000,1890000,91000,5,0.0,0,,available,backorder,18977,Bluestone,bluestone,162514.0,Long Hưng Official Store,149585.0,1882.0,Điện Gia Dụng,2026-08-15,False,0.0,False,1890000,4.814814814814815,0.18518518518518512,False,>1.5tr,0-10%,Nồi/Chảo (khác),0
278028520,9205295034845,Bình đun siêu tốc Bluestone 1.7 lít KTB-3428 - Hàng chính hãng,799000,799000,0,0,0.0,0,,available,backorder,18977,Bluestone,bluestone,162514.0,Long Hưng Official Store,149585.0,1882.0,Điện Gia Dụng,2026-08-15,False,0.0,False,799000,0.0,0.0,False,700k-1.5tr,0%,Ấm đun nước/Bình siêu tốc,0
278028617,1323880100240,Máy ép chậm Bluestone SJB-6551 - Hàng chính hãng,2390000,2390000,0,0,0.0,0,,available,backorder,18977,Bluestone,bluestone,162514.0,Long Hưng Official Store,149585.0,1882.0,Điện Gia Dụng,2026-08-15,False,0.0,False,2390000,0.0,0.0,False,>1.5tr,0%,Máy ép,0
278037890,5202343759210,"Ấm Đun Siêu Tốc Giảm Âm LocknLock Silent Electric Kettle 1.2L EJK216WHT, Hàng Chính Hãng - JoyMall",1169280,2016000,846720,42,0.0,0,2.0,available,backorder,48077,LocknLock,locknlock,38510.0,JoyMall LocknLock Chính Hãng,37780.0,1931.0,Bình đun siêu tốc,2026-08-15,True,2.0,False,2016000,42.0,0.0,False,700k-1.5tr,30-50%,Ấm đun nước/Bình siêu tốc,0
278042679,9860644641146,Nồi nấu chậm Bluestone 1 lít SCB-6119 - Hàng chính hãng,999000,999000,0,0,0.0,0,,available,backorder,18977,Bluestone,bluestone,162514.0,Long Hưng Official Store,149585.0,1882.0,Điện Gia Dụng,2026-08-15,False,0.0,False,999000,0.0,0.0,False,700k-1.5tr,0%,Nồi/Chảo (khác),0
278047237,5740014527394,Bình đun siêu tốc Mishio MK403 dung tích 1.8L vỏ nhựa cách nhiệt chống bỏng - hàng chính hãng,319000,319000,0,0,0.0,0,1.0,available,backorder,51325,Mishio,mishio,160749.0,Mishio Kachi Official,148018.0,1882.0,Điện Gia Dụng,2026-08-15,True,1.0,False,319000,0.0,0.0,False,300-700k,0%,Ấm đun nước/Bình siêu tốc,0
278058775,7801079837891,"Nồi Điện Đa Năng LocknLock Digital Multipot EJP186IVY 1.6L 500W, Hàng Chính Hãng, Xửng Hấp - JoyMall",708180,1221000,512820,42,0.0,0,6.0,available,backorder,48077,LocknLock,locknlock,38510.0,JoyMall LocknLock Chính Hãng,37780.0,5313.0,Nồi đa năng,2026-08-15,True,6.0,False,1221000,42.0,0.0,False,700k-1.5tr,30-50%,Nồi/Chảo (khác),0
278061829,6466497377354,Nồi cơm điện tử Sharp 1.8 lít KS-COM183MV-WH - Hàng chính hãng,1219000,1690000,471000,28,0.0,0,2.0,available,backorder,19912,Sharp,sharp,345161.0,Gia Dụng Lạc Khải,332870.0,1882.0,Điện Gia Dụng,2026-08-15,True,2.0,False,1690000,27.869822485207102,0.13017751479289785,False,700k-1.5tr,20-30%,Nồi cơm điện,0
278064407,2608082552413,"Máy xay sinh tố chuyên dụng cho quán kinh doanh, pha chế Mitomo KJ2200 chóng ồn hàng chính hãng",4200000,4200000,0,0,0.0,0,1.0,available,backorder,5191837,Mitomo,mitomo,123800.0,MITOMO ELECTRONIC,114406.0,1882.0,Điện Gia Dụng,2026-08-15,True,1.0,False,4200000,0.0,0.0,False,>1.5tr,0%,Máy xay,0
278065455,8143615386517,Lò Nướng Đối Lưu Tiross TS9610 - 55 Lít - 2000W - 12 Chức Năng Nướng - Hàng chính hãng,2699000,2699000,0,0,0.0,0,1.0,available,backorder,25706,Tiross,tiross,99996.0,Tiross Hà Nội,92694.0,1882.0,Điện Gia Dụng,2026-08-15,True,1.0,False,2699000,0.0,0.0,False,>1.5tr,0%,Lò vi sóng/nướng,0
278070302,4840451372109,"Nồi Điện Đa Năng 4 Trong 1 LocknLock 2L EJP421WHT, Hàng Chính Hãng, Nướng, Chiên, Lẩu, Hấp – JoyMall",1377500,2375000,997500,42,0.0,0,4.0,available,backorder,48077,LocknLock,locknlock,38510.0,JoyMall LocknLock Chính Hãng,37780.0,1882.0,Điện Gia Dụng,2026-08-15,True,4.0,False,2375000,42.0,0.0,False,700k-1.5tr,30-50%,Nồi/Chảo (khác),0
278073991,7465278846254,"Máy pha cà phê cầm tay chuyên nghiệp Espresso 3 trong 1, dùng pin có thể pha cả nóng và lạnh. Thương hiệu Mỹ cao cấp HiBREW - H4C. HÀNG CHÍNH HÃNG",5503000,5503000,0,0,0.0,0,1.0,available,backorder,556975,HiBREW,hibrew,208147.0,SIÊU THỊ ĐIỆN MÁY GIA DỤNG,195179.0,1882.0,Điện Gia Dụng,2026-08-15,True,1.0,False,5503000,0.0,0.0,False,>1.5tr,0%,Máy pha cà phê,0
278090759,6711777910395,"Máy xay hạt cà phê Espresso chuyên nghiệp Thương hiệu Mỹ cao cấp HiBREW G7, 150W, Lưỡi xay hình nón Cornical Burr - HÀNG NHẬP KHẨU",4375000,4375000,0,0,0.0,0,,available,backorder,556975,HiBREW,hibrew,112137.0,DC THẾ GIỚI PHỤ KIỆN CÔNG NGHỆ Ô TÔ,103749.0,1882.0,Điện Gia Dụng,2026-08-15,False,0.0,False,4375000,0.0,0.0,False,>1.5tr,0%,Máy xay,0
278093737,4112386488255,Máy xay hạt cà phê Espresso chuyên nghiệp thương hiệu HiBREW G7 tích hợp 48 chế độ xay - Hàng Chính Hãng,4375000,4375000,0,0,0.0,0,,available,backorder,556975,HiBREW,hibrew,256950.0,THẾ GIỚI ĐIỆN MÁY GIA DỤNG,243982.0,1882.0,Điện Gia Dụng,2026-08-15,False,0.0,False,4375000,0.0,0.0,False,>1.5tr,0%,Máy xay,0
278096977,3321813591188,Máy xay sinh tố Locknlock 950ml Duo Turbo Blender- Màu đen - EJM452BLK - Hàng chính hãng,1404000,1404000,0,0,0.0,0,,out_of_stock,instock,48077,LocknLock,locknlock,,,,,,2026-08-15,False,0.0,True,1404000,0.0,0.0,False,700k-1.5tr,0%,Máy xay,0
278097488,5196349633635,"Nồi chiên không dầu thế hệ mới dung tích lớn, công suất 1500W - Hàng nhập khẩu",546000,650000,104000,16,5.0,1,13.0,available,backorder,5166975,Anh Lam Store,anh-lam-store,236185.0,Minhlam Store,223217.0,1882.0,Điện Gia Dụng,2026-08-15,True,13.0,False,650000,16.0,0.0,False,300-700k,10-20%,Nồi chiên không dầu,1
278099047,9139773812834,Máy Vắt Cam LocknLock Citrus Juicer EJJ244 40W 700ml - Xoay Ép Hai Chiều - Hàng chính hãng,315520,544000,228480,42,5.0,2,19.0,available,instock,48077,LocknLock,locknlock,1.0,Tiki Trading,40395.0,1882.0,Điện Gia Dụng,2026-08-15,True,19.0,False,544000,42.0,0.0,False,300-700k,30-50%,Khác / Chưa phân loại,2
278103971,7019857015536,Máy ép dầu thực vật gia đình Tahawa TH-888A-Hàng chính hãng,7103000,7550000,447000,6,0.0,0,1.0,available,backorder,749127,TAHAWA,tahawa,115692.0,TAHAWA NHẬT BẢN,106979.0,1882.0,Điện Gia Dụng,2026-08-15,True,1.0,False,7550000,5.920529801324504,0.0794701986754962,False,>1.5tr,0-10%,Máy ép,0
278108571,6420739719251,"Bình đun nước siêu tốc Bosch TWK8611P, 2400 W, 1,5 Lít hàng chính hãng",2990000,2990000,0,0,0.0,0,,available,backorder,25229,Bosch,bosch,20256.0,Telovietnam,19746.0,1882.0,Điện Gia Dụng,2026-08-15,False,0.0,False,2990000,0.0,0.0,False,>1.5tr,0%,Khác / Chưa phân loại,0
278125166,2242700763674,Bếp Gas Đôi Dương Kính GDV - Màu Ngẫu Nhiên - Hàng Chính Hãng,600000,600000,0,0,0.0,0,,available,backorder,5074117,GDV,gdv,11119.0,GIA DỤNG VIỆT,10842.0,1882.0,Điện Gia Dụng,2026-08-15,False,0.0,False,600000,0.0,0.0,False,300-700k,0%,Bếp điện/từ,0
278130168,4494422613480,Bếp hồng ngoại Mishio MK417 mặt kính cường lực cao cấp - hàng chính hãng,679000,679000,0,0,0.0,0,1.0,available,backorder,51325,Mishio,mishio,160749.0,Mishio Kachi Official,148018.0,1882.0,Điện Gia Dụng,2026-08-15,True,1.0,False,679000,0.0,0.0,False,300-700k,0%,Bếp điện/từ,0
278131402,2401829472517,"Ấm đun nước siêu tốc Tiross TS9723 1L, 950W - Hàng chính hãng",699000,699000,0,0,0.0,0,,available,backorder,25706,Tiross,tiross,99996.0,Tiross Hà Nội,92694.0,1882.0,Điện Gia Dụng,2026-08-15,False,0.0,False,699000,0.0,0.0,False,300-700k,0%,Ấm đun nước/Bình siêu tốc,0
278141016,3297694450707,"Bếp Đôi Điện Từ Hồng Ngoại Daewoo DWHB-3801C, mặt kính pha lê bóng 3800W, phù hợp mọi loại nồi - Hàng chính hãng",2339000,4700000,2361000,50,0.0,0,4.0,available,instock,20056,Daewoo,daewoo,1.0,Tiki Trading,40395.0,2.0,Root,2026-08-15,True,4.0,False,4700000,50.23404255319149,0.23404255319149314,False,>1.5tr,30-50%,Nồi/Chảo (khác),0
278141018,3310135647788,Ấm siêu tốc thủy tinh 1.7L Daewoo DWK-GL1803 thiết kế vỏ sò đèn LED độc đáo - Hàng chính hãng,310000,599000,289000,48,0.0,0,26.0,available,instock,20056,Daewoo,daewoo,1.0,Tiki Trading,40395.0,2.0,Root,2026-08-15,True,26.0,False,599000,48.24707846410685,0.24707846410684908,False,300-700k,30-50%,Ấm đun nước/Bình siêu tốc,0
278141162,8479526633003,Ấm siêu tốc inox 304 cao cấp đảm bảo an toàn 1.8L Daewoo DWK-S1805 đế xoay 360 độ - Hàng chính hãng BH 2 năm - Hàng chính hãng,210000,369000,159000,43,5.0,2,25.0,available,instock,20056,Daewoo,daewoo,1.0,Tiki Trading,40395.0,2.0,Root,2026-08-15,True,25.0,False,369000,43.08943089430895,0.08943089430894702,False,100-300k,30-50%,Ấm đun nước/Bình siêu tốc,2
278141164,7643628594410,"Máy Làm Sữa Hạt Daewoo 1.2L DWSM-1512, tặng Cẩm Nang 50 Công Thức - Máy Xay Nấu Đa Năng - Hàng chính hãng",950000,1790000,840000,47,3.0,2,9.0,available,instock,20056,Daewoo,daewoo,1.0,Tiki Trading,40395.0,2.0,Root,2026-08-15,True,9.0,False,1790000,46.927374301675975,0.07262569832402477,False,700k-1.5tr,30-50%,Máy làm sữa hạt,2
278141165,1143213181436,"Bếp Từ Đơn Daewoo DWI-1505B, 8 chế độ cài sẵn 1500w - Hàng chính hãng",470000,799000,329000,41,0.0,0,27.0,available,instock,20056,Daewoo,daewoo,1.0,Tiki Trading,40395.0,2.0,Root,2026-08-15,True,27.0,False,799000,41.17647058823529,0.17647058823528994,False,300-700k,30-50%,Bếp điện/từ,0
278141834,8508057157596,"Bếp từ đơn Sunhouse SHD6154 - Công suất 2000W - 8 chế độ nấu - 10 mức nhiệt - Chế độ hẹn giờ - Bảo hành 12 tháng, Tặng kèm nồi lẩu - Hàng chính hãng",575000,1190000,615000,52,5.0,2,11.0,available,instock,41048,Sunhouse,sunhouse,1.0,Tiki Trading,40395.0,23808.0,Bếp điện từ đơn,2026-08-15,True,11.0,False,1190000,51.68067226890757,0.31932773109242873,False,300-700k,>50%,Nồi lẩu điện,2
278146141,2987947172974,Lò vi sóng để bàn Electrolux 23L UltimateTaste 500 - EMM23D22B - Hàng chính hãng,2164000,3362500,1198500,36,0.0,0,2.0,available,instock,19050,Electrolux,electrolux,1.0,Tiki Trading,40395.0,1882.0,Điện Gia Dụng,2026-08-15,True,2.0,False,3362500,35.64312267657993,0.35687732342007195,False,>1.5tr,30-50%,Lò vi sóng/nướng,0
278159711,5383057523949,Máy pha cà phê Bosch TKA2M114 Hàng chính hãng,2990000,2990000,0,0,0.0,0,,available,backorder,25229,Bosch,bosch,20256.0,Telovietnam,19746.0,1882.0,Điện Gia Dụng,2026-08-15,False,0.0,False,2990000,0.0,0.0,False,>1.5tr,0%,Máy pha cà phê,0
278211122,5659554216496,Bếp Gas Mini Cao Cấp NaMilux NH-P3320PF│Van Ngắt Gas An Toàn 2 Cấp│Công Suất 2.6 Kw (2.200 kcal/giờ)│Hàng Chính Hãng,329000,419000,90000,21,0.0,0,3.0,available,backorder,113919,NaMilux,namilux,240.0,NaMilux Official Store,198.0,1882.0,Điện Gia Dụng,2026-08-15,True,3.0,False,419000,21.479713603818613,0.47971360381861317,False,300-700k,20-30%,Bếp điện/từ,0
278216511,3407153185230,Bếp Gas Mini/ Du Lịch NaMilux MLN-191PF - Màu Đỏ│Van Ngắt Gas An Toàn Inline-Cut│Công Suất 2.6 Kw - Hàng Chính Hãng,329000,399000,70000,18,0.0,0,,available,backorder,113919,NaMilux,namilux,240.0,NaMilux Official Store,198.0,1882.0,Điện Gia Dụng,2026-08-15,False,0.0,False,399000,17.543859649122805,0.4561403508771953,False,300-700k,10-20%,Bếp điện/từ,0
278220783,3150567544956,Nồi đa năng tráng men Pearl Metal Bianco 16cm (2.0L) - Hàng Nhập khẩu Nội Địa Nhật Bản,741400,780500,39100,5,0.0,0,,available,backorder,231755,Okazaki,okazaki,19944.0,Shop Thái Nhật Hàn,19440.0,1882.0,Điện Gia Dụng,2026-08-15,False,0.0,False,780500,5.009609224855861,0.009609224855861243,False,700k-1.5tr,0-10%,Nồi/Chảo (khác),0
278227247,1325699816575,Máy xay thực phẩm đa năng CH3011BK Hàng chính hãng,1090000,1090000,0,0,0.0,0,,available,backorder,8256163,Highgate,highgate,20256.0,Telovietnam,19746.0,1882.0,Điện Gia Dụng,2026-08-15,False,0.0,False,1090000,0.0,0.0,False,700k-1.5tr,0%,Máy xay,0
278275501,1986513323544,"Máy làm sữa hạt thủy tinh chống ồn Masuto MS Love Plus dung tích 1,2L có hẹn giờ 12 chế độ nấu - Hàng chính hãng",1505000,1505000,0,0,0.0,0,2.0,available,backorder,545391,Masuto,masuto,173338.0,SMARTWATCH,160374.0,1882.0,Điện Gia Dụng,2026-08-15,True,2.0,False,1505000,0.0,0.0,False,>1.5tr,0%,Máy làm sữa hạt,0
278279719,8861605997791,MÁY RỬA CHÉN KAFF KF-SBL775B NEW PLUS  -  Hàng Chính Hãng,17500000,17500000,0,0,0.0,0,,available,backorder,154221,KAFF,kaff,143120.0,AHA BẾP,132099.0,1882.0,Điện Gia Dụng,2026-08-15,False,0.0,False,17500000,0.0,0.0,False,>1.5tr,0%,Máy rửa chén/bát,0
278292992,5432264614035,Máy xay cầm tay Hafele HS-HB800X 535.44.166 |  Công suất 800W | Thân máy bằng nhựa và thép không gỉ | Đa dạng tốc độ xay | Hàng chính hãng,1940000,1940000,0,0,0.0,0,,available,backorder,205197,HAFELE,hafele,166173.0,Hafele Official Store,153165.0,2850.0,Máy xay cầm tay,2026-08-15,False,0.0,False,1940000,0.0,0.0,False,>1.5tr,0%,Máy xay,0
278293584,3853127941953,"[HÀNG NHẬP KHẨU] Máy pha cà phê Drip xay và pha tự động, thương hiệu Hà Lan cao cấp Philips - HD7901/10",6384000,6384000,0,0,0.0,0,,available,backorder,19018,Philips,philips,112137.0,DC THẾ GIỚI PHỤ KIỆN CÔNG NGHỆ Ô TÔ,103749.0,1882.0,Điện Gia Dụng,2026-08-15,False,0.0,False,6384000,0.0,0.0,False,>1.5tr,0%,Máy pha cà phê,0
278310208,2559961056569,"Nồi ủ nhiệt chân không Hàn Quốc, phiên bản cỡ lớn 6L - hàng chính hãng",2550000,2550000,0,0,0.0,0,2.0,available,backorder,745391,Happy home pro,happy-home-pro,125683.0,M2P Shop,116136.0,1882.0,Điện Gia Dụng,2026-08-15,True,2.0,False,2550000,0.0,0.0,False,>1.5tr,0%,Nồi/Chảo (khác),0
278315099,4018095656329,Nồi Cơm Điện lòng niêu Mishio – hàng chính hãng,749000,749000,0,0,0.0,0,4.0,available,backorder,51325,Mishio,mishio,160749.0,Mishio Kachi Official,148018.0,1882.0,Điện Gia Dụng,2026-08-15,True,4.0,False,749000,0.0,0.0,False,700k-1.5tr,0%,Nồi cơm điện,0
278359548,6469016387697,"Nồi áp suất điện lòng nồi Inox Kalpen P5 dung tích 6L công suất 1300W chuẩn Đức, bảo hành 2 năm - Hàng chính hãng",2650000,2650000,0,0,0.0,0,,available,backorder,5043913,kalpen,kalpen,125683.0,M2P Shop,116136.0,1882.0,Điện Gia Dụng,2026-08-15,False,0.0,False,2650000,0.0,0.0,False,>1.5tr,0%,Nồi áp suất,0
278371244,1828665202116,Máy đánh trứng cầm tay Bosch MFQ22100 CleverMixx Hàng chính hãng,2490000,2490000,0,0,0.0,0,1.0,available,backorder,25229,Bosch,bosch,20256.0,Telovietnam,19746.0,1882.0,Điện Gia Dụng,2026-08-15,True,1.0,False,2490000,0.0,0.0,False,>1.5tr,0%,Máy đánh trứng,0
278371409,4322382563545,Máy xay thịt Bosch MMR15A1 hàng chính hãng,2490000,2490000,0,0,0.0,0,,available,backorder,25229,Bosch,bosch,20256.0,Telovietnam,19746.0,1882.0,Điện Gia Dụng,2026-08-15,False,0.0,False,2490000,0.0,0.0,False,>1.5tr,0%,Máy xay,0
278378140,5982675290678,"Máy trộn bột Gourmetmaxx 6.5L có chức năng hẹn giờ - Phiên bản 2025 động cơ DC chạy êm, không nóng máy, bột nhanh đạt - Hàng chính hãng",6000000,6000000,0,0,0.0,0,,available,backorder,493855,GOURMETMAXX,gourmetmaxx,362718.0,ĐIỆN MÁY NHƯ THẢO,350415.0,1882.0,Điện Gia Dụng,2026-08-15,False,0.0,False,6000000,0.0,0.0,False,>1.5tr,0%,Khác / Chưa phân loại,0
278380208,4010694066555,Máy pha cà phê tự động DeLonghi Magnifica Start ECAM220.60.B - Hàng Chính Hãng,27325000,31970000,4645000,15,0.0,0,,available,backorder,155511,DeLonghi,delonghi,355771.0,DeLonghi Official Store,343479.0,1882.0,Điện Gia Dụng,2026-08-15,False,0.0,False,31970000,14.529246168282764,0.4707538317172357,False,>1.5tr,10-20%,Máy pha cà phê,0
278382598,9938693978326,Máy pha cà phê espresso DeLonghi Classic EM450.M - Hàng chính hãng,5100000,5700000,600000,11,0.0,0,,available,backorder,155511,DeLonghi,delonghi,355771.0,DeLonghi Official Store,343479.0,1882.0,Điện Gia Dụng,2026-08-15,False,0.0,False,5700000,10.526315789473683,0.4736842105263168,False,>1.5tr,10-20%,Máy pha cà phê,0
278400791,8465332954751,Máy nướng bánh mì Bosch TAT3M123 Hàng chính hãng,1690000,1690000,0,0,0.0,0,,available,backorder,25229,Bosch,bosch,20256.0,Telovietnam,19746.0,1882.0,Điện Gia Dụng,2026-08-15,False,0.0,False,1690000,0.0,0.0,False,>1.5tr,0%,Khác / Chưa phân loại,0
278401010,2307081750762,Vỉ nướng điện Bosch TCG4104  Hàng chính hãng,4390000,4390000,0,0,0.0,0,,available,backorder,25229,Bosch,bosch,20256.0,Telovietnam,19746.0,1882.0,Điện Gia Dụng,2026-08-15,False,0.0,False,4390000,0.0,0.0,False,>1.5tr,0%,Khác / Chưa phân loại,0
278418285,2152766452014,Máy ép trái cây Bosch MES25A0 hàng chính hãng,3890000,3890000,0,0,0.0,0,,available,backorder,25229,Bosch,bosch,20256.0,Telovietnam,19746.0,1882.0,Điện Gia Dụng,2026-08-15,False,0.0,False,3890000,0.0,0.0,False,>1.5tr,0%,Máy ép,0
278428115,6432691794152,Máy pha cà phê Bosch TKA3M133 Hàng chính hãng,2990000,2990000,0,0,0.0,0,,available,backorder,25229,Bosch,bosch,20256.0,Telovietnam,19746.0,1882.0,Điện Gia Dụng,2026-08-15,False,0.0,False,2990000,0.0,0.0,False,>1.5tr,0%,Máy pha cà phê,0
278441788,6680913919274,Lò vi sóng Toshiba 20 lít MW2-MM20P(BK) - Hàng chính hãng,1369000,1890000,521000,28,5.0,1,1.0,available,backorder,18634,Toshiba,toshiba,345161.0,Gia Dụng Lạc Khải,332870.0,1882.0,Điện Gia Dụng,2026-08-15,True,1.0,False,1890000,27.566137566137566,0.4338624338624335,False,700k-1.5tr,20-30%,Lò vi sóng/nướng,1
278443230,1729832735722,"Nồi Lẩu Hấp Điện Đa Năng LocknLock Electric Multi Pot 2L EJP156MIT 600W, Hàng Chính Hãng - JoyMall",818960,1412000,593040,42,0.0,0,2.0,available,backorder,48077,LocknLock,locknlock,38510.0,JoyMall LocknLock Chính Hãng,37780.0,1882.0,Điện Gia Dụng,2026-08-15,True,2.0,False,1412000,42.0,0.0,False,700k-1.5tr,30-50%,Nồi lẩu điện,0
278450826,6857319870105,Hộp cơm cắm điện 3 ngăn inox 2LOCK korea Hàng chính hãng,790000,790000,0,0,0.0,0,3.0,available,backorder,8242583,2lock,2lock,20256.0,Telovietnam,19746.0,1882.0,Điện Gia Dụng,2026-08-15,True,3.0,False,790000,0.0,0.0,False,700k-1.5tr,0%,Hộp đựng thực phẩm,0
278451186,4695765815600,Hộp cơm cắm điện 3 ngăn inox 2LOCK korea hàng chính hãng,790000,790000,0,0,0.0,0,2.0,available,backorder,8242583,2lock,2lock,20256.0,Telovietnam,19746.0,1882.0,Điện Gia Dụng,2026-08-15,True,2.0,False,790000,0.0,0.0,False,700k-1.5tr,0%,Hộp đựng thực phẩm,0
278471617,7610779074294,Nồi Lẩu Hấp Điện Joyoung JFS-556 hàng chính hãng,2390000,2390000,0,0,0.0,0,,available,backorder,8256163,Highgate,highgate,20256.0,Telovietnam,19746.0,1882.0,Điện Gia Dụng,2026-08-15,False,0.0,False,2390000,0.0,0.0,False,>1.5tr,0%,Nồi lẩu điện,0
278474651,8618520084193,"Máy Xay Thịt Đa Năng 300ml Misu Louis – Cối Thủy Tinh, 6 Lưỡi Dao Sắc, Công Suất 200W – Xay Thức Ăn Dặm, Rau Củ, Gia Vị, Tiện Dụng Tại Nhà- HÀNG CHÍNH HÃNG MINIIN",169000,169000,0,0,0.0,0,1.0,available,backorder,5132069,MINIIN,miniin,134678.0,Smarthome29,124367.0,1882.0,Điện Gia Dụng,2026-08-15,True,1.0,False,169000,0.0,0.0,False,100-300k,0%,Máy xay,0
278478615,9906174302430,"Nồi cơm điện tử ruột gốm sứ Ceramic Hàn Quốc CIM250 dung tích 1.4L, hàng chính hãng",2255000,2255000,0,0,0.0,0,1.0,available,backorder,745391,Happy home pro,happy-home-pro,125683.0,M2P Shop,116136.0,1882.0,Điện Gia Dụng,2026-08-15,True,1.0,False,2255000,0.0,0.0,False,>1.5tr,0%,Nồi cơm điện,0
278490240,8121005287578,"Nồi điện đa năng Lumias LM-PM608 1.8L, có khay hấp hàng chính hãng",650000,650000,0,0,0.0,0,,available,backorder,889935,Lumena,lumena,20256.0,Telovietnam,19746.0,1882.0,Điện Gia Dụng,2026-08-15,False,0.0,False,650000,0.0,0.0,False,300-700k,0%,Nồi/Chảo (khác),0
278492504,4481333242846,Nồi áp suất điện tử Joyoung 5L JHPC-5039 Hàng chính hãng,2590000,2590000,0,0,0.0,0,,available,backorder,8256163,Highgate,highgate,20256.0,Telovietnam,19746.0,1882.0,Điện Gia Dụng,2026-08-15,False,0.0,False,2590000,0.0,0.0,False,>1.5tr,0%,Nồi áp suất,0
278501017,7546325488395,Ly Nước Thần Kỳ Đổi Màu Phát Sáng - Hàng chính hãng / Hàng nhập khẩu,49000,49000,0,0,0.0,0,,available,backorder,686325,CAVARA,cavara,97441.0,Luckky Shop,90368.0,1882.0,Điện Gia Dụng,2026-08-15,False,0.0,False,49000,0.0,0.0,False,<100k,0%,Khác / Chưa phân loại,0
278501426,9327657279949,Máy xay sinh tố ko dây (dạng sạc) mini Tefal 50W hàng chính hãng,1150000,1150000,0,0,0.0,0,,available,backorder,19813,Tefal,tefal,20256.0,Telovietnam,19746.0,1882.0,Điện Gia Dụng,2026-08-15,False,0.0,False,1150000,0.0,0.0,False,700k-1.5tr,0%,Máy xay,0
278509959,2430940941198,"Máy pha và xay cà phê bán tự động 3 trong 1 Espresso, Cappuccino, Latte. Kết hợp 20 chế độ xay. Thương hiệu Mỹ cao cấp HiBREW - H20. HÀNG CHÍNH HÃNG",8306000,8306000,0,0,0.0,0,,available,backorder,556975,HiBREW,hibrew,208147.0,SIÊU THỊ ĐIỆN MÁY GIA DỤNG,195179.0,1882.0,Điện Gia Dụng,2026-08-15,False,0.0,False,8306000,0.0,0.0,False,>1.5tr,0%,Khác / Chưa phân loại,0
278526660,6480746859564,Nồi Cơm Điện Lòng Sứ 1.8Lít Mishio MK402 Không Bong Tróc Men Chống Dính Tự Nhiên - hàng chính hãng,1799000,1799000,0,0,0.0,0,2.0,available,backorder,51325,Mishio,mishio,160749.0,Mishio Kachi Official,148018.0,1882.0,Điện Gia Dụng,2026-08-15,True,2.0,False,1799000,0.0,0.0,False,>1.5tr,0%,Nồi cơm điện,0
278528811,3306902073002,"Máy đánh bọt cafe cầm tay LBL4583, pin sạc tiện lợi 10W, bảo hành 2 năm",555000,555000,0,0,5.0,3,10.0,available,backorder,409339,GALUZ,galuz,125683.0,M2P Shop,116136.0,1882.0,Điện Gia Dụng,2026-08-15,True,10.0,False,555000,0.0,0.0,False,300-700k,0%,Khác / Chưa phân loại,3
278533994,5539095329647,Bếp Gas Công Nghiệp Thấp Áp 3 Lò WINDO - 310 | Bếp gas 3 lò sen lửa lớn nấu nhanh hơn- Hàng Chính Hãng,1549000,1549000,0,0,0.0,0,,available,backorder,531635,WINDO,windo,69337.0,Home Star Store,64779.0,1882.0,Điện Gia Dụng,2026-08-15,False,0.0,False,1549000,0.0,0.0,False,>1.5tr,0%,Bếp điện/từ,0
278578981,3506370244843,"Nồi Chiên Không Dầu Koscorn 15L KC001 – Công Suất 1350W, Đa Năng, Tiết Kiệm Dầu, Bảo Hành 12 Tháng - HÀNG CHÍNH HÃNG MINIIN",799000,799000,0,0,0.0,0,,available,backorder,5132069,MINIIN,miniin,134678.0,Smarthome29,124367.0,1882.0,Điện Gia Dụng,2026-08-15,False,0.0,False,799000,0.0,0.0,False,700k-1.5tr,0%,Nồi chiên không dầu,0
278579714,5977878972071,Ấm đun nước Xiaomi Mi Smart Kettle 2 Pro EU - GiaPhucStore | Hàng Chính Hãng,1290000,1290000,0,0,0.0,0,,available,backorder,25422,Xiaomi,xiaomi,34716.0,GiaPhucStore,34002.0,1882.0,Điện Gia Dụng,2026-08-15,False,0.0,False,1290000,0.0,0.0,False,700k-1.5tr,0%,Ấm đun nước/Bình siêu tốc,0
278580402,7756497030186,MÁY VẮT CAM Gkoch GERMANY Hàng chính hãng,1790000,1790000,0,0,0.0,0,,available,backorder,8266497,GKOCH,gkoch,20256.0,Telovietnam,19746.0,1882.0,Điện Gia Dụng,2026-08-15,False,0.0,False,1790000,0.0,0.0,False,>1.5tr,0%,Khác / Chưa phân loại,0
278580585,1189984926498,Máy vắt cam SMEG CJF11RDEU hàng chính hãng,5890000,5890000,0,0,0.0,0,,available,backorder,4258823,Smeg,smeg,20256.0,Telovietnam,19746.0,1882.0,Điện Gia Dụng,2026-08-15,False,0.0,False,5890000,0.0,0.0,False,>1.5tr,0%,Khác / Chưa phân loại,0
278591254,5648382854998,"Máy sấy hoa quả, thực phẩm Caso DH 450 Hàng chính hãng",3850000,3850000,0,0,0.0,0,,available,backorder,456363,Caso,caso,20256.0,Telovietnam,19746.0,1882.0,Điện Gia Dụng,2026-08-15,False,0.0,False,3850000,0.0,0.0,False,>1.5tr,0%,Khác / Chưa phân loại,0
278596664,8499005714836,"Nồi điện đa năng LocknLock Digital multipot EJP186IVY lòng nồi chống dính, có chức năng hẹn giờ, dung tích 1.6L - Màu ngà - Hàng chính hãng",708180,1221000,512820,42,0.0,0,35.0,available,instock,48077,LocknLock,locknlock,1.0,Tiki Trading,40395.0,1882.0,Điện Gia Dụng,2026-08-15,True,35.0,False,1221000,42.0,0.0,False,700k-1.5tr,30-50%,Nồi/Chảo (khác),0
278612069,6412407117283,"Nồi Cơm Điện LocknLock Electric Rice Cooker 1.8L EJR462IVY 700W, Hàng Chính Hãng, Giữ Ấm - JoyMall",1227860,2117000,889140,42,0.0,0,3.0,available,backorder,48077,LocknLock,locknlock,38510.0,JoyMall LocknLock Chính Hãng,37780.0,1882.0,Điện Gia Dụng,2026-08-15,True,3.0,False,2117000,42.0,0.0,False,700k-1.5tr,30-50%,Nồi cơm điện,0
278618015,5729822020858,Lò vi sóng 20L Tiross TS5001 - Hàng chính hãng,1699000,1699000,0,0,0.0,0,,available,backorder,25706,Tiross,tiross,99996.0,Tiross Hà Nội,92694.0,1882.0,Điện Gia Dụng,2026-08-15,False,0.0,False,1699000,0.0,0.0,False,>1.5tr,0%,Lò vi sóng/nướng,0
278618045,7922178776236,Lò vi sóng 20L Tiross TS5000 - Hàng chính hãng,1599000,1599000,0,0,0.0,0,,available,backorder,25706,Tiross,tiross,99996.0,Tiross Hà Nội,92694.0,1882.0,Điện Gia Dụng,2026-08-15,False,0.0,False,1599000,0.0,0.0,False,>1.5tr,0%,Lò vi sóng/nướng,0
278618341,5555297745730,Bếp từ đơn Electrolux ETD42SKA - Hàng chính hãng,1960000,2390000,430000,18,0.0,0,29.0,available,instock,19050,Electrolux,electrolux,1.0,Tiki Trading,40395.0,1882.0,Điện Gia Dụng,2026-08-15,True,29.0,False,2390000,17.99163179916318,0.008368200836819994,False,>1.5tr,10-20%,Bếp điện/từ,0
278618532,9319232116394,Lò Nướng Electrolux EOT3218XG - Hàng Chính Hãng,2115000,3362500,1247500,37,0.0,0,3.0,available,instock,19050,Electrolux,electrolux,1.0,Tiki Trading,40395.0,1882.0,Điện Gia Dụng,2026-08-15,True,3.0,False,3362500,37.100371747211895,0.10037174721189501,False,>1.5tr,30-50%,Lò vi sóng/nướng,0
278619219,5007610917794,Lò vi sóng có nướng Electrolux EMG23D22B 23 lít - Hàng chính hãng,2486000,3737500,1251500,33,5.0,1,3.0,available,instock,19050,Electrolux,electrolux,1.0,Tiki Trading,40395.0,1882.0,Điện Gia Dụng,2026-08-15,True,3.0,False,3737500,33.48494983277592,0.48494983277591786,False,>1.5tr,30-50%,Lò vi sóng/nướng,1
278628074,6498287490809,Nồi nấu điện đa năng Bear MC-4H16F Hàng chính hãng,710000,710000,0,0,0.0,0,,available,backorder,198523,Bear,bear,20256.0,Telovietnam,19746.0,1882.0,Điện Gia Dụng,2026-08-15,False,0.0,False,710000,0.0,0.0,False,700k-1.5tr,0%,Nồi/Chảo (khác),0
278628210,3824129358353,Nồi nấu điện đa năng Bear MC-4H16H Hàng chính hãng,630000,630000,0,0,0.0,0,,available,backorder,198523,Bear,bear,20256.0,Telovietnam,19746.0,1882.0,Điện Gia Dụng,2026-08-15,False,0.0,False,630000,0.0,0.0,False,300-700k,0%,Nồi/Chảo (khác),0
278628325,2725061951062,Nồi đa năng Bear MC-4H16G Hàng chính hãng,630000,630000,0,0,0.0,0,1.0,available,backorder,198523,Bear,bear,20256.0,Telovietnam,19746.0,1882.0,Điện Gia Dụng,2026-08-15,True,1.0,False,630000,0.0,0.0,False,300-700k,0%,Nồi/Chảo (khác),0
278628387,3105113719386,"Máy xay sinh tố Panasonic MX-EG5311WRA/KRA - Cối thủy tinh, Lưỡi dao thép không gỉ - Hàng chính hãng ",1203000,1450000,247000,17,5.0,1,3.0,available,instock,18804,Panasonic,panasonic,1.0,Tiki Trading,40395.0,1882.0,Điện Gia Dụng,2026-08-15,True,3.0,False,1450000,17.03448275862069,0.03448275862069039,False,700k-1.5tr,10-20%,Máy xay,2
278628679,6844610352594,"Máy xay hạt cà phê cầm tay chuyên nghiệp 2 trong 1, pin 980mAh, 60 cấp độ xay. Thương hiệu Mỹ cao cấp HiBREW - G4C. Hàng chính hãng",3822000,3822000,0,0,0.0,0,,available,backorder,556975,HiBREW,hibrew,208147.0,SIÊU THỊ ĐIỆN MÁY GIA DỤNG,195179.0,1882.0,Điện Gia Dụng,2026-08-15,False,0.0,False,3822000,0.0,0.0,False,>1.5tr,0%,Máy xay,0
278632188,4980450763008,"Máy tạo bọt sữa, cà phê, ca cao New Digital 5 trong 1 chuyên nghiệp thương hiệu Mỹ Biolomix BMF102E - Hàng chính hãng (BẢO HÀNH 1 NĂM)",1600000,1600000,0,0,0.0,0,,available,backorder,470671,Biolomix,biolomix,256950.0,THẾ GIỚI ĐIỆN MÁY GIA DỤNG,243982.0,1882.0,Điện Gia Dụng,2026-08-15,False,0.0,False,1600000,0.0,0.0,False,>1.5tr,0%,Khác / Chưa phân loại,0
278632685,7975270641233,Máy làm sữa hạt Oidire ODI04A hàng chính hãng,1990000,1990000,0,0,0.0,0,1.0,available,backorder,198523,Bear,bear,20256.0,Telovietnam,19746.0,1882.0,Điện Gia Dụng,2026-08-15,True,1.0,False,1990000,0.0,0.0,False,>1.5tr,0%,Máy làm sữa hạt,0
278634630,3138095023669,Nồi nấu chậm Bear 2.5L SC-5H25M34 hàng chính hãng,1590000,1590000,0,0,0.0,0,,available,backorder,198523,Bear,bear,20256.0,Telovietnam,19746.0,1882.0,Điện Gia Dụng,2026-08-15,False,0.0,False,1590000,0.0,0.0,False,>1.5tr,0%,Nồi/Chảo (khác),0
278634767,4599118207164,Ấm pha trà Bear 1.5L HK-5H15L96 Hàng chính hãng,990000,990000,0,0,5.0,1,7.0,available,backorder,198523,Bear,bear,20256.0,Telovietnam,19746.0,1882.0,Điện Gia Dụng,2026-08-15,True,7.0,False,990000,0.0,0.0,False,700k-1.5tr,0%,Khác / Chưa phân loại,1
278635021,8412364537479,Bình thủy điện Oidire ODI01A hàng chính hãng,1290000,1290000,0,0,0.0,0,,available,backorder,198523,Bear,bear,20256.0,Telovietnam,19746.0,1882.0,Điện Gia Dụng,2026-08-15,False,0.0,False,1290000,0.0,0.0,False,700k-1.5tr,0%,Bình giữ nhiệt,0
278641566,1083935823772,Máy làm sữa hạt Hawonkoo SMH-175 hàng chính hãng,2390000,2390000,0,0,0.0,0,,available,backorder,848941,Hawonkoo,hawonkoo,20256.0,Telovietnam,19746.0,1882.0,Điện Gia Dụng,2026-08-15,False,0.0,False,2390000,0.0,0.0,False,>1.5tr,0%,Máy làm sữa hạt,0
278643372,3670847705511,Nồi đa năng tráng men Pearl Metal Bianco 16cm (2.0L) - Hàng nhập khẩu Nhật Bản,779500,779500,0,0,0.0,0,,available,backorder,142831,Pearl Metal,pearl-metal,131457.0,Khải Minh Store,121430.0,1882.0,Điện Gia Dụng,2026-08-15,False,0.0,False,779500,0.0,0.0,False,700k-1.5tr,0%,Nồi/Chảo (khác),0
278644636,1783073487474,Máy pha cà phê De’Longhi Magnifica Evo ECAM 292.81.B Hàng chính hãng,23900000,23900000,0,0,0.0,0,,available,backorder,155511,DeLonghi,delonghi,20256.0,Telovietnam,19746.0,1882.0,Điện Gia Dụng,2026-08-15,False,0.0,False,23900000,0.0,0.0,False,>1.5tr,0%,Máy pha cà phê,0
278666920,4846449505341,NỒI CHIÊN KHÔNG DẦU KF-AFE1312L - Hàng Chính Hãng,6660000,6660000,0,0,0.0,0,,available,backorder,154221,KAFF,kaff,143120.0,AHA BẾP,132099.0,1882.0,Điện Gia Dụng,2026-08-15,False,0.0,False,6660000,0.0,0.0,False,>1.5tr,0%,Nồi chiên không dầu,0
278669003,7423606129963,Nồi cơm điện 1L Bear DFB-H30A3 (RC-4H30S) Hàng Chính Hãng,891000,1630000,739000,45,5.0,1,7.0,available,instock,198523,Bear,bear,1.0,Tiki Trading,40395.0,1882.0,Điện Gia Dụng,2026-08-15,True,7.0,False,1630000,45.33742331288344,0.33742331288343763,False,700k-1.5tr,30-50%,Nồi cơm điện,1
278669100,8158423339011,"Nồi cơm điện 1,5L Bear DFB-J40Q5 (RC-4H40Y) Hàng Chính Hãng",1098000,1850000,752000,41,4.0,2,11.0,available,instock,198523,Bear,bear,1.0,Tiki Trading,40395.0,1882.0,Điện Gia Dụng,2026-08-15,True,11.0,False,1850000,40.64864864864865,0.3513513513513473,False,700k-1.5tr,30-50%,Nồi cơm điện,2
278669231,9023154255969,Nồi chiên không dầu 6L Bear QZG-H16R3 (AF-4H16K) 1600W Hàng Chính Hãng,1178000,2110000,932000,44,0.0,0,3.0,available,instock,198523,Bear,bear,1.0,Tiki Trading,40395.0,1882.0,Điện Gia Dụng,2026-08-15,True,3.0,False,2110000,44.170616113744074,0.17061611374407448,False,700k-1.5tr,30-50%,Nồi chiên không dầu,0
278672200,1998461925545,"Máy trộn bột, đánh kem 10 lít chuyên nghiệp 3 trong 1 - Dòng công nghiệp. Thương hiệu Mỹ cao cấp Septree - B10SS và B10. Hàng chính hãng",10346000,10346000,0,0,0.0,0,,available,backorder,234389,Septree,septree,208147.0,SIÊU THỊ ĐIỆN MÁY GIA DỤNG,195179.0,1882.0,Điện Gia Dụng,2026-08-15,False,0.0,False,10346000,0.0,0.0,False,>1.5tr,0%,Khác / Chưa phân loại,0
278677727,1653769187448,Nồi Cơm Điện OLIVO RC86 - Lòng Nồi INOX 304 Chống Dính Tự Nhiên- Hàng Chính Hãng,2880000,2880000,0,0,5.0,1,46.0,available,backorder,4256753,OLIVO,olivo,308020.0,GiaDungNhaThongMinh,295577.0,1882.0,Điện Gia Dụng,2026-08-15,True,46.0,False,2880000,0.0,0.0,False,>1.5tr,0%,Nồi cơm điện,1
278677734,1011841830004,Nồi Cơm Điện Cao Tần OLIVO RC900IH – Lòng Nồi INOX 316L Cao Cấp- Hàng Chính Hãng,4990000,4990000,0,0,0.0,0,1.0,available,backorder,4256753,OLIVO,olivo,308020.0,GiaDungNhaThongMinh,295577.0,1882.0,Điện Gia Dụng,2026-08-15,True,1.0,False,4990000,0.0,0.0,False,>1.5tr,0%,Nồi cơm điện,0
278679762,4193866594861,Máy làm sữa chua Kuchenzimmer - 013581 Hàng Chính Hãng,773000,986000,213000,22,0.0,0,,available,instock,114761,Kuchenzimmer,kuchenzimmer,1.0,Tiki Trading,40395.0,1882.0,Điện Gia Dụng,2026-08-15,False,0.0,False,986000,21.602434077079106,0.39756592292089366,False,700k-1.5tr,20-30%,Máy làm sữa chua,0
278679805,9184112747010,Máy Vắt Cam Kuchenzimmer 500ml - 012928- Hàng Chính Hãng,1266000,1616000,350000,22,0.0,0,1.0,available,instock,114761,Kuchenzimmer,kuchenzimmer,1.0,Tiki Trading,40395.0,1882.0,Điện Gia Dụng,2026-08-15,True,1.0,False,1616000,21.65841584158416,0.34158415841584144,False,700k-1.5tr,20-30%,Khác / Chưa phân loại,0
278679851,4702537225789,"Bếp Lẩu, Nướng Đa Năng 2 Trong 1 - KUC012591 - Hàng Chính Hãng",1001000,1278000,277000,22,0.0,0,2.0,available,instock,114761,Kuchenzimmer,kuchenzimmer,1.0,Tiki Trading,40395.0,1882.0,Điện Gia Dụng,2026-08-15,True,2.0,False,1278000,21.67449139280125,0.3255086071987492,False,700k-1.5tr,20-30%,Khác / Chưa phân loại,0
278680941,6467676384944,Bếp điện từ Elmich ICE-9180L (Phiên bản nâng cấp 3 của bếp ICE-3878OL) - Hàng chính hãng,1204000,2029000,825000,41,0.0,0,3.0,available,instock,31627,Elmich,elmich,1.0,Tiki Trading,40395.0,23808.0,Bếp điện từ đơn,2026-08-15,True,3.0,False,2029000,40.66042385411533,0.33957614588467067,False,700k-1.5tr,30-50%,Bếp điện/từ,0
278680988,3402508483295,Máy xay sinh tố cầm tay Elmich BLE9213 - Hàng chính hãng,681000,1139000,458000,40,4.3,7,30.0,available,instock,31627,Elmich,elmich,1.0,Tiki Trading,40395.0,1882.0,Điện Gia Dụng,2026-08-15,True,30.0,False,1139000,40.210711150131694,0.21071115013169361,False,300-700k,30-50%,Máy xay,7
278681004,6216663179282,Máy xay sinh tố cầm tay Elmich 1000ml BLE9184 - Hàng chính hãng,760000,1109000,349000,31,4.7,3,17.0,available,instock,31627,Elmich,elmich,1.0,Tiki Trading,40395.0,1882.0,Điện Gia Dụng,2026-08-15,True,17.0,False,1109000,31.46979260595131,0.4697926059513087,False,700k-1.5tr,30-50%,Máy xay,3
278681039,9759974280858,Bếp từ đôi mini cao cấp Elmich ICE-8944 - Hàng chính hãng,4239000,6299000,2060000,33,5.0,1,2.0,available,instock,31627,Elmich,elmich,1.0,Tiki Trading,40395.0,23810.0,Bếp điện từ đôi,2026-08-15,True,2.0,False,6299000,32.70360374662645,0.29639625337355113,False,>1.5tr,30-50%,Bếp điện/từ,1
278682012,2364418377077,Nồi cơm điện Kuchenzimmer 1.8 L - 013598 - Hàng Chính Hãng,1128000,1440000,312000,22,0.0,0,,available,instock,114761,Kuchenzimmer,kuchenzimmer,1.0,Tiki Trading,40395.0,1882.0,Điện Gia Dụng,2026-08-15,False,0.0,False,1440000,21.666666666666668,0.33333333333333215,False,700k-1.5tr,20-30%,Nồi cơm điện,0
278682035,9273060101825,Nồi hấp Đa Năng Kuchenzimmer - 013604 - Hàng Chính Hãng,1622000,2070000,448000,22,0.0,0,2.0,available,instock,114761,Kuchenzimmer,kuchenzimmer,1.0,Tiki Trading,40395.0,1882.0,Điện Gia Dụng,2026-08-15,True,2.0,False,2070000,21.642512077294686,0.3574879227053138,False,>1.5tr,20-30%,Nồi/Chảo (khác),0
278682094,4289906382456,Nồi lẩu điện đa năng Kuchenzimmer 800 ML - 013673 - Hàng Chính Hãng,677000,864000,187000,22,3.0,2,4.0,available,instock,114761,Kuchenzimmer,kuchenzimmer,1.0,Tiki Trading,40395.0,1882.0,Điện Gia Dụng,2026-08-15,True,4.0,False,864000,21.64351851851852,0.35648148148148096,False,300-700k,20-30%,Nồi lẩu điện,2
278682107,7592741969861,Nồi cơm điện Kuchenzimmer 2L - 013079 - Hàng Chính Hãng,2302000,2939000,637000,22,0.0,0,,available,instock,114761,Kuchenzimmer,kuchenzimmer,1.0,Tiki Trading,40395.0,1882.0,Điện Gia Dụng,2026-08-15,False,0.0,False,2939000,21.67403878870364,0.32596121129635947,False,>1.5tr,20-30%,Nồi cơm điện,0
278682202,9246474506036,"Bếp lẩu, nướng điện 2 trong 1 - KUC012607 - Hàng Chính Hãng",716000,914000,198000,22,0.0,0,,available,instock,114761,Kuchenzimmer,kuchenzimmer,1.0,Tiki Trading,40395.0,1882.0,Điện Gia Dụng,2026-08-15,False,0.0,False,914000,21.663019693654267,0.3369803063457333,False,700k-1.5tr,20-30%,Khác / Chưa phân loại,0
278682248,6547160096498,Máy xay thực phẩm siêu tiện lợi Kuchenzimmer 013642 - Hàng Chính Hãng,480000,612000,132000,22,0.0,0,,available,instock,114761,Kuchenzimmer,kuchenzimmer,1.0,Tiki Trading,40395.0,1882.0,Điện Gia Dụng,2026-08-15,False,0.0,False,612000,21.568627450980394,0.4313725490196063,False,300-700k,20-30%,Máy xay,0
278683047,7503024341668,Ấm đun nước Kuchenzimmer 1.8 L-013703 Hàng Chính Hãng,557000,711000,154000,22,5.0,1,4.0,available,instock,114761,Kuchenzimmer,kuchenzimmer,1.0,Tiki Trading,40395.0,1882.0,Điện Gia Dụng,2026-08-15,True,4.0,False,711000,21.659634317862167,0.3403656821378327,False,300-700k,20-30%,Ấm đun nước/Bình siêu tốc,1
278683387,4808658767267,Máy Xay Sinh Tố Công Nghiệp Saiko BLG-3000 hàng chính hãng,4390000,4390000,0,0,0.0,0,,available,backorder,145019,Saiko,saiko,20256.0,Telovietnam,19746.0,1882.0,Điện Gia Dụng,2026-08-15,False,0.0,False,4390000,0.0,0.0,False,>1.5tr,0%,Máy xay,0
278683564,5384990207497,Máy Làm Sữa Hạt Kuchenzimmer 1.2 L - 012423 - Hàng chính hãng,2013000,2570000,557000,22,0.0,0,1.0,available,instock,114761,Kuchenzimmer,kuchenzimmer,1.0,Tiki Trading,40395.0,1882.0,Điện Gia Dụng,2026-08-15,True,1.0,False,2570000,21.673151750972764,0.3268482490272362,False,>1.5tr,20-30%,Máy làm sữa hạt,0
278683691,6072476599937,Nồi Cơm Điện Tách Đường Kuchenzimmer 2L-013628 Hàng Chính Hãng,2203000,2813000,610000,22,0.0,0,1.0,available,instock,114761,Kuchenzimmer,kuchenzimmer,1.0,Tiki Trading,40395.0,1882.0,Điện Gia Dụng,2026-08-15,True,1.0,False,2813000,21.685033771773906,0.3149662282260941,False,>1.5tr,20-30%,Nồi cơm điện,0
278684650,7529531410100,Máy trộn đa năng Kuchenzimmer STAND MIXER Cream - Hàng chính hãng,4541000,5798000,1257000,22,0.0,0,1.0,available,instock,114761,Kuchenzimmer,kuchenzimmer,1.0,Tiki Trading,40395.0,1882.0,Điện Gia Dụng,2026-08-15,True,1.0,False,5798000,21.67988961710935,0.3201103828906504,False,>1.5tr,20-30%,Khác / Chưa phân loại,0
278684991,4822321090401,Máy xay sinh tố Hamilton Beach 52400-IN - Hàng chính hãng,1620000,2068000,448000,22,0.0,0,,available,instock,45743,Hamilton Beach,hamilton-beach,1.0,Tiki Trading,40395.0,1882.0,Điện Gia Dụng,2026-08-15,False,0.0,False,2068000,21.663442940038685,0.336557059961315,False,>1.5tr,20-30%,Máy xay,0
278685322,9721481873966,Máy làm sữa hạt & nấu soup 2LOCK KOREA Hàng chính hãng,1590000,1590000,0,0,0.0,0,,available,backorder,8242583,2lock,2lock,20256.0,Telovietnam,19746.0,1882.0,Điện Gia Dụng,2026-08-15,False,0.0,False,1590000,0.0,0.0,False,>1.5tr,0%,Máy làm sữa hạt,0
278685659,5422468334575,Nồi chiên nướng không dầu Kuchenzimmer 12L - 002776 - Hàng Chính Hãng,4359000,5566000,1207000,22,0.0,0,1.0,available,instock,114761,Kuchenzimmer,kuchenzimmer,1.0,Tiki Trading,40395.0,1882.0,Điện Gia Dụng,2026-08-15,True,1.0,False,5566000,21.68523176428315,0.3147682357168513,False,>1.5tr,20-30%,Nồi/Chảo (khác),0
278685738,9492801814771,Máy Xay Sinh Tố Kuchenzimmer 700 ml-014779 - Hàng Chính Hãng,1089000,1390000,301000,22,5.0,1,3.0,available,instock,114761,Kuchenzimmer,kuchenzimmer,1.0,Tiki Trading,40395.0,1882.0,Điện Gia Dụng,2026-08-15,True,3.0,False,1390000,21.654676258992804,0.34532374100719565,False,700k-1.5tr,20-30%,Máy xay,1
278690572,9064313336411,"Máy trộn bột, đánh kem 10 lít chuyên nghiệp 3 trong 1 - Dòng công nghiệp. Thương hiệu Mỹ cao cấp Septree - B10B. HÀNG CHÍNH HÃNG",12764000,12764000,0,0,0.0,0,,available,backorder,234389,Septree,septree,208147.0,SIÊU THỊ ĐIỆN MÁY GIA DỤNG,195179.0,1882.0,Điện Gia Dụng,2026-08-15,False,0.0,False,12764000,0.0,0.0,False,>1.5tr,0%,Khác / Chưa phân loại,0
278690730,4477131808601,Bếp Từ Công Nghiệp Kocher CI-5000W - Hàng Chính Hãng,6200000,6200000,0,0,0.0,0,,available,backorder,273635,Kocher,kocher,143120.0,AHA BẾP,132099.0,1882.0,Điện Gia Dụng,2026-08-15,False,0.0,False,6200000,0.0,0.0,False,>1.5tr,0%,Bếp điện/từ,0
278691142,4417360488575,Ấm Pha Trà 14 Chức Năng Midea MKH15108A hàng chính hãng,1190000,1190000,0,0,0.0,0,,available,backorder,21541,Midea,midea,20256.0,Telovietnam,19746.0,1882.0,Điện Gia Dụng,2026-08-15,False,0.0,False,1190000,0.0,0.0,False,700k-1.5tr,0%,Khác / Chưa phân loại,0
278691512,6085117437050,Nồi lẩu điện hai ngăn Midea MC-HGS282813 hàng chính hãng,2190000,2190000,0,0,0.0,0,,available,backorder,21541,Midea,midea,20256.0,Telovietnam,19746.0,1882.0,Điện Gia Dụng,2026-08-15,False,0.0,False,2190000,0.0,0.0,False,>1.5tr,0%,Nồi lẩu điện,0
278692476,6949150002901,Máy xay thịt KitchenAid 5KFC0516EO hàng chính hãng,3950000,3950000,0,0,0.0,0,1.0,available,backorder,47507,KitchenAid,kitchenaid,20256.0,Telovietnam,19746.0,1882.0,Điện Gia Dụng,2026-08-15,True,1.0,False,3950000,0.0,0.0,False,>1.5tr,0%,Máy xay,0
278704227,3519047217924,Máy xay cầm tay Braun MQ7045X - Hàng Chính Hãng,3119000,4199000,1080000,26,0.0,0,3.0,available,instock,48649,Braun,braun,1.0,Tiki Trading,40395.0,1882.0,Điện Gia Dụng,2026-08-15,True,3.0,False,4199000,25.720409621338412,0.2795903786615881,False,>1.5tr,20-30%,Khác / Chưa phân loại,0
278704276,8475633154428,Bình đun siêu tốc Braun WK1100BK - Hàng chính hãng ,677000,999000,322000,32,0.0,0,6.0,available,instock,48649,Braun,braun,1.0,Tiki Trading,40395.0,1882.0,Điện Gia Dụng,2026-08-15,True,6.0,False,999000,32.232232232232235,0.232232232232235,False,300-700k,30-50%,Ấm đun nước/Bình siêu tốc,0
278707332,9509782143834,Bếp hồng ngoại cảm ứng Sunhouse SHD6006A - Hàng Chính Hãng,1214000,1214000,0,0,0.0,0,1.0,available,backorder,41048,Sunhouse,sunhouse,340697.0,GIA DỤNG NK KỶ NGUYÊN,328403.0,1882.0,Điện Gia Dụng,2026-08-15,True,1.0,False,1214000,0.0,0.0,False,700k-1.5tr,0%,Bếp điện/từ,0
278707629,7546258870969,Máy xay sinh tố Braun JB1015BK - Hàng Chính Hãng,679000,1299000,620000,48,0.0,0,2.0,available,instock,48649,Braun,braun,1.0,Tiki Trading,40395.0,1882.0,Điện Gia Dụng,2026-08-15,True,2.0,False,1299000,47.729022324865284,0.2709776751347164,False,300-700k,30-50%,Máy xay,0
278720025,3522600495909,Bếp Từ Đơn Tân Á Đại Thành Rossi RS-1020CE01 Kèm Nồi - Hàng Chính Hãng ,798000,1490000,692000,46,5.0,1,5.0,available,instock,238483,Tân Á Đại Thành,tan-a-dai-thanh,1.0,Tiki Trading,40395.0,1882.0,Điện Gia Dụng,2026-08-15,True,5.0,False,1490000,46.442953020134226,0.442953020134226,False,700k-1.5tr,30-50%,Bếp điện/từ,0
278720408,1520045660645,"Nồi cơm điện Elmich 1.8L RCE9250, Công nghệ ủ nhiệt 3D - Hàng chính hãng",960000,1599000,639000,40,4.5,4,21.0,available,instock,31627,Elmich,elmich,1.0,Tiki Trading,40395.0,1919.0,Nồi cơm nắp gài,2026-08-15,True,21.0,False,1599000,39.9624765478424,0.037523452157600445,False,700k-1.5tr,30-50%,Nồi cơm điện,4
278722520,8611267095896,"Nồi lẩu điện đa năng lòng nồi nhấc rời 5L BENNIX BN-538EGP,Hàng chính hãng Bảo hành 12 tháng",890000,890000,0,0,0.0,0,,available,backorder,421431,Bennix,bennix,297289.0,Tổng kho gia dụng 82,284720.0,1882.0,Điện Gia Dụng,2026-08-15,False,0.0,False,890000,0.0,0.0,False,700k-1.5tr,0%,Nồi lẩu điện,0
278722564,1045896642760,"Nồi Cơm Điện Mini 0,8L Bennix Thailand BN-MRC08. hàng chính hãng Bảo hành 12 tháng",580000,580000,0,0,0.0,0,1.0,available,backorder,421431,Bennix,bennix,297289.0,Tổng kho gia dụng 82,284720.0,1882.0,Điện Gia Dụng,2026-08-15,True,1.0,False,580000,0.0,0.0,False,300-700k,0%,Nồi cơm điện,0
278726907,9526867708146,MÁY HÚT CHÂN KHÔNG GKÖCH GERMANY HF-9011 Hàng chính hãng,1550000,1550000,0,0,0.0,0,3.0,available,backorder,8266497,GKOCH,gkoch,20256.0,Telovietnam,19746.0,1882.0,Điện Gia Dụng,2026-08-15,True,3.0,False,1550000,0.0,0.0,False,>1.5tr,0%,Máy hút chân không,0
278728516,4020570182384,Nồi chiên không dầu Philips NA332/00 6.2 lít - Hàng chính hãng,3391500,3990000,598500,15,0.0,0,,available,backorder,19018,Philips,philips,255891.0,Điện Máy Vạn Kim Tín,242923.0,1882.0,Điện Gia Dụng,2026-08-15,False,0.0,False,3990000,15.0,0.0,False,>1.5tr,10-20%,Nồi chiên không dầu,0
278728747,1647978289463,Nồi chiên không dầu Philips NA342/00 7.2 lít - Hàng chính hãng,3909150,4599000,689850,15,0.0,0,,available,backorder,19018,Philips,philips,255891.0,Điện Máy Vạn Kim Tín,242923.0,1882.0,Điện Gia Dụng,2026-08-15,False,0.0,False,4599000,15.0,0.0,False,>1.5tr,10-20%,Nồi chiên không dầu,0
278730219,9549194896799,Máy xay cầm tay DAEWOO DWBL-4515 (450ml) Hàng Chính Hãng,384000,599000,215000,36,4.5,2,23.0,available,instock,20056,Daewoo,daewoo,1.0,Tiki Trading,40395.0,1882.0,Điện Gia Dụng,2026-08-15,True,23.0,False,599000,35.89315525876461,0.1068447412353919,False,300-700k,30-50%,Máy xay,2
278730262,7609914898685,Ly Xay Cầm Tay DAEWOO DWBL-3424 (340ml) Hàng Chính Hãng,384000,599000,215000,36,5.0,2,37.0,available,instock,20056,Daewoo,daewoo,1.0,Tiki Trading,40395.0,1882.0,Điện Gia Dụng,2026-08-15,True,37.0,False,599000,35.89315525876461,0.1068447412353919,False,300-700k,30-50%,Máy xay,2
278730303,6925889643157,Máy Làm Sữa Hạt Daewoo DWSM-1310 1L Hàng Chính Hãng,768000,1490000,722000,48,3.0,2,29.0,available,instock,20056,Daewoo,daewoo,1.0,Tiki Trading,40395.0,1882.0,Điện Gia Dụng,2026-08-15,True,29.0,False,1490000,48.45637583892618,0.45637583892617783,False,700k-1.5tr,30-50%,Máy làm sữa hạt,2
278730338,8066457195388,Ấm đun đa năng Rhinox RXHX 2 Lít Hàng Chính Hãng,960000,1490000,530000,36,0.0,0,3.0,available,instock,218873,Rhinox,rhinox,1.0,Tiki Trading,40395.0,1882.0,Điện Gia Dụng,2026-08-15,True,3.0,False,1490000,35.57046979865772,0.42953020134228126,False,700k-1.5tr,30-50%,Ấm đun nước/Bình siêu tốc,0
278731325,8658694600054,Nồi cơm điện Philips Series 1000 HD3008/30 - Hàng chính hãng,1395000,1550000,155000,10,0.0,0,,available,backorder,19018,Philips,philips,125683.0,M2P Shop,116136.0,1882.0,Điện Gia Dụng,2026-08-15,False,0.0,False,1550000,10.0,0.0,False,700k-1.5tr,0-10%,Nồi cơm điện,1
278737082,9317806671661,Máy ép trái cây Philips HR1811 - Hàng chính hãng,1100000,1590000,490000,31,0.0,0,,available,backorder,19018,Philips,philips,255891.0,Điện Máy Vạn Kim Tín,242923.0,1882.0,Điện Gia Dụng,2026-08-15,False,0.0,False,1590000,30.81761006289308,0.18238993710691886,False,700k-1.5tr,30-50%,Máy ép,0
278747174,8030331001258,Máy xay sinh tố Philips HR3041/00 - Hàng chính hãng,2390000,2850000,460000,16,0.0,0,,available,backorder,19018,Philips,philips,255891.0,Điện Máy Vạn Kim Tín,242923.0,1882.0,Điện Gia Dụng,2026-08-15,False,0.0,False,2850000,16.140350877192983,0.1403508771929829,False,>1.5tr,10-20%,Máy xay,0
278751327,7136013346087,Nồi áp suất điện Philips HD2151/66 5 lít - Hàng chính hãng,4241500,4990000,748500,15,0.0,0,,available,backorder,19018,Philips,philips,255891.0,Điện Máy Vạn Kim Tín,242923.0,1882.0,Điện Gia Dụng,2026-08-15,False,0.0,False,4990000,15.0,0.0,False,>1.5tr,10-20%,Nồi áp suất,0
278755417,7474153026889,Máy làm sữa chua Elmich YME0296 - Hàng chính hãng,756000,1119000,363000,32,5.0,1,1.0,available,instock,31627,Elmich,elmich,1.0,Tiki Trading,40395.0,2.0,Root,2026-08-15,True,1.0,False,1119000,32.43967828418231,0.4396782841823068,False,700k-1.5tr,30-50%,Máy làm sữa chua,1
278755419,2648232328305,Nồi nấu chậm 2.5L Elmich SCE0429 - Hàng chính hãng,1000000,1679000,679000,40,0.0,0,5.0,available,instock,31627,Elmich,elmich,1.0,Tiki Trading,40395.0,2.0,Root,2026-08-15,True,5.0,False,1679000,40.44073853484217,0.4407385348421684,False,700k-1.5tr,30-50%,Nồi/Chảo (khác),0
278755652,3277466883033,Máy xay thịt Philips HR1393 0.5 lít - Hàng chính hãng,756500,890000,133500,15,0.0,0,,available,backorder,19018,Philips,philips,255891.0,Điện Máy Vạn Kim Tín,242923.0,1882.0,Điện Gia Dụng,2026-08-15,False,0.0,False,890000,15.0,0.0,False,700k-1.5tr,10-20%,Máy xay,0
278755803,7658704716271,Máy đánh trứng Philips HR3705/20 300W - Hàng chính hãng,841500,990000,148500,15,0.0,0,,available,backorder,19018,Philips,philips,255891.0,Điện Máy Vạn Kim Tín,242923.0,1882.0,Điện Gia Dụng,2026-08-15,False,0.0,False,990000,15.0,0.0,False,700k-1.5tr,10-20%,Máy đánh trứng,0
278755881,8942841060906,Máy vắt cam Philips HR2738 25W - Hàng chính hãng,820000,890000,70000,8,0.0,0,,available,backorder,19018,Philips,philips,255891.0,Điện Máy Vạn Kim Tín,242923.0,1882.0,Điện Gia Dụng,2026-08-15,False,0.0,False,890000,7.865168539325842,0.13483146067415763,False,700k-1.5tr,0-10%,Khác / Chưa phân loại,0
278755958,7672766537795,Nồi lẩu hấp điện 3 tầng 4L Elmich STE0299 1650W - Hàng chính hãng,1224000,2239000,1015000,45,5.0,1,8.0,available,instock,31627,Elmich,elmich,1.0,Tiki Trading,40395.0,2.0,Root,2026-08-15,True,8.0,False,2239000,45.33273782938812,0.33273782938812246,False,700k-1.5tr,30-50%,Nồi lẩu điện,1
278755962,3969333644003,Ấm siêu tốc Elmich KEE9141WG - Hàng chính hãng,672000,899000,227000,25,0.0,0,9.0,available,instock,31627,Elmich,elmich,1.0,Tiki Trading,40395.0,1931.0,Bình đun siêu tốc,2026-08-15,True,9.0,False,899000,25.25027808676307,0.2502780867630712,False,300-700k,20-30%,Ấm đun nước/Bình siêu tốc,0
278755963,4394027303482,Máy xay sinh tố Elmich BLE8764 - Hàng chính hãng,802000,1269000,467000,37,0.0,0,4.0,available,instock,31627,Elmich,elmich,1.0,Tiki Trading,40395.0,24062.0,Máy xay sinh tố gia đình,2026-08-15,True,4.0,False,1269000,36.80063041765169,0.19936958234831081,False,700k-1.5tr,30-50%,Máy xay,0
278755968,8785355002307,Máy làm sữa chua Elmich YME0298 - Hàng chính hãng,670000,1009000,339000,34,5.0,3,12.0,available,instock,31627,Elmich,elmich,1.0,Tiki Trading,40395.0,2026.0,Máy làm sữa chua,2026-08-15,True,12.0,False,1009000,33.597621407333996,0.40237859266600395,False,300-700k,30-50%,Máy làm sữa chua,3
278755969,9242727259309,"Nồi cơm điện Elmich RCE9258, dung tích 1.2L - Hàng chính hãng",941000,1439000,498000,35,5.0,1,6.0,available,instock,31627,Elmich,elmich,1.0,Tiki Trading,40395.0,1918.0,Nồi cơm điện tử,2026-08-15,True,6.0,False,1439000,34.60736622654621,0.39263377345378814,False,700k-1.5tr,30-50%,Nồi cơm điện,1
278755975,5755953480095,Máy xay tỏi ớt mini Elmich PBE9220 - Hàng chính hãng,389000,639000,250000,39,0.0,0,101.0,available,instock,31627,Elmich,elmich,1.0,Tiki Trading,40395.0,2850.0,Máy xay cầm tay,2026-08-15,True,101.0,False,639000,39.123630672926446,0.12363067292644558,False,300-700k,30-50%,Máy xay,0
278755977,9522415502724,Máy làm sữa chua Elmich YME0297 - Hàng chính hãng,825000,1119000,294000,26,0.0,0,2.0,available,instock,31627,Elmich,elmich,1.0,Tiki Trading,40395.0,2026.0,Máy làm sữa chua,2026-08-15,True,2.0,False,1119000,26.273458445040216,0.273458445040216,False,700k-1.5tr,20-30%,Máy làm sữa chua,0
278755981,8477054929024,Nồi nấu chậm 3L Elmich SCE0489 - Hàng chính hãng (Trùng mã 4111470469841),997000,1459000,462000,32,0.0,0,6.0,available,instock,31627,Elmich,elmich,1.0,Tiki Trading,40395.0,2.0,Root,2026-08-15,True,6.0,False,1459000,31.665524331734062,0.334475668265938,False,700k-1.5tr,30-50%,Nồi/Chảo (khác),0
278804650,4165912875970,Máy Khử Khuẩn Thực Phẩm Nagakawa NAG3901 - Hàng Chính Hãng,900000,900000,0,0,0.0,0,,available,backorder,110935,Nagakawa,nagakawa,11119.0,GIA DỤNG VIỆT,10842.0,1882.0,Điện Gia Dụng,2026-08-15,False,0.0,False,900000,0.0,0.0,False,700k-1.5tr,0%,Khác / Chưa phân loại,0
278815224,9240267768092,Ấm siêu tốc Exquisit 2010 Hàng chính hãng,2290000,2290000,0,0,0.0,0,,available,backorder,8256163,Highgate,highgate,20256.0,Telovietnam,19746.0,1882.0,Điện Gia Dụng,2026-08-15,False,0.0,False,2290000,0.0,0.0,False,>1.5tr,0%,Ấm đun nước/Bình siêu tốc,0
278820110,4552935748079,Ấm đun nước Smeg KLF03CHMEU Hàng chính hãng,4900000,4900000,0,0,0.0,0,,available,backorder,4258823,Smeg,smeg,20256.0,Telovietnam,19746.0,1882.0,Điện Gia Dụng,2026-08-15,False,0.0,False,4900000,0.0,0.0,False,>1.5tr,0%,Ấm đun nước/Bình siêu tốc,0
278820115,5429817132490,Ấm siêu tốc SMEG KLF03GOEU Hàng chính hãng,4500000,4500000,0,0,0.0,0,,available,backorder,4258823,Smeg,smeg,20256.0,Telovietnam,19746.0,1882.0,Điện Gia Dụng,2026-08-15,False,0.0,False,4500000,0.0,0.0,False,>1.5tr,0%,Ấm đun nước/Bình siêu tốc,0
278820394,8798033681661,Máy pha cafe SMEG DCF02WHEU Hàng chính hãng,6990000,6990000,0,0,0.0,0,,available,backorder,4258823,Smeg,smeg,20256.0,Telovietnam,19746.0,1882.0,Điện Gia Dụng,2026-08-15,False,0.0,False,6990000,0.0,0.0,False,>1.5tr,0%,Máy pha cà phê,0
278820620,9455036090197,Máy xay sinh tố mini SMEG PBF01 hàng chính hãng,4990000,4990000,0,0,0.0,0,,available,backorder,4258823,Smeg,smeg,20256.0,Telovietnam,19746.0,1882.0,Điện Gia Dụng,2026-08-15,False,0.0,False,4990000,0.0,0.0,False,>1.5tr,0%,Máy xay,0
278820861,6437737691011, Máy xay cầm tay đơn SMEG HBF11 Hàng chính hãng,3100000,3100000,0,0,0.0,0,,available,backorder,4258823,Smeg,smeg,20256.0,Telovietnam,19746.0,1882.0,Điện Gia Dụng,2026-08-15,False,0.0,False,3100000,0.0,0.0,False,>1.5tr,0%,Máy xay,0
278824249,6876554768513,Máy xay cầm tay SMEG HBF03 Hàng chính hãng,4990000,4990000,0,0,0.0,0,,available,backorder,4258823,Smeg,smeg,20256.0,Telovietnam,19746.0,1882.0,Điện Gia Dụng,2026-08-15,False,0.0,False,4990000,0.0,0.0,False,>1.5tr,0%,Máy xay,0
278824311,5167587524858,Máy Xay Sinh Tố Smeg BLF03 Hàng chính hãng,7300000,7300000,0,0,0.0,0,,available,backorder,4258823,Smeg,smeg,20256.0,Telovietnam,19746.0,1882.0,Điện Gia Dụng,2026-08-15,False,0.0,False,7300000,0.0,0.0,False,>1.5tr,0%,Máy xay,0
278824354,5817144446010,Máy xay sinh tố mini SMEG PBF01 hàng chính hãng,4990000,4990000,0,0,0.0,0,,available,backorder,4258823,Smeg,smeg,20256.0,Telovietnam,19746.0,1882.0,Điện Gia Dụng,2026-08-15,False,0.0,False,4990000,0.0,0.0,False,>1.5tr,0%,Máy xay,0
278824371,5629243781853,Máy trộn bột đa năng Smeg 50's Retro Style SMF03DGEU Hàng chính hãng,50000000,50000000,0,0,0.0,0,,available,backorder,4258823,Smeg,smeg,20256.0,Telovietnam,19746.0,1882.0,Điện Gia Dụng,2026-08-15,False,0.0,False,50000000,0.0,0.0,False,>1.5tr,0%,Khác / Chưa phân loại,0
278825127,1288907653582,Máy Nướng Bánh Mì Smeg TSF01CHMEU hàng chính hãng,5300000,5300000,0,0,0.0,0,,available,backorder,4258823,Smeg,smeg,20256.0,Telovietnam,19746.0,1882.0,Điện Gia Dụng,2026-08-15,False,0.0,False,5300000,0.0,0.0,False,>1.5tr,0%,Khác / Chưa phân loại,0
278825147,1487263454771,Máy Nướng Bánh Mì Smeg TSF01EGMEU Hàng chính hãng,5300000,5300000,0,0,0.0,0,,available,backorder,4258823,Smeg,smeg,20256.0,Telovietnam,19746.0,1882.0,Điện Gia Dụng,2026-08-15,False,0.0,False,5300000,0.0,0.0,False,>1.5tr,0%,Khác / Chưa phân loại,0
278825199,9897701517302,Máy nướng bánh mì SMEG TSF01PGEU Hàng chính hãng,4700000,4700000,0,0,0.0,0,,available,backorder,4258823,Smeg,smeg,20256.0,Telovietnam,19746.0,1882.0,Điện Gia Dụng,2026-08-15,False,0.0,False,4700000,0.0,0.0,False,>1.5tr,0%,Khác / Chưa phân loại,0
278825369,4716364185468,Máy pha cà phê SMEG DCF02 Hàng Chính Hãng,6990000,6990000,0,0,0.0,0,,available,backorder,4258823,Smeg,smeg,20256.0,Telovietnam,19746.0,1882.0,Điện Gia Dụng,2026-08-15,False,0.0,False,6990000,0.0,0.0,False,>1.5tr,0%,Máy pha cà phê,0
278825545,8514934399308,Máy pha cafe SMEG EGF03  kèm cối xay Hàng chính hãng,26900000,26900000,0,0,0.0,0,,available,backorder,4258823,Smeg,smeg,20256.0,Telovietnam,19746.0,1882.0,Điện Gia Dụng,2026-08-15,False,0.0,False,26900000,0.0,0.0,False,>1.5tr,0%,Máy pha cà phê,0
278826720,8325753324204,Ấm siêu tốc Smeg KLF04 hàng chính hãng,5999990,5999990,0,0,0.0,0,,available,backorder,4258823,Smeg,smeg,20256.0,Telovietnam,19746.0,1882.0,Điện Gia Dụng,2026-08-15,False,0.0,False,5999990,0.0,0.0,False,>1.5tr,0%,Ấm đun nước/Bình siêu tốc,0
278826791,2487762144254,Ấm siêu tốc SMEG KLF05 Hàng chính hãng,4990000,4990000,0,0,0.0,0,,available,backorder,4258823,Smeg,smeg,20256.0,Telovietnam,19746.0,1882.0,Điện Gia Dụng,2026-08-15,False,0.0,False,4990000,0.0,0.0,False,>1.5tr,0%,Ấm đun nước/Bình siêu tốc,0
278826840,7012757377008,Ấm đun nước siêu tốc Smeg 50's Retro Style KLF03SBMEU Hàng chính hãng,5200000,5200000,0,0,0.0,0,,available,backorder,4258823,Smeg,smeg,20256.0,Telovietnam,19746.0,1882.0,Điện Gia Dụng,2026-08-15,False,0.0,False,5200000,0.0,0.0,False,>1.5tr,0%,Ấm đun nước/Bình siêu tốc,0
278827144,8040678375828,Máy ép chậm Omega CNC82 hàng chính hãng,6990000,6990000,0,0,0.0,0,,available,backorder,51220,Omega,omega,20256.0,Telovietnam,19746.0,1882.0,Điện Gia Dụng,2026-08-15,False,0.0,False,6990000,0.0,0.0,False,>1.5tr,0%,Máy ép,0
278827311,6164542675469,TỦ SẤY DỤNG CỤ Y TẾ GALY 33 LÍT CKFL10BC-15 Hàng chính hãng,1790000,1790000,0,0,0.0,0,1.0,available,backorder,142529,Gali,gali,20256.0,Telovietnam,19746.0,1882.0,Điện Gia Dụng,2026-08-15,True,1.0,False,1790000,0.0,0.0,False,>1.5tr,0%,Khác / Chưa phân loại,0
278827486,5017132856231,Nồi Chiên Hấp Đa Năng OLIVO SF1600 Hàng chính hãng,6590000,6590000,0,0,0.0,0,2.0,available,backorder,4256753,OLIVO,olivo,20256.0,Telovietnam,19746.0,1882.0,Điện Gia Dụng,2026-08-15,True,2.0,False,6590000,0.0,0.0,False,>1.5tr,0%,Nồi/Chảo (khác),0
278828482,3175408735266,MÁY XAY THỊT GKÖCH hàng chính hãng,790000,790000,0,0,0.0,0,1.0,available,backorder,8266497,GKOCH,gkoch,20256.0,Telovietnam,19746.0,1882.0,Điện Gia Dụng,2026-08-15,True,1.0,False,790000,0.0,0.0,False,700k-1.5tr,0%,Máy xay,0
278828541,5301864700492,"BẾP TỪ ĐÔI GKÖCH - PHIÊN BẢN LUXURY THÔNG MINH, CHUẨN NỘI ĐỊA ĐỨC Hàng chính hãng",4390000,4390000,0,0,0.0,0,,available,backorder,8266497,GKOCH,gkoch,20256.0,Telovietnam,19746.0,1882.0,Điện Gia Dụng,2026-08-15,False,0.0,False,4390000,0.0,0.0,False,>1.5tr,0%,Bếp điện/từ,0
278828557,2272805773533,BẾP TỪ ĐƠN GKÖCH CÔNG SUẤT 2000W Hàng chính hãng,1790000,1790000,0,0,0.0,0,,available,backorder,8266497,GKOCH,gkoch,20256.0,Telovietnam,19746.0,1882.0,Điện Gia Dụng,2026-08-15,False,0.0,False,1790000,0.0,0.0,False,>1.5tr,0%,Bếp điện/từ,0
278833262,3825924519458,NỒI ÁP SUẤT ĐA NĂNG HASUKA HSK-985 Hàng chính hãng,1950000,1950000,0,0,0.0,0,,available,backorder,419255,HASUKA,hasuka,20256.0,Telovietnam,19746.0,1882.0,Điện Gia Dụng,2026-08-15,False,0.0,False,1950000,0.0,0.0,False,>1.5tr,0%,Nồi áp suất,0
278840952,5170481515870,Nồi lẩu điện mini đa năng Kalpen P6 dung tích 1.8L kèm xửng hấp - Hàng chính hãng,789000,789000,0,0,0.0,0,,available,backorder,5043913,kalpen,kalpen,125683.0,M2P Shop,116136.0,1882.0,Điện Gia Dụng,2026-08-15,False,0.0,False,789000,0.0,0.0,False,700k-1.5tr,0%,Nồi lẩu điện,0
278841173,9436554966387,BẾP NƯỚNG ĐIỆN HASUKA HSK-335 Hàng chính hãng,890000,890000,0,0,0.0,0,,available,backorder,419255,HASUKA,hasuka,20256.0,Telovietnam,19746.0,1882.0,Điện Gia Dụng,2026-08-15,False,0.0,False,890000,0.0,0.0,False,700k-1.5tr,0%,Bếp điện/từ,0
278841189,3614427180043,BẾP LẨU NƯỚNG ĐA NĂNG HASUKA HSK-363LN Hàng chính hãng,990000,990000,0,0,0.0,0,,available,backorder,419255,HASUKA,hasuka,20256.0,Telovietnam,19746.0,1882.0,Điện Gia Dụng,2026-08-15,False,0.0,False,990000,0.0,0.0,False,700k-1.5tr,0%,Khác / Chưa phân loại,0
278841191,1528309878112,NỒI LẨU ĐIỆN MINI ĐA NĂNG HASUKA HSK-555 Hàng chính hãng,610000,610000,0,0,0.0,0,,available,backorder,419255,HASUKA,hasuka,20256.0,Telovietnam,19746.0,1882.0,Điện Gia Dụng,2026-08-15,False,0.0,False,610000,0.0,0.0,False,300-700k,0%,Nồi lẩu điện,0
278841207,1968953750995,MÁY XAY THỊT HASUKA HSK-133 Hàng chính hãng,760000,760000,0,0,0.0,0,,available,backorder,419255,HASUKA,hasuka,20256.0,Telovietnam,19746.0,1882.0,Điện Gia Dụng,2026-08-15,False,0.0,False,760000,0.0,0.0,False,700k-1.5tr,0%,Máy xay,0
278841454,7988054362319,MÁY XAY SINH TỐ HASUKA HSK-726 Hàng chính hãng,1150000,1150000,0,0,0.0,0,,available,backorder,419255,HASUKA,hasuka,20256.0,Telovietnam,19746.0,1882.0,Điện Gia Dụng,2026-08-15,False,0.0,False,1150000,0.0,0.0,False,700k-1.5tr,0%,Máy xay,0
278841471,4556171349818,MÁY XAY SINH TỐ HASUKA HSK-766 Hàng chính hãng,1490000,1490000,0,0,0.0,0,,available,backorder,419255,HASUKA,hasuka,20256.0,Telovietnam,19746.0,1882.0,Điện Gia Dụng,2026-08-15,False,0.0,False,1490000,0.0,0.0,False,700k-1.5tr,0%,Máy xay,0
278841478,3784444178442,MÁY LÀM SỮA HẠT HASUKA HSK-756 hàng chính hãng,3990000,3990000,0,0,0.0,0,,available,backorder,419255,HASUKA,hasuka,20256.0,Telovietnam,19746.0,1882.0,Điện Gia Dụng,2026-08-15,False,0.0,False,3990000,0.0,0.0,False,>1.5tr,0%,Máy làm sữa hạt,0
278841492,4138290260292,MÁY ÉP CHẬM HASUKA HSK-736 Hàng chính hãng,1990000,1990000,0,0,0.0,0,,available,backorder,419255,HASUKA,hasuka,20256.0,Telovietnam,19746.0,1882.0,Điện Gia Dụng,2026-08-15,False,0.0,False,1990000,0.0,0.0,False,>1.5tr,0%,Máy ép,0
278841763,5252813021684,Nồi áp suất điện công nghiệp Sharp KS-021L  dung tích 21 Lít Thái Lan Hàng chính hãng,4790000,4790000,0,0,0.0,0,3.0,available,backorder,8256163,Highgate,highgate,20256.0,Telovietnam,19746.0,1882.0,Điện Gia Dụng,2026-08-15,True,3.0,False,4790000,0.0,0.0,False,>1.5tr,0%,Nồi áp suất,0
278841770,5095503591672,Nồi áp suất điện công nghiệp Sharp KS-015L dung tích 15 Lít Thái Lan Hàng chính hãng,2790000,2790000,0,0,0.0,0,,available,backorder,8256163,Highgate,highgate,20256.0,Telovietnam,19746.0,1882.0,Điện Gia Dụng,2026-08-15,False,0.0,False,2790000,0.0,0.0,False,>1.5tr,0%,Nồi áp suất,0
278842145,4721294218924,LÒ VI SÓNG HASUKA HSK-295 Hàng chính hãng,3250000,3250000,0,0,0.0,0,,available,backorder,419255,HASUKA,hasuka,20256.0,Telovietnam,19746.0,1882.0,Điện Gia Dụng,2026-08-15,False,0.0,False,3250000,0.0,0.0,False,>1.5tr,0%,Lò vi sóng/nướng,0
278842532,8213158063318,Nồi Hấp điện 3 Tầng MAGIC A-61 Hàng chính hãng,790000,790000,0,0,0.0,0,1.0,available,backorder,717695,Magic Eco,magic-eco,20256.0,Telovietnam,19746.0,1882.0,Điện Gia Dụng,2026-08-15,True,1.0,False,790000,0.0,0.0,False,700k-1.5tr,0%,Nồi/Chảo (khác),0
278842551,9492910228824,Nồi Kho Hầm Đa Năng MAGIC A-050 Hàng chính hãng,1090000,1090000,0,0,0.0,0,,available,backorder,717695,Magic Eco,magic-eco,20256.0,Telovietnam,19746.0,1882.0,Điện Gia Dụng,2026-08-15,False,0.0,False,1090000,0.0,0.0,False,700k-1.5tr,0%,Nồi/Chảo (khác),0
278842600,8321141945721,Nồi Lẩu Hấp Thủy Nhiệt MAGIC Eco AC-282 hàng chính hãng,2350000,2350000,0,0,0.0,0,,available,backorder,717695,Magic Eco,magic-eco,20256.0,Telovietnam,19746.0,1882.0,Điện Gia Dụng,2026-08-15,False,0.0,False,2350000,0.0,0.0,False,>1.5tr,0%,Nồi lẩu điện,0
278842619,2728945023183,Nồi Lẩu Hấp Hơi Thủy Nhiệt MAGIC Eco AC-284 hàng chính hãng,1950000,1950000,0,0,0.0,0,,available,backorder,717695,Magic Eco,magic-eco,20256.0,Telovietnam,19746.0,1882.0,Điện Gia Dụng,2026-08-15,False,0.0,False,1950000,0.0,0.0,False,>1.5tr,0%,Nồi lẩu điện,0
278842744,9506091038413,Nồi Hấp Lẩu MAGIC Eco AC-281 hàng chính hãng,1750000,1750000,0,0,0.0,0,,available,backorder,717695,Magic Eco,magic-eco,20256.0,Telovietnam,19746.0,1882.0,Điện Gia Dụng,2026-08-15,False,0.0,False,1750000,0.0,0.0,False,>1.5tr,0%,Nồi/Chảo (khác),0
278842864,2169803827212,NỒI LẨU HẤP HƠI THỦY NHIỆT MAGIC A-091 Hàng chính hãng,1190000,1190000,0,0,0.0,0,,available,backorder,717695,Magic Eco,magic-eco,20256.0,Telovietnam,19746.0,1882.0,Điện Gia Dụng,2026-08-15,False,0.0,False,1190000,0.0,0.0,False,700k-1.5tr,0%,Nồi lẩu điện,0
278843060,9444250926186,Nồi Lẩu Hấp Thủy Nhiệt MAGIC A-092 hàng chính hãng,1090000,1090000,0,0,0.0,0,,available,backorder,717695,Magic Eco,magic-eco,20256.0,Telovietnam,19746.0,1882.0,Điện Gia Dụng,2026-08-15,False,0.0,False,1090000,0.0,0.0,False,700k-1.5tr,0%,Nồi lẩu điện,0
278843087,1776817768447,Nồi Nấu Đa Năng MAGIC AC-02 Hàng chính hãng,990000,990000,0,0,0.0,0,,available,backorder,717695,Magic Eco,magic-eco,20256.0,Telovietnam,19746.0,1882.0,Điện Gia Dụng,2026-08-15,False,0.0,False,990000,0.0,0.0,False,700k-1.5tr,0%,Nồi/Chảo (khác),0
278843275,4897561886095,Nồi Lẩu Điện Đa Năng Magic A-043 hàng chính hãng,890000,890000,0,0,0.0,0,,available,backorder,717695,Magic Eco,magic-eco,20256.0,Telovietnam,19746.0,1882.0,Điện Gia Dụng,2026-08-15,False,0.0,False,890000,0.0,0.0,False,700k-1.5tr,0%,Nồi lẩu điện,0
278843300,1353558053263,"Lò vi sóng Toshiba MW2-MM20P(BK) - Dung tích 20 lít, 5 mức công suất, Kết hợp chống thấm 3 lớp, Kháng khuẩn bên trong lò - Hàng chính hãng",1277000,1890000,613000,32,5.0,1,21.0,available,instock,18634,Toshiba,toshiba,1.0,Tiki Trading,40395.0,1882.0,Điện Gia Dụng,2026-08-15,True,21.0,False,1890000,32.43386243386243,0.43386243386242995,False,700k-1.5tr,30-50%,Lò vi sóng/nướng,1
278843919,4525529750388,Bếp từ đôi Arber FHT101 hàng chính hãng,3590000,3590000,0,0,0.0,0,,available,backorder,185817,Arber,arber,20256.0,Telovietnam,19746.0,1882.0,Điện Gia Dụng,2026-08-15,False,0.0,False,3590000,0.0,0.0,False,>1.5tr,0%,Bếp điện/từ,0
278843929,2332074346535,Nồi lẩu mini kèm xưng hấp Arber DN05 màu đỏ Hàng chính hãng,690000,690000,0,0,0.0,0,,available,backorder,185817,Arber,arber,20256.0,Telovietnam,19746.0,1882.0,Điện Gia Dụng,2026-08-15,False,0.0,False,690000,0.0,0.0,False,300-700k,0%,Nồi lẩu điện,0
278844696,2878157638031,Máy pha cà phê nóng và lạnh Drip nhỏ giọt thương hiệu Hà Lan cao cấp Philips Morgen HD7997 920W - Hàng chính hãng,8816000,8816000,0,0,0.0,0,,available,backorder,19018,Philips,philips,256950.0,THẾ GIỚI ĐIỆN MÁY GIA DỤNG,243982.0,1882.0,Điện Gia Dụng,2026-08-15,False,0.0,False,8816000,0.0,0.0,False,>1.5tr,0%,Máy pha cà phê,0
278848074,3324086592526,Lò vi sóng Hafele HC-MW251FB - 538.31.271 - Hàng chính hãng,2514000,2514000,0,0,1.0,1,1.0,available,backorder,205197,HAFELE,hafele,129683.0,Nội Thất TTD,119798.0,1882.0,Điện Gia Dụng,2026-08-15,True,1.0,False,2514000,0.0,0.0,False,>1.5tr,0%,Lò vi sóng/nướng,1
278849129,1084456438679,Máy làm sữa hạt Bear DJJ-D06W5 (SMM-4H06S)  - 1 Lít - Hàng Chính Hãng,854000,1490000,636000,43,5.0,2,11.0,available,instock,198523,Bear,bear,1.0,Tiki Trading,40395.0,1882.0,Điện Gia Dụng,2026-08-15,True,11.0,False,1490000,42.68456375838926,0.31543624161074035,False,700k-1.5tr,30-50%,Máy làm sữa hạt,2
278849267,5498820361516,Máy vắt cam tự động Bear CZJ-A04B1 (JU-4H04X) - Hàng Chính Hãng,253000,480000,227000,47,0.0,0,16.0,available,instock,198523,Bear,bear,1.0,Tiki Trading,40395.0,1882.0,Điện Gia Dụng,2026-08-15,True,16.0,False,480000,47.291666666666664,0.2916666666666643,False,100-300k,30-50%,Khác / Chưa phân loại,0
278850217,4045365693934,Máy xay cầm tay Bear SB-MX04K - Hàng Chính Hãng,520000,950000,430000,45,3.3,7,21.0,available,instock,198523,Bear,bear,1.0,Tiki Trading,40395.0,1882.0,Điện Gia Dụng,2026-08-15,True,21.0,False,950000,45.26315789473684,0.2631578947368425,False,300-700k,30-50%,Máy xay,7
278850359,6100819825947,"Máy pha cà phê nóng và lạnh Drip nhỏ giọt, hoàn toàn mới. Thương hiệu Hà Lan cao cấp Philips Morgen HD7997. HÀNG CHÍNH HÃNG",8816000,8816000,0,0,0.0,0,,available,backorder,19018,Philips,philips,208147.0,SIÊU THỊ ĐIỆN MÁY GIA DỤNG,195179.0,1882.0,Điện Gia Dụng,2026-08-15,False,0.0,False,8816000,0.0,0.0,False,>1.5tr,0%,Máy pha cà phê,0
278852221,4057757732616,Máy xay ăn dặm Bear 0.3L CH-4H02S  - Hàng Chính Hãng,458000,850000,392000,46,0.0,0,2.0,available,instock,198523,Bear,bear,1.0,Tiki Trading,40395.0,1882.0,Điện Gia Dụng,2026-08-15,True,2.0,False,850000,46.11764705882353,0.117647058823529,False,300-700k,30-50%,Máy xay,0
278852392,4586868712356,Máy xay ăn dặm Bear 0.3L CH-5H02D24 - Hàng Chính Hãng,362000,650000,288000,44,0.0,0,10.0,available,instock,198523,Bear,bear,1.0,Tiki Trading,40395.0,1882.0,Điện Gia Dụng,2026-08-15,True,10.0,False,650000,44.30769230769231,0.3076923076923066,False,300-700k,30-50%,Máy xay,0
278856451,7936402478826,Bếp Điện Từ KAFF KF - XL79IH Master - Hàng chính hãng,15000000,15000000,0,0,0.0,0,,available,backorder,154221,KAFF,kaff,143120.0,AHA BẾP,132099.0,1882.0,Điện Gia Dụng,2026-08-15,False,0.0,False,15000000,0.0,0.0,False,>1.5tr,0%,Bếp điện/từ,0
278861999,3103932038451, Bếp từ 2 vùng nấu Hafele HC-I3732A - 536.61.736 - Hàng chính hãng,13055000,13055000,0,0,0.0,0,,available,backorder,205197,HAFELE,hafele,129683.0,Nội Thất TTD,119798.0,1882.0,Điện Gia Dụng,2026-08-15,False,0.0,False,13055000,0.0,0.0,False,>1.5tr,0%,Bếp điện/từ,0
278862121,4727921321598,Máy pha cà phê dùng pin cầm tay Espresso 3 trong 1 HiBREW Thương hiệu Mỹ H4C - Pha nóng lạnh - HÀNG NHẬP KHẨU (BẢO HÀNH 12 THÁNG),5879000,5879000,0,0,0.0,0,,available,backorder,556975,HiBREW,hibrew,112137.0,DC THẾ GIỚI PHỤ KIỆN CÔNG NGHỆ Ô TÔ,103749.0,1882.0,Điện Gia Dụng,2026-08-15,False,0.0,False,5879000,0.0,0.0,False,>1.5tr,0%,Máy pha cà phê,0
278881159,9516915845945,Máy Xay Sinh Tố TIGER SLB-A10W 1 Lít - Hàng chính hãng,11000000,11000000,0,0,0.0,0,,available,backorder,79440,Tiger,tiger,165778.0,TIGER OFFICIAL FLAGSHIP STORE,152771.0,1882.0,Điện Gia Dụng,2026-08-15,False,0.0,False,11000000,0.0,0.0,False,>1.5tr,0%,Máy xay,0
278881233,8230453274834,Chảo Điện TIGER CRL-A30W - Hàng Chính Hãng,6160000,6160000,0,0,0.0,0,,available,backorder,79440,Tiger,tiger,165778.0,TIGER OFFICIAL FLAGSHIP STORE,152771.0,1882.0,Điện Gia Dụng,2026-08-15,False,0.0,False,6160000,0.0,0.0,False,>1.5tr,0%,Nồi/Chảo (khác),0
278899137,7743099769150,Bếp từ đôi Hafele HS-I5521FG - 536.66.850 Hàng Chính Hãng,2927000,5890000,2963000,50,0.0,0,3.0,available,instock,205197,HAFELE,hafele,1.0,Tiki Trading,40395.0,1882.0,Điện Gia Dụng,2026-08-15,True,3.0,False,5890000,50.30560271646859,0.3056027164685915,False,>1.5tr,30-50%,Bếp điện/từ,0
278901229,1425265850156,"[ HÀNG NHẬP KHẨU] Máy rang hạt cà phê và các loại hạt tự động, thương hiệu Pháp cao cấp RAF - R.15601",1784000,1784000,0,0,0.0,0,,available,backorder,7998755,RAF,raf,112137.0,DC THẾ GIỚI PHỤ KIỆN CÔNG NGHỆ Ô TÔ,103749.0,1882.0,Điện Gia Dụng,2026-08-15,False,0.0,False,1784000,0.0,0.0,False,>1.5tr,0%,Khác / Chưa phân loại,0
278907834,2838575100594,Máy rang hạt cà phê và các loại hạt tự động thương hiệu Pháp cao cấp RAF R.15601 - Công suất 800W - Hàng nhập khẩu,1784000,1784000,0,0,0.0,0,1.0,available,backorder,7998755,RAF,raf,112115.0,TỔNG KHO ĐIỆN MÁY - GIA DỤNG,103730.0,1882.0,Điện Gia Dụng,2026-08-15,True,1.0,False,1784000,0.0,0.0,False,>1.5tr,0%,Khác / Chưa phân loại,0
278911008,2622064854427,"Nồi lẩu điện khay rời Kalpen P33 dung tích 5L công suất 1600W, bảo hành 2 năm - Hàng chính hãng",1999000,1999000,0,0,0.0,0,,available,backorder,5043913,kalpen,kalpen,125683.0,M2P Shop,116136.0,1882.0,Điện Gia Dụng,2026-08-15,False,0.0,False,1999000,0.0,0.0,False,>1.5tr,0%,Nồi lẩu điện,0
278917248,9757270776366,Nồi chiên không dầu Elmich AFE0493 - Hàng chính hãng,2303000,3219000,916000,28,0.0,0,3.0,available,instock,31627,Elmich,elmich,1.0,Tiki Trading,40395.0,1882.0,Điện Gia Dụng,2026-08-15,True,3.0,False,3219000,28.456042249145696,0.45604224914569613,False,>1.5tr,20-30%,Nồi chiên không dầu,0
278922364,5414446372236,Máy pha viên nén Trà và Cafe Wells Home Cafe [TẶNG KÈM Khay đựng viên nén] - Hàng chính hãng,14800000,14800000,0,0,0.0,0,,out_of_stock,instock,8114589,Wells,wells,,,,,,2026-08-15,False,0.0,True,14800000,0.0,0.0,False,>1.5tr,0%,Khác / Chưa phân loại,0
278941689,6333492573057,"Nồi Nấu Chậm 2L Elmich SCE-8525: Chuyên Gia Nấu Cháo, Kho Cá, Chưng Yến - Hàng chính hãng",1350000,1350000,0,0,0.0,0,5.0,available,backorder,31627,Elmich,elmich,125683.0,M2P Shop,116136.0,1896.0,"Nồi tiềm, nồi nấu cháo",2026-08-15,True,5.0,False,1350000,0.0,0.0,False,700k-1.5tr,0%,Nồi/Chảo (khác),0
278955702,5846871325339,Bình đun siêu tốc Sharp EKJ-17EVPS - RD dung tích 1.7 lít - Hàng chính hãng - Đỏ ,432000,680000,248000,36,0.0,0,3.0,available,instock,19912,Sharp,sharp,1.0,Tiki Trading,40395.0,1931.0,Bình đun siêu tốc,2026-08-15,True,3.0,False,680000,36.470588235294116,0.470588235294116,False,300-700k,30-50%,Ấm đun nước/Bình siêu tốc,0
278965425,2409680331459,Nồi cơm nắp gài Lock&Lock 1.5 lít EJR442IVY - Hàng chính hãng,895900,1432000,536100,37,5.0,1,1.0,available,instock,48077,LocknLock,locknlock,1.0,Tiki Trading,40395.0,1919.0,Nồi cơm nắp gài,2026-08-15,True,1.0,False,1432000,37.437150837988824,0.43715083798882404,False,700k-1.5tr,30-50%,Nồi cơm điện,1
278965429,5754073038519,"Nồi Cơm Điện Tử Masuto MSCookerAI Dung Tích 1,5L Biết Nói Tiếng Việt, Lòng Nồi Ceramic Chống Dính Cao Cấp, Đa Năng Với 7 Chế Độ Nấu, Có Hẹn Giờ - Hàng Chính Hãng",1507000,1507000,0,0,0.0,0,,available,backorder,545391,Masuto,masuto,173338.0,SMARTWATCH,160374.0,1918.0,Nồi cơm điện tử,2026-08-15,False,0.0,False,1507000,0.0,0.0,False,>1.5tr,0%,Nồi cơm điện,0
278966034,1604799597172,"Bếp từ đơn Đức SP-09T công suất 2000W, bảo hành 3 năm - Hàng chính hãng",1750000,1750000,0,0,0.0,0,,available,backorder,510565,Smaragd,smaragd,125683.0,M2P Shop,116136.0,23808.0,Bếp điện từ đơn,2026-08-15,False,0.0,False,1750000,0.0,0.0,False,>1.5tr,0%,Bếp điện/từ,0
278966314,4169542636414,Nồi cơm điện nắp gài Philips HD3212/32 - hàng chính hãng,1035000,1299000,264000,20,0.0,0,,available,instock,19018,Philips,philips,1.0,Tiki Trading,40395.0,1919.0,Nồi cơm nắp gài,2026-08-15,False,0.0,False,1299000,20.323325635103924,0.32332563510392376,False,700k-1.5tr,10-20%,Nồi cơm điện,0
278966316,4423836050282,Nồi cơm nắp gài Philips 1.8 lít HD3213/31 - Hàng chính hãng,1307000,1599000,292000,18,5.0,1,2.0,available,instock,19018,Philips,philips,1.0,Tiki Trading,40395.0,1919.0,Nồi cơm nắp gài,2026-08-15,True,2.0,False,1599000,18.2614133833646,0.2614133833646015,False,700k-1.5tr,10-20%,Nồi cơm điện,1
278967612,9260117154376,Máy xay sinh tố Philips HR3041/00 - Hàng chính hãng,2107000,2850000,743000,26,0.0,0,2.0,available,instock,19018,Philips,philips,1.0,Tiki Trading,40395.0,24062.0,Máy xay sinh tố gia đình,2026-08-15,True,2.0,False,2850000,26.070175438596493,0.07017543859649322,False,>1.5tr,20-30%,Máy xay,0
278968010,3077842080780,Máy ép trái cây Philips HR1832/00 - Hàng chính hãng,1700000,2390000,690000,29,0.0,0,1.0,available,instock,19018,Philips,philips,1.0,Tiki Trading,40395.0,67132.0,Máy ép nhanh,2026-08-15,True,1.0,False,2390000,28.870292887029287,0.12970711297071347,False,>1.5tr,20-30%,Máy ép,0
278988516,8172670301381,Bếp điện từ LocknLock Induction Cooker 2000W - Màu đen - EJI351BLK - Hàng chính hãng,1243100,2005000,761900,38,0.0,0,3.0,available,instock,48077,LocknLock,locknlock,1.0,Tiki Trading,40395.0,23808.0,Bếp điện từ đơn,2026-08-15,True,3.0,False,2005000,38.0,0.0,False,700k-1.5tr,30-50%,Bếp điện/từ,0
278989141,1722478775876,"Nồi cơm điện LocknLock 220V, 50Hz, 700W, 1.8L – Màu ngà - EJR462IVY - Hàng chính hãng",1312540,2117000,804460,38,0.0,0,1.0,available,instock,48077,LocknLock,locknlock,1.0,Tiki Trading,40395.0,1919.0,Nồi cơm nắp gài,2026-08-15,True,1.0,False,2117000,38.0,0.0,False,700k-1.5tr,30-50%,Nồi cơm điện,0
278989351,7387875145652,Nồi chiên không dầu điện tử Sharp 6.8 lít KF-AF68EPV - Hàng chính hãng,2990000,2990000,0,0,0.0,0,1.0,available,backorder,19912,Sharp,sharp,162514.0,Long Hưng Official Store,149585.0,8123.0,Nồi chiên,2026-08-15,True,1.0,False,2990000,0.0,0.0,False,>1.5tr,0%,Nồi chiên không dầu,0
278989381,6906647453685,"Nồi Nấu Chậm 1,6L Bear SUBE002 Đa Năng Bản Tiếng Viết - Hồng - Hàng Chính Hãng",769000,1350000,581000,43,0.0,0,1.0,available,instock,198523,Bear,bear,1.0,Tiki Trading,40395.0,1896.0,"Nồi tiềm, nồi nấu cháo",2026-08-15,True,1.0,False,1350000,43.03703703703704,0.03703703703703809,False,700k-1.5tr,30-50%,Nồi/Chảo (khác),0
278992468,1358379168656,Máy xay thịt đa năng Philips HR1501/00 1 lít - Hàng chính hãng,643000,790000,147000,19,5.0,2,15.0,available,instock,19018,Philips,philips,1.0,Tiki Trading,40395.0,2110.0,Máy xay thịt,2026-08-15,True,15.0,False,790000,18.60759493670886,0.39240506329113956,False,300-700k,10-20%,Máy xay,2
278992552,7984517401257,Nồi cơm điện tử Philips 1.8 lít HD4717/30 - Hàng chính hãng,1441000,2060000,619000,30,0.0,0,1.0,available,instock,19018,Philips,philips,1.0,Tiki Trading,40395.0,1918.0,Nồi cơm điện tử,2026-08-15,True,1.0,False,2060000,30.04854368932039,0.04854368932038966,False,700k-1.5tr,20-30%,Nồi cơm điện,0
278993785,2593016351811,"Ấm Đun Nước Siêu Tốc, Bình Nước Siêu Tốc Giữ Nhiệt SFIAPRT ST130 Thủy Tinh Dung Tích 2.8 lít - HÀNG CHÍNH HÃNG MINIIN",149000,149000,0,0,0.0,0,2.0,available,backorder,5132069,MINIIN,miniin,134678.0,Smarthome29,124367.0,1931.0,Bình đun siêu tốc,2026-08-15,True,2.0,False,149000,0.0,0.0,False,100-300k,0%,Ấm đun nước/Bình siêu tốc,0
278996456,9902111700961,"Máy Xay Sinh Tố Cầm Tay LocknLock Vacuum Portable Blender EJJ346IVY 475ml, Hàng Chính Hãng, Chức Năng Hút Chân Không - JoyMall",1097940,1893000,795060,42,0.0,0,2.0,available,backorder,48077,LocknLock,locknlock,38510.0,JoyMall LocknLock Chính Hãng,37780.0,2850.0,Máy xay cầm tay,2026-08-15,True,2.0,False,1893000,42.0,0.0,False,700k-1.5tr,30-50%,Máy xay,0
279003324,7147293610843,"Máy pha cà phê bán tự động Espresso, Cappuccino, Latte thương hiệu Mỹ cao cấp HiBREW H10B - Hàng Nhập Khẩu",4350000,4350000,0,0,0.0,0,,available,backorder,556975,HiBREW,hibrew,112115.0,TỔNG KHO ĐIỆN MÁY - GIA DỤNG,103730.0,1882.0,Điện Gia Dụng,2026-08-15,False,0.0,False,4350000,0.0,0.0,False,>1.5tr,0%,Máy pha cà phê,0
279005687,1695942101744,Máy pha cà phê espresso DeLonghi Dedica Duo EC890.PK - Hàng Chính Hãng,10980000,10980000,0,0,0.0,0,,available,backorder,155511,DeLonghi,delonghi,355771.0,DeLonghi Official Store,343479.0,24040.0,Máy pha cà phê gia đình,2026-08-15,False,0.0,False,10980000,0.0,0.0,False,>1.5tr,0%,Máy pha cà phê,0
279008359,6771032910210,Lò vi sóng Bluestone 20L MOB-7817 - Hàng chính hãng,2490000,2490000,0,0,0.0,0,,available,backorder,18977,Bluestone,bluestone,162514.0,Long Hưng Official Store,149585.0,2036.0,Lò vi sóng cơ,2026-08-15,False,0.0,False,2490000,0.0,0.0,False,>1.5tr,0%,Lò vi sóng/nướng,0
279008805,4462011955363,Nồi cơm điện nắp gài Philips 1.8 lít HD3213/31 - Hàng chính hãng,2499000,2499000,0,0,0.0,0,,available,backorder,19018,Philips,philips,162514.0,Long Hưng Official Store,149585.0,1919.0,Nồi cơm nắp gài,2026-08-15,False,0.0,False,2499000,0.0,0.0,False,>1.5tr,0%,Nồi cơm điện,0
279010187,1679664198954,"Máy Xay Sinh Tố Cầm Tay Elmich BLE9215 400ml, Hàng Chính Hãng,Lưỡi Dao 10 Cánh,Xay Nhanh 40s-JoyMall",800000,800000,0,0,0.0,0,,available,backorder,31627,Elmich,elmich,292665.0,JoyMall Official,279987.0,2850.0,Máy xay cầm tay,2026-08-15,False,0.0,False,800000,0.0,0.0,False,700k-1.5tr,0%,Máy xay,0
279055083,1689788045951,Bộ máy ấp trứng cacbon tích hợp đèn led chiếu sáng bên trong cho gà vịt ngan ngỗng hàng nhập khẩu,399000,399000,0,0,0.0,0,1.0,available,backorder,5351035,FTAKY,ftaky,137089.0,Thiết Bị Mới,126576.0,8728.0,Đồ dùng nhà bếp khác,2026-08-15,True,1.0,False,399000,0.0,0.0,False,300-700k,0%,Khác / Chưa phân loại,0
279055860,9398465277184,"Bếp hồng ngoại Koreno Thái Lan KN-867 công suất 2200W tặng kèm vỉ nướng, bảo hành 12 tháng - Hàng chính hãng",1450000,1450000,0,0,0.0,0,,available,backorder,421431,Bennix,bennix,125683.0,M2P Shop,116136.0,23814.0,Bếp hồng ngoại đơn,2026-08-15,False,0.0,False,1450000,0.0,0.0,False,700k-1.5tr,0%,Bếp điện/từ,0
279061899,6419847576906,"Máy pha cà phê Espresso, Cappuccino, Latte. Thương hiệu Mỹ cao cấp HiBREW - H5B. HÀNG CHÍNH HÃNG",3130000,3130000,0,0,0.0,0,,available,backorder,556975,HiBREW,hibrew,208147.0,SIÊU THỊ ĐIỆN MÁY GIA DỤNG,195179.0,24040.0,Máy pha cà phê gia đình,2026-08-15,False,0.0,False,3130000,0.0,0.0,False,>1.5tr,0%,Máy pha cà phê,0
279071474,8688489555658,Ấm đun siêu tốc Joyoung JEK-188 Hàng Chính Hãng,473000,590000,117000,20,0.0,0,4.0,available,instock,111315,Joyoung,joyoung,1.0,Tiki Trading,40395.0,1931.0,Bình đun siêu tốc,2026-08-15,True,4.0,False,590000,19.830508474576273,0.16949152542372659,False,300-700k,10-20%,Ấm đun nước/Bình siêu tốc,0
279073978,9403715306328,Nồi lẩu đa năng Bear 1.2 lít MC-4H12J - Hàng chính hãng,599000,599000,0,0,0.0,0,,available,backorder,198523,Bear,bear,162514.0,Long Hưng Official Store,149585.0,1895.0,Nồi lẩu điện,2026-08-15,False,0.0,False,599000,0.0,0.0,False,300-700k,0%,Nồi lẩu điện,0
279077706,4672908992140,"Ấm Đun Siêu Tốc Thủy Tinh Elmich Smartcook ICS-3859 1,7L 1850W, Hàng Chính Hãng, Tự Ngắt - Joymall",610000,610000,0,0,0.0,0,1.0,available,backorder,31627,Elmich,elmich,292665.0,JoyMall Official,279987.0,1931.0,Bình đun siêu tốc,2026-08-15,True,1.0,False,610000,0.0,0.0,False,300-700k,0%,Ấm đun nước/Bình siêu tốc,0
279077935,4646286191164,Máy xay thịt đa năng Joyoung JFC-808 Hàng Chính Hãng,544000,1090000,546000,50,0.0,0,3.0,available,instock,111315,Joyoung,joyoung,1.0,Tiki Trading,40395.0,2110.0,Máy xay thịt,2026-08-15,True,3.0,False,1090000,50.091743119266056,0.09174311926605583,False,300-700k,30-50%,Máy xay,0
279077941,8236344733128,Máy đun nước pha sữa thông minh cho bé Joyoung JBM-530 Hàng Chính Hãng,593000,999000,406000,41,0.0,0,6.0,available,instock,111315,Joyoung,joyoung,1.0,Tiki Trading,40395.0,1931.0,Bình đun siêu tốc,2026-08-15,True,6.0,False,999000,40.64064064064064,0.3593593593593596,False,300-700k,30-50%,Khác / Chưa phân loại,0
279077946,6692712242025,Nồi lẩu đa năng Joyoung JHP-218 Hàng Chính Hãng,657000,1090000,433000,40,0.0,0,,available,instock,111315,Joyoung,joyoung,1.0,Tiki Trading,40395.0,5313.0,Nồi đa năng,2026-08-15,False,0.0,False,1090000,39.72477064220183,0.2752293577981675,False,300-700k,30-50%,Nồi lẩu điện,0
279081796,3420337630734,"Ấm Đun Siêu Tốc Elmich KEE9141WG 1.8L 2200W, Hàng Chính Hãng, Inox 304, Đế Xoay 360 Độ - JoyMall",999000,999000,0,0,0.0,0,,available,backorder,31627,Elmich,elmich,292665.0,JoyMall Official,279987.0,1931.0,Bình đun siêu tốc,2026-08-15,False,0.0,False,999000,0.0,0.0,False,700k-1.5tr,0%,Ấm đun nước/Bình siêu tốc,0
279081845,7620297292393,"Ấm Đun Siêu Tốc Elmich Smartcook KES-3857 1.5L, Hàng Chính Hãng, Thân Inox 304 Đúc Liền - JoyMall",690000,690000,0,0,0.0,0,,available,backorder,31627,Elmich,elmich,292665.0,JoyMall Official,279987.0,1931.0,Bình đun siêu tốc,2026-08-15,False,0.0,False,690000,0.0,0.0,False,300-700k,0%,Ấm đun nước/Bình siêu tốc,0
279090506,9350068595096,Bếp Gas Mini/ Du Lịch Cao Cấp NaMilux NH-P3012PS/MLN-202PS / Van Ngắt Gas An Toàn 2 Cấp Tự Động - Giải Pháp Chống Nổ/ Hàng Chính Hãng,349000,479000,130000,27,0.0,0,1.0,available,backorder,113919,NaMilux,namilux,240.0,NaMilux Official Store,198.0,1882.0,Điện Gia Dụng,2026-08-15,True,1.0,False,479000,27.139874739039666,0.13987473903966574,False,300-700k,20-30%,Bếp điện/từ,0
279092220,7408574056087,Bếp Gas Mini Cao Cấp Ngắt Gas An Toàn 2S NH-P3320AS/MLN232SS │Giải Pháp Chống Nổ Lon Gas│Công Suất 2.6 Kw (2.200 kcal/giờ)│Hàng Chính Hãng,359000,479000,120000,25,5.0,1,,available,backorder,113919,NaMilux,namilux,240.0,NaMilux Official Store,198.0,1882.0,Điện Gia Dụng,2026-08-15,False,0.0,False,479000,25.052192066805844,0.052192066805844206,False,300-700k,20-30%,Bếp điện/từ,1
279116489,6295792696975,"Ấm Đun Nước Trên Bếp Elmich EL8279 2.5L, Hàng Chính Hãng, Inox 304, Còi Báo Tự Động - JoyMall",899000,899000,0,0,0.0,0,1.0,available,backorder,31627,Elmich,elmich,292665.0,JoyMall Official,279987.0,1931.0,Bình đun siêu tốc,2026-08-15,True,1.0,False,899000,0.0,0.0,False,700k-1.5tr,0%,Ấm đun nước/Bình siêu tốc,0
279122291,6877209922732,Máy xay hạt cà phê Espresso chuyên nghiệp. Thương hiệu Mỹ cao cấp HiBREW - G3 Plus. HÀNG CHÍNH HÃNG,4255000,4255000,0,0,0.0,0,,available,backorder,556975,HiBREW,hibrew,208147.0,SIÊU THỊ ĐIỆN MÁY GIA DỤNG,195179.0,24050.0,Máy xay cà phê,2026-08-15,False,0.0,False,4255000,0.0,0.0,False,>1.5tr,0%,Máy xay,0
279122344,8087339222560,"Bếp Điện Từ Đơn Elmich ICE-8903 1800W, Hàng Chính Hãng, Mặt Kính Ceramic - JoyMall",2119000,2119000,0,0,0.0,0,,available,backorder,31627,Elmich,elmich,292665.0,JoyMall Official,279987.0,23808.0,Bếp điện từ đơn,2026-08-15,False,0.0,False,2119000,0.0,0.0,False,>1.5tr,0%,Bếp điện/từ,0
279122409,8708575653463,"Máy Làm Sữa Chua Elmich YME0296 15W, Hàng Chính Hãng, Cảm Ứng Điện Tử, Nồi Ủ Inox - JoyMall",999000,999000,0,0,0.0,0,,available,backorder,31627,Elmich,elmich,292665.0,JoyMall Official,279987.0,2026.0,Máy làm sữa chua,2026-08-15,False,0.0,False,999000,0.0,0.0,False,700k-1.5tr,0%,Máy làm sữa chua,0
279122427,2498307475230,"Máy Làm Sữa Chua Elmich YME0297 8W, Hàng Chính Hãng, Cảm Ứng Điện Tử, 4 Hũ Thủy Tinh 200ml - JoyMall",999000,999000,0,0,0.0,0,,available,backorder,31627,Elmich,elmich,292665.0,JoyMall Official,279987.0,2026.0,Máy làm sữa chua,2026-08-15,False,0.0,False,999000,0.0,0.0,False,700k-1.5tr,0%,Máy làm sữa chua,0
279122591,4421282924241,"Nồi cơm điện Lê Bên Làng LBL0581, dung tích 1.2L, công suất 350W, thiết kế hiện đại, bảo hành 2 năm - hàng chính hãng",1039200,1299000,259800,20,0.0,0,,available,backorder,409339,GALUZ,galuz,4568.0,Săn Hàng Rẻ,4515.0,1919.0,Nồi cơm nắp gài,2026-08-15,False,0.0,False,1299000,20.0,0.0,False,700k-1.5tr,10-20%,Khác / Chưa phân loại,0
279124430,2493941925989,"HÀNG CHÍNH HÃNG - Máy pha cà phê bán tự động Espresso, Cappuccino, Latte. Thương hiệu Mỹ cao cấp HiBREW - H10B",4352000,4352000,0,0,0.0,0,,available,backorder,556975,HiBREW,hibrew,208147.0,SIÊU THỊ ĐIỆN MÁY GIA DỤNG,195179.0,1882.0,Điện Gia Dụng,2026-08-15,False,0.0,False,4352000,0.0,0.0,False,>1.5tr,0%,Máy pha cà phê,0
279124523,8092843483837,"Máy pha cà phê chuyên nghiệp Espresso, Cappuccino, Latte thương hiệu Mỹ cao cấp HiBREW H10 - Công suất 1350W - Hàng chính hãng",6118000,6118000,0,0,0.0,0,,available,backorder,556975,HiBREW,hibrew,256950.0,THẾ GIỚI ĐIỆN MÁY GIA DỤNG,243982.0,24040.0,Máy pha cà phê gia đình,2026-08-15,False,0.0,False,6118000,0.0,0.0,False,>1.5tr,0%,Máy pha cà phê,0
279124525,5518698495963,"Máy pha cà phê chuyên nghiệp Espresso, Cappuccino, Latte thương hiệu Mỹ cao cấp HiBREW H10 - Công suất 1350W - Hàng nhập khẩu",6118000,6118000,0,0,0.0,0,,available,backorder,556975,HiBREW,hibrew,112115.0,TỔNG KHO ĐIỆN MÁY - GIA DỤNG,103730.0,24040.0,Máy pha cà phê gia đình,2026-08-15,False,0.0,False,6118000,0.0,0.0,False,>1.5tr,0%,Máy pha cà phê,0
279127198,2198138422989,"Máy Xay Thịt inox Haatz HMG168 (CIM382) - 1 Cối inox 2,5L - 1 Cối Thủy Tinh 0,6L - 500W Kèm Phụ Kiện Đánh Ruốc - Hàng Chính Hãng Bảo Hành 2 Năm",595000,1000000,405000,41,0.0,0,,available,backorder,8260410,Haatz,haatz,360957.0,Seka Official Store,348665.0,1882.0,Điện Gia Dụng,2026-08-15,False,0.0,False,1000000,40.5,0.5,False,300-700k,30-50%,Máy xay,0
279127779,4814776961191,"Nồi nấu chậm, kho cá, ninh xương Koreno Thái Lan 2.5L KN-825 - hàng chính hãng",1000000,1000000,0,0,0.0,0,,available,backorder,421431,Bennix,bennix,125683.0,M2P Shop,116136.0,1896.0,"Nồi tiềm, nồi nấu cháo",2026-08-15,False,0.0,False,1000000,0.0,0.0,False,700k-1.5tr,0%,Nồi/Chảo (khác),0
279143499,4216613262499,Bếp từ đơn Hafele HS-I281FG 2000W (Tặng Kèm Nồi ) - Hàng Chính Hãng  536.61.991,1345000,2190000,845000,39,0.0,0,6.0,available,instock,205197,HAFELE,hafele,1.0,Tiki Trading,40395.0,23808.0,Bếp điện từ đơn,2026-08-15,True,6.0,False,2190000,38.58447488584475,0.4155251141552512,False,700k-1.5tr,30-50%,Bếp điện/từ,0
279143523,1574662323578,Máy ép chậm Hafele HS-J81SG - Hàng Chính Hãng ( 535.43.394),1662000,2490000,828000,33,0.0,0,,available,instock,205197,HAFELE,hafele,1.0,Tiki Trading,40395.0,67133.0,Máy ép chậm,2026-08-15,False,0.0,False,2490000,33.25301204819277,0.25301204819277245,False,>1.5tr,30-50%,Máy ép,0
279143583,2735862745224,[New] Máy ép chậm HAFELE HS-J130SG  Hàng Chính hãng (535.43.396 ),2611000,3990000,1379000,35,0.0,0,,available,instock,205197,HAFELE,hafele,1.0,Tiki Trading,40395.0,67133.0,Máy ép chậm,2026-08-15,False,0.0,False,3990000,34.56140350877193,0.43859649122806843,False,>1.5tr,30-50%,Máy ép,0
279143635,1721322999659,[New] Máy xay sinh tố Hafele HS-B1521TB Hàng Chính Hãng (535.44.163),685000,1090000,405000,37,0.0,0,3.0,available,instock,205197,HAFELE,hafele,1.0,Tiki Trading,40395.0,24062.0,Máy xay sinh tố gia đình,2026-08-15,True,3.0,False,1090000,37.15596330275229,0.15596330275229064,False,300-700k,30-50%,Máy xay,0
279144514,1253457867336,[New] Máy xay sinh tố Hafele HS-B1531TX Hàng Chính Hãng (535.44.162),910000,1290000,380000,29,0.0,0,1.0,available,instock,205197,HAFELE,hafele,1.0,Tiki Trading,40395.0,24062.0,Máy xay sinh tố gia đình,2026-08-15,True,1.0,False,1290000,29.457364341085274,0.4573643410852739,False,700k-1.5tr,20-30%,Máy xay,0
279144544,9168688596198,"Bếp Điện Từ Đơn Elmich ICE-8878 1800W, Hàng Chính Hãng, Mặt Kính Ceramic - JoyMall",2309000,2309000,0,0,0.0,0,,available,backorder,31627,Elmich,elmich,292665.0,JoyMall Official,279987.0,23808.0,Bếp điện từ đơn,2026-08-15,False,0.0,False,2309000,0.0,0.0,False,>1.5tr,0%,Bếp điện/từ,0
279144565,7352649130663,"Ấm Đun Nước Siêu Tốc Elmich KEE9144 1.7L 1850W, Hàng Chính Hãng, Inox 304, Đun Sôi Nhanh 45s-JoyMall",990000,990000,0,0,0.0,0,,available,backorder,31627,Elmich,elmich,292665.0,JoyMall Official,279987.0,1931.0,Bình đun siêu tốc,2026-08-15,False,0.0,False,990000,0.0,0.0,False,700k-1.5tr,0%,Ấm đun nước/Bình siêu tốc,0
279148488,8123090901013,Nồi Chiên Không Dầu Hafele HS-AF1102B -  Hàng Chính Hãng (535.43.715),2130000,4500000,2370000,53,0.0,0,1.0,available,instock,205197,HAFELE,hafele,1.0,Tiki Trading,40395.0,8123.0,Nồi chiên,2026-08-15,True,1.0,False,4500000,52.666666666666664,0.3333333333333357,False,>1.5tr,>50%,Nồi chiên không dầu,0
279159523,7337319926530,"Nồi áp suất điện đa năng Gu Me Hàn Quốc GM-PC2838 dung tích 6L, công suất 1000W - Hàng chính hãng",2205000,2450000,245000,10,0.0,0,,available,backorder,745391,Happy home pro,happy-home-pro,125683.0,M2P Shop,116136.0,1894.0,Nồi áp suất điện,2026-08-15,False,0.0,False,2450000,10.0,0.0,False,>1.5tr,0-10%,Nồi áp suất,0
279159599,4914051024936,"Máy xay hạt cà phê Espresso cầm tay, dùng pin. Thương hiệu Mỹ cao cấp HiBREW - G5 MINI - HÀNG CHÍNH HÃNG",3832000,3832000,0,0,0.0,0,,available,backorder,556975,HiBREW,hibrew,208147.0,SIÊU THỊ ĐIỆN MÁY GIA DỤNG,195179.0,24050.0,Máy xay cà phê,2026-08-15,False,0.0,False,3832000,0.0,0.0,False,>1.5tr,0%,Máy xay,0
279170877,6336073328391,Lò vi sóng điện tử Panasonic NN-ST34NBYUE Dung tích 25L - Hàng chính hãng ,3114000,3590000,476000,13,0.0,0,1.0,available,instock,18804,Panasonic,panasonic,1.0,Tiki Trading,40395.0,2035.0,Lò vi sóng điện tử,2026-08-15,True,1.0,False,3590000,13.259052924791087,0.2590529247910869,False,>1.5tr,10-20%,Lò vi sóng/nướng,0
279170892,4614743624319,Nồi cơm điện tử Panasonic SR-DK104WRA/SR-DK184WRA - Hàng Chính Hãng,2155000,2750000,595000,22,0.0,0,,available,instock,18804,Panasonic,panasonic,1.0,Tiki Trading,40395.0,1918.0,Nồi cơm điện tử,2026-08-15,False,0.0,False,2750000,21.636363636363637,0.3636363636363633,False,>1.5tr,20-30%,Nồi cơm điện,0
279170993,7584042689746,Máy xay thịt Philips HR1501/00 - Hàng chính hãng,1190000,1190000,0,0,0.0,0,,available,backorder,19018,Philips,philips,162514.0,Long Hưng Official Store,149585.0,2110.0,Máy xay thịt,2026-08-15,False,0.0,False,1190000,0.0,0.0,False,700k-1.5tr,0%,Máy xay,0
279173340,4271207565594,Nồi chiên không dầu Bluestone 7 lít AFB-5858 - Hàng chính hãng,2490000,2490000,0,0,0.0,0,,available,backorder,18977,Bluestone,bluestone,162514.0,Long Hưng Official Store,149585.0,8123.0,Nồi chiên,2026-08-15,False,0.0,False,2490000,0.0,0.0,False,>1.5tr,0%,Nồi chiên không dầu,0
279174251,8973168949077,Kẹp nướng bánh sandwich TIROSS TS9676 - Hàng chính hãng,690000,690000,0,0,0.0,0,,available,backorder,25706,Tiross,tiross,99996.0,Tiross Hà Nội,92694.0,2044.0,Vỉ nướng điện,2026-08-15,False,0.0,False,690000,0.0,0.0,False,300-700k,0%,Khác / Chưa phân loại,0
279174469,6004860453374,Kẹp nướng bánh sandwich Tiross TS9678 - Hàng chính hãng,675000,675000,0,0,0.0,0,,available,backorder,25706,Tiross,tiross,99996.0,Tiross Hà Nội,92694.0,2044.0,Vỉ nướng điện,2026-08-15,False,0.0,False,675000,0.0,0.0,False,300-700k,0%,Khác / Chưa phân loại,0
279183779,8351807022326,Nồi Điện Đa Năng 4 Trong 1 EJP421WHT LocknLock 2.0L - Hàng chính hãng,1377500,2375000,997500,42,2.0,1,3.0,available,instock,48077,LocknLock,locknlock,1.0,Tiki Trading,40395.0,5313.0,Nồi đa năng,2026-08-15,True,3.0,False,2375000,42.0,0.0,False,700k-1.5tr,30-50%,Nồi/Chảo (khác),1
279189851,7145202524172,Dung dịch tẩy cặn máy pha cà phê DeLonghi EcoDecalk 500ml – Vệ Sinh An Toàn - Hiệu Quả - Hàng Chính Hãng,560000,560000,0,0,0.0,0,1.0,available,backorder,155511,DeLonghi,delonghi,355771.0,DeLonghi Official Store,343479.0,24054.0,Phụ kiện máy pha cà phê,2026-08-15,True,1.0,False,560000,0.0,0.0,False,300-700k,0%,Máy pha cà phê,0
279196793,6727041269355,Bếp từ đơn Elmich ICE9296 - Hàng Chính Hãng,1558000,2289000,731000,32,0.0,0,9.0,available,instock,31627,Elmich,elmich,1.0,Tiki Trading,40395.0,23808.0,Bếp điện từ đơn,2026-08-15,True,9.0,False,2289000,31.93534294451726,0.06465705548274059,False,>1.5tr,30-50%,Bếp điện/từ,0
279196951,1052378160725,"Máy Xay Bột Khô Đa Năng Seka SKM90 (SK200) Xay 800g Xoay 90 Độ, Xay Mọi Thực Phẩm - Hàng Chính Hãng",863000,1650000,787000,48,0.0,0,,available,backorder,632677,SEKA,seka,360957.0,Seka Official Store,348665.0,1882.0,Điện Gia Dụng,2026-08-15,False,0.0,False,1650000,47.696969696969695,0.30303030303030454,False,700k-1.5tr,30-50%,Máy xay,11
279199220,2020789791316,"Nồi áp suất cơ Elmich 5L PCE-8792, công suất lớn 1000W, dung tích 5L - Hàng chính hãng",1971000,2520000,549000,22,4.3,12,4.0,available,instock,31627,Elmich,elmich,1.0,Tiki Trading,40395.0,1882.0,Điện Gia Dụng,2026-08-15,True,4.0,False,2520000,21.785714285714285,0.2142857142857153,False,>1.5tr,20-30%,Nồi áp suất,12
279201049,6123483089720,"Nồi Lẩu Điện Đa Năng 5L CREEN CR-HP05 Thiết Kế Tháo Rời Độc Đáo, 1500W Bảo Hành 12 Tháng - Hàng Chính Hãng",812000,1500000,688000,46,0.0,0,,available,backorder,5405693,Creen,creen,195742.0,Điện Máy Vymart,182775.0,1895.0,Nồi lẩu điện,2026-08-15,False,0.0,False,1500000,45.86666666666667,0.13333333333333286,False,700k-1.5tr,30-50%,Nồi lẩu điện,0
279201051,4380276438957,"Máy Làm Sữa Hạt Đa Năng Creen CR-1000 PRO, Dung Tích 1L, 950W, Hàng Chính Hãng Bảo Hành 12 Tháng",786000,1500000,714000,48,0.0,0,,available,backorder,5405693,Creen,creen,195742.0,Điện Máy Vymart,182775.0,2025.0,Máy làm sữa đậu nành,2026-08-15,False,0.0,False,1500000,47.599999999999994,0.4000000000000057,False,700k-1.5tr,30-50%,Máy làm sữa hạt,0
279215102,1354519824439,Ấm đun siêu tốc 1.2L giảm âm LocknLock Silent Electric Kettle - Màu trắng EJK216WHT - Hàng chính hãng,1169280,2016000,846720,42,0.0,0,2.0,available,instock,8126075,Lock&Lock,lock-lock,1.0,Tiki Trading,40395.0,1931.0,Bình đun siêu tốc,2026-08-15,True,2.0,False,2016000,42.0,0.0,False,700k-1.5tr,30-50%,Ấm đun nước/Bình siêu tốc,0
279218560,9945038346864,Nồi Áp Suất Điện TIGER COK-B40W 2.5L - Hàng chính hãng ,8640000,8640000,0,0,0.0,0,,available,backorder,79440,Tiger,tiger,165778.0,TIGER OFFICIAL FLAGSHIP STORE,152771.0,1894.0,Nồi áp suất điện,2026-08-15,False,0.0,False,8640000,0.0,0.0,False,>1.5tr,0%,Nồi áp suất,0
279226289,9582430870244,Nồi cơm điện tử Philips 1.8 lít HD4814/31 - Hàng chính hãng,1772000,2360000,588000,25,0.0,0,,available,instock,19018,Philips,philips,1.0,Tiki Trading,40395.0,1918.0,Nồi cơm điện tử,2026-08-15,False,0.0,False,2360000,24.91525423728814,0.08474576271186152,False,>1.5tr,20-30%,Nồi cơm điện,0
279226296,9214728085101,Nồi chiên không dầu Philips 7.1 lít NA150/00 - Hàng chính hãng,3449000,4420000,971000,22,0.0,0,,available,instock,19018,Philips,philips,1.0,Tiki Trading,40395.0,8123.0,Nồi chiên,2026-08-15,False,0.0,False,4420000,21.968325791855204,0.03167420814479627,False,>1.5tr,20-30%,Nồi chiên không dầu,0
279230834,1805119922691,"Máy xay sinh tố đa năng 2 cối Kalpen B10 công suất 500W, chuẩn Đức",1395000,1550000,155000,10,0.0,0,,available,backorder,5043913,kalpen,kalpen,125683.0,M2P Shop,116136.0,24062.0,Máy xay sinh tố gia đình,2026-08-15,False,0.0,False,1550000,10.0,0.0,False,700k-1.5tr,0-10%,Máy xay,0
279242972,5344102903151,Nồi Cơm Điện Lock&Lock Mechanical Rice Cooker EJR426WHT 0.8 Lít - Hàng chính hãng,671060,1157000,485940,42,5.0,1,16.0,available,instock,48077,LocknLock,locknlock,1.0,Tiki Trading,40395.0,1919.0,Nồi cơm nắp gài,2026-08-15,True,16.0,False,1157000,42.0,0.0,False,300-700k,30-50%,Nồi cơm điện,1
279254018,9326820375403,Nồi cơm điện nắp rời Bluestone 1.8 lít CRB-5419 - Hàng chính hãng,899000,1490000,591000,40,0.0,0,,available,backorder,18977,Bluestone,bluestone,162514.0,Long Hưng Official Store,149585.0,1920.0,Nồi cơm nắp rời,2026-08-15,False,0.0,False,1490000,39.664429530201346,0.3355704697986539,False,700k-1.5tr,30-50%,Nồi cơm điện,0
279277061,8031783409625,"Máy xay sinh tố đa năng Philips HR2223/00 công suất 700W, 3 cối - Hàng chính hãng",1939500,2155000,215500,10,0.0,0,,available,backorder,19018,Philips,philips,125683.0,M2P Shop,116136.0,24062.0,Máy xay sinh tố gia đình,2026-08-15,False,0.0,False,2155000,10.0,0.0,False,>1.5tr,0-10%,Máy xay,0
279277063,4163756625647,"Máy xay sinh tố đa năng Philips HR2223/00 công suất 700W, 3 cối - Hàng chính hãng",1939500,2155000,215500,10,0.0,0,,available,backorder,19018,Philips,philips,125683.0,M2P Shop,116136.0,24062.0,Máy xay sinh tố gia đình,2026-08-15,False,0.0,False,2155000,10.0,0.0,False,>1.5tr,0-10%,Máy xay,0
279280337,5675344612248,"Cốc Đựng Sữa Chua LocknLock TO-GO LCB413 600ml 2 Lớp Có Kèm Muỗng, Hàng Chính Hãng - JoyMall",138040,238000,99960,42,0.0,0,,available,backorder,48077,LocknLock,locknlock,38510.0,JoyMall LocknLock Chính Hãng,37780.0,2026.0,Máy làm sữa chua,2026-08-15,False,0.0,False,238000,42.0,0.0,False,100-300k,30-50%,Khác / Chưa phân loại,0
279280426,1143297603707,Bếp Từ Đơn BlueStone ICB-6729 2000W - Hàng chính hãng,1198000,1699000,501000,29,0.0,0,2.0,available,instock,18977,Bluestone,bluestone,1.0,Tiki Trading,40395.0,23808.0,Bếp điện từ đơn,2026-08-15,True,2.0,False,1699000,29.487934078869927,0.4879340788699267,False,700k-1.5tr,20-30%,Bếp điện/từ,0
279280430,3573431784229,Lò Vi Sóng BlueStone MOB-7708B 20 Lít 1050W - Hàng Chính Hãng,1437000,1999000,562000,28,5.0,1,1.0,available,instock,18977,Bluestone,bluestone,1.0,Tiki Trading,40395.0,2036.0,Lò vi sóng cơ,2026-08-15,True,1.0,False,1999000,28.114057028514257,0.11405702851425659,False,700k-1.5tr,20-30%,Lò vi sóng/nướng,1
279280448,8782076796338,Nồi Cơm Điện Tử BlueStone RCB-5938 1.8 Lít 860W - Hàng chính hãng,1198000,2299000,1101000,48,0.0,0,,available,instock,18977,Bluestone,bluestone,1.0,Tiki Trading,40395.0,1918.0,Nồi cơm điện tử,2026-08-15,False,0.0,False,2299000,47.890387124836884,0.10961287516311558,False,700k-1.5tr,30-50%,Nồi cơm điện,0
279280455,5126781611609,Bếp từ đơn BlueStone ICB-6618 2000W - Hàng chính hãng,774000,1099000,325000,30,5.0,1,11.0,available,instock,18977,Bluestone,bluestone,1.0,Tiki Trading,40395.0,23808.0,Bếp điện từ đơn,2026-08-15,True,11.0,False,1099000,29.572338489535944,0.42766151046405554,False,700k-1.5tr,20-30%,Bếp điện/từ,1
279290085,2597171907364,Nồi áp suất điện đa năng Elmich PCE9151 dung tích 3L - Hàng chính hãng,1818000,2600000,782000,30,0.0,0,,available,instock,31627,Elmich,elmich,1.0,Tiki Trading,40395.0,1894.0,Nồi áp suất điện,2026-08-15,False,0.0,False,2600000,30.07692307692308,0.0769230769230802,False,>1.5tr,20-30%,Nồi áp suất,0
279291191,9751790124964,Máy xay tỏi ớt cầm tay SAMONO SW-L4 - Hàng chính hãng,129000,159000,30000,19,0.0,0,,available,backorder,5717579,Samono,samono,162514.0,Long Hưng Official Store,149585.0,2111.0,Máy xay cắt đa năng,2026-08-15,False,0.0,False,159000,18.867924528301888,0.13207547169811207,False,100-300k,10-20%,Máy xay,0
279291835,9651511491983,Máy xay cầm tay Braun - MQ5235WH CN - Hàng chính hãng,1345000,1999000,654000,33,5.0,1,6.0,available,instock,48649,Braun,braun,1.0,Tiki Trading,40395.0,2850.0,Máy xay cầm tay,2026-08-15,True,6.0,False,1999000,32.716358179089546,0.28364182091045365,False,700k-1.5tr,30-50%,Máy xay,1
279299841,6410726072645,"Nồi Điện Đa Năng LocknLock Electric Multi Pot 220V, 50Hz, 600W, 2.0L - Màu Mint - EJP156 - Hàng chính hãng",1412000,1412000,0,0,5.0,1,5.0,available,instock,48077,LocknLock,locknlock,1.0,Tiki Trading,40395.0,5313.0,Nồi đa năng,2026-08-15,True,5.0,False,1412000,0.0,0.0,False,700k-1.5tr,0%,Nồi/Chảo (khác),1
279306919,6490269399837,Nồi Lẩu Điện 2 Ngăn 8L BEAR DHG-E80H5 (HP-5H80M47) - Hàng Chính Hãng,1164000,2290000,1126000,49,0.0,0,,available,instock,198523,Bear,bear,1.0,Tiki Trading,40395.0,1895.0,Nồi lẩu điện,2026-08-15,False,0.0,False,2290000,49.1703056768559,0.1703056768558966,False,700k-1.5tr,30-50%,Nồi lẩu điện,0
279307152,6151430784220,Nồi điện đa năng Bear 1.6L DRG-C16Z1 (MC-4H16G)  800W Màu Xanh Lá - Hàng Chính Hãng,365000,750000,385000,51,0.0,0,5.0,available,instock,198523,Bear,bear,1.0,Tiki Trading,40395.0,5313.0,Nồi đa năng,2026-08-15,True,5.0,False,750000,51.33333333333333,0.3333333333333286,False,300-700k,>50%,Nồi/Chảo (khác),0
279307384,3444636753643,Ấm Đun Siêu Tốc 1.5L BEAR ZDH-E15S6 (EKT-155GK) |  - Hàng Chính Hãng,295000,550000,255000,46,5.0,2,12.0,available,instock,198523,Bear,bear,1.0,Tiki Trading,40395.0,1931.0,Bình đun siêu tốc,2026-08-15,True,12.0,False,550000,46.36363636363636,0.36363636363635976,False,100-300k,30-50%,Ấm đun nước/Bình siêu tốc,2
279308096,5988112097052,Nồi cơm điện tử ruột inox 316 Hàn Quốc RC1430 tặng kèm ruột phủ sứ - Hàng chính hãng,2519100,2799000,279900,10,0.0,0,,available,backorder,745391,Happy home pro,happy-home-pro,125683.0,M2P Shop,116136.0,1918.0,Nồi cơm điện tử,2026-08-15,False,0.0,False,2799000,10.0,0.0,False,>1.5tr,0-10%,Nồi cơm điện,0
279313719,7615039922228,"Máy xay cầm tay Smeg HBF03RDEU Đỏ – Thiết kế Retro 50’s, công suất 700W - Hàng Chính Hãng",4060000,4698000,638000,14,0.0,0,,available,instock,4258823,Smeg,smeg,1.0,Tiki Trading,40395.0,2850.0,Máy xay cầm tay,2026-08-15,False,0.0,False,4698000,13.580246913580247,0.4197530864197532,False,>1.5tr,10-20%,Máy xay,0
279317400,3263877166683,"(Phiên Bản Mới) Máy Làm Sữa Hạt Đa Năng 1,5L SEKA E600 Chống Trào, Chống Ồn, 8 Chức Năng - Hàng Chính Hãng",1046000,1750000,704000,40,4.7,12,54.0,available,backorder,632677,SEKA,seka,195742.0,Điện Máy Vymart,182775.0,1882.0,Điện Gia Dụng,2026-08-15,True,54.0,False,1750000,40.22857142857143,0.22857142857142776,False,700k-1.5tr,30-50%,Máy làm sữa hạt,12
279331262,4791263000330,"Máy Xay Sinh Tố Cầm Tay CREEN CR-BL800, Dung tích 800ml 80W, Pin Lithium 3000mAh, Lưỡi Kép 38 Cánh - Hàng Chính Hãng",249000,400000,151000,38,0.0,0,1.0,available,backorder,5405693,Creen,creen,195742.0,Điện Máy Vymart,182775.0,2850.0,Máy xay cầm tay,2026-08-15,True,1.0,False,400000,37.75,0.25,False,100-300k,30-50%,Máy xay,0
279340623,5210405383594,Máy xay sinh tố cầm tay không dây Kalpen B11 công suất 150W dung tích 500ml pin sạc lithium 4000mAh Hàng chính hãng,945000,1050000,105000,10,0.0,0,,available,backorder,5043913,kalpen,kalpen,125683.0,M2P Shop,116136.0,2850.0,Máy xay cầm tay,2026-08-15,False,0.0,False,1050000,10.0,0.0,False,700k-1.5tr,0-10%,Máy xay,0
279344400,6560208219613,Lò vi sóng Bluestone 20L MOB-7815 - Hàng chính hãng,1990000,2690000,700000,26,0.0,0,,available,backorder,18977,Bluestone,bluestone,162514.0,Long Hưng Official Store,149585.0,2036.0,Lò vi sóng cơ,2026-08-15,False,0.0,False,2690000,26.022304832713754,0.022304832713754053,False,>1.5tr,20-30%,Lò vi sóng/nướng,0
279344410,4765313433879,Máy làm sữa hạt đa năng Bluestone SMB-7327 - Hàng chính hãng,1990000,1990000,0,0,0.0,0,,available,backorder,18977,Bluestone,bluestone,162514.0,Long Hưng Official Store,149585.0,2025.0,Máy làm sữa đậu nành,2026-08-15,False,0.0,False,1990000,0.0,0.0,False,>1.5tr,0%,Máy làm sữa hạt,0
279353569,2494250652208,Máy làm sữa hạt Bear PBJ- F01G1 (HB-5H01K52) Màu Kem -  Hàng Chính Hãng,1080000,2150000,1070000,50,5.0,1,3.0,available,instock,198523,Bear,bear,1.0,Tiki Trading,40395.0,2025.0,Máy làm sữa đậu nành,2026-08-15,True,3.0,False,2150000,49.76744186046512,0.23255813953488058,False,700k-1.5tr,30-50%,Máy làm sữa hạt,1
279353575,3531732727251,Nồi Nấu Chậm Bear 1L SC-4H10E - Hàng Chính Hãng,486000,860000,374000,43,0.0,0,6.0,available,instock,198523,Bear,bear,1.0,Tiki Trading,40395.0,1896.0,"Nồi tiềm, nồi nấu cháo",2026-08-15,True,6.0,False,860000,43.48837209302325,0.48837209302325135,False,300-700k,30-50%,Nồi/Chảo (khác),0
279358800,4707614108967,Máy Pha Cà Phê Tự Động Bear KFJ-P02T7 (CFM-025RU) - Hàng Chính Hãng,935000,1860000,925000,50,5.0,1,4.0,available,instock,198523,Bear,bear,1.0,Tiki Trading,40395.0,24040.0,Máy pha cà phê gia đình,2026-08-15,True,4.0,False,1860000,49.73118279569893,0.26881720430107237,False,700k-1.5tr,30-50%,Máy pha cà phê,1
279361834,8371369572076,Nồi Nấu Chậm BlueStone SCB-6119 1 Lít 200W - Hàng Chính Hãng,694000,999000,305000,31,0.0,0,2.0,available,instock,18977,Bluestone,bluestone,1.0,Tiki Trading,40395.0,5313.0,Nồi đa năng,2026-08-15,True,2.0,False,999000,30.53053053053053,0.46946946946946966,False,300-700k,30-50%,Nồi/Chảo (khác),0
279361935,7568934994062,"Máy Xay Bột Khô Seka SKM90 (SK200) Đa Năng, Xay Bột Mịn, Nghiền Ngũ Cốc, Hạt Khô - Hàng Chính Hãng",854000,1350000,496000,37,0.0,0,4.0,available,backorder,632677,SEKA,seka,360957.0,Seka Official Store,348665.0,1882.0,Điện Gia Dụng,2026-08-15,True,4.0,False,1350000,36.74074074074074,0.2592592592592595,False,700k-1.5tr,30-50%,Máy xay,0
279371788,6061982202307,Nồi cơm điện tử Tiger JBV-S10W 1.0L - Hàng Chính Hãng,2515000,4280000,1765000,41,0.0,0,1.0,available,instock,79440,Tiger,tiger,1.0,Tiki Trading,40395.0,1918.0,Nồi cơm điện tử,2026-08-15,True,1.0,False,4280000,41.23831775700935,0.23831775700934799,False,>1.5tr,30-50%,Nồi cơm điện,0
279372445,2519840366281,Hộp cơm điện hẹn giờ BEAR DFH-C15D2 (LB-4H15W) - Hàng Chính Hãng,361000,720000,359000,50,5.0,1,5.0,available,instock,198523,Bear,bear,1.0,Tiki Trading,40395.0,5313.0,Nồi đa năng,2026-08-15,True,5.0,False,720000,49.861111111111114,0.13888888888888573,False,300-700k,30-50%,Hộp đựng thực phẩm,1
279373384,9917252896370,Nồi cơm điện nắp gài Zojirushi NS-RPQ18V-FZ - 1.8 Lít - Hàng Chính Hãng,2004000,2990000,986000,33,0.0,0,,available,instock,40722,Zojirushi,zojirushi,1.0,Tiki Trading,40395.0,1919.0,Nồi cơm nắp gài,2026-08-15,False,0.0,False,2990000,32.97658862876254,0.023411371237457956,False,>1.5tr,30-50%,Nồi cơm điện,0
279373928,9447054365808,Bình đun siêu tốc Tiger PCD-A10W - Dung tích 1.0L Màu Đồng - Hàng Chính Hãng,1242000,2290000,1048000,46,0.0,0,,available,instock,79440,Tiger,tiger,1.0,Tiki Trading,40395.0,1931.0,Bình đun siêu tốc,2026-08-15,False,0.0,False,2290000,45.76419213973799,0.23580786026200684,False,700k-1.5tr,30-50%,Ấm đun nước/Bình siêu tốc,0
279376911,5974630320812,Máy Xay Sinh Tố Cầm Tay Mini 340ml Pin Sạc 4000mAh Type-C 8 Lưỡi Nghiền Đá Cốc Xay Hoa Quả Du Lịch - HÀNG CHÍNH HÃNG MINIIN,189000,189000,0,0,0.0,0,4.0,available,backorder,5132069,MINIIN,miniin,134678.0,Smarthome29,124367.0,2850.0,Máy xay cầm tay,2026-08-15,True,4.0,False,189000,0.0,0.0,False,100-300k,0%,Máy xay,0
279390202,8180008357817,Nồi cơm điện tử Sharp 1.8 lít KS-PR18ETV - Hàng chính hãng,2390000,2390000,0,0,0.0,0,,available,backorder,19912,Sharp,sharp,162514.0,Long Hưng Official Store,149585.0,1918.0,Nồi cơm điện tử,2026-08-15,False,0.0,False,2390000,0.0,0.0,False,>1.5tr,0%,Nồi cơm điện,0
279396403,5119707991269,Nồi chiên không dầu phun sương Masuto MSKing 6L - 2 tầng đốt không cần trở lật - Hàng chính hãng,1835000,1835000,0,0,0.0,0,,available,backorder,545391,Masuto,masuto,173338.0,SMARTWATCH,160374.0,8123.0,Nồi chiên,2026-08-15,False,0.0,False,1835000,0.0,0.0,False,>1.5tr,0%,Nồi chiên không dầu,0
279399106,5566599053234,Máy Đánh Trứng Tạo Bọt Cafe Mini Cầm Tay Sokany SK-1772 Có 3 Tốc Độ,169000,169000,0,0,0.0,0,1.0,available,instock,421185,SOKANY,sokany,115414.0,Gold,106729.0,2108.0,Máy đánh trứng,2026-08-15,True,1.0,False,169000,0.0,0.0,False,100-300k,0%,Máy đánh trứng,0
279468338,8895077583343,Nồi cơm điện tử cao tần Kalpen R14 dung tích 1.8L  lòng nồi Inox 304 chuẩn Đức - Hàng chính hãng,4499100,4999000,499900,10,0.0,0,,available,backorder,5043913,kalpen,kalpen,125683.0,M2P Shop,116136.0,1918.0,Nồi cơm điện tử,2026-08-15,False,0.0,False,4999000,10.0,0.0,False,>1.5tr,0-10%,Nồi cơm điện,0
279579392,2801896218063,MÁY XAY SINH TỐ COOKQUEEN Hàn Quốc hàng chính hãng,1390000,1390000,0,0,0.0,0,,available,backorder,25229,Bosch,bosch,20256.0,Telovietnam,19746.0,1882.0,Điện Gia Dụng,2026-08-15,False,0.0,False,1390000,0.0,0.0,False,700k-1.5tr,0%,Máy xay,0
